ISO-10303-21;
HEADER;
FILE_DESCRIPTION((''),'2;1');
FILE_NAME('C-2367197-4','2020-03-04T08:09:56',('workeradm'),(
'TE Connectivity Ltd.'),'CREO PARAMETRIC BY PTC INC, 2019292',
'CREO PARAMETRIC BY PTC INC, 2019292','');
FILE_SCHEMA(('AUTOMOTIVE_DESIGN { 1 0 10303 214 1 1 1 1 }'));
ENDSEC;
DATA;
#134=DIRECTION('',(1.E0,0.E0,0.E0));
#135=VECTOR('',#134,2.4E-1);
#136=CARTESIAN_POINT('',(-2.49E0,1.4E0,-4.2E0));
#137=LINE('',#136,#135);
#138=DIRECTION('',(0.E0,0.E0,1.E0));
#139=VECTOR('',#138,1.E-1);
#140=CARTESIAN_POINT('',(-2.25E0,1.4E0,-4.3E0));
#141=LINE('',#140,#139);
#142=DIRECTION('',(-1.E0,0.E0,0.E0));
#143=VECTOR('',#142,4.5E0);
#144=CARTESIAN_POINT('',(2.25E0,1.4E0,-4.3E0));
#145=LINE('',#144,#143);
#146=DIRECTION('',(0.E0,0.E0,-1.E0));
#147=VECTOR('',#146,1.E-1);
#148=CARTESIAN_POINT('',(2.25E0,1.4E0,-4.2E0));
#149=LINE('',#148,#147);
#150=DIRECTION('',(1.E0,0.E0,0.E0));
#151=VECTOR('',#150,2.4E-1);
#152=CARTESIAN_POINT('',(2.25E0,1.4E0,-4.2E0));
#153=LINE('',#152,#151);
#154=DIRECTION('',(0.E0,0.E0,1.E0));
#155=VECTOR('',#154,1.1E0);
#156=CARTESIAN_POINT('',(2.49E0,1.4E0,-4.2E0));
#157=LINE('',#156,#155);
#158=DIRECTION('',(-1.E0,0.E0,0.E0));
#159=VECTOR('',#158,5.1E-1);
#160=CARTESIAN_POINT('',(3.E0,1.4E0,-3.1E0));
#161=LINE('',#160,#159);
#162=DIRECTION('',(0.E0,0.E0,1.E0));
#163=VECTOR('',#162,3.1E0);
#164=CARTESIAN_POINT('',(3.E0,1.4E0,-3.1E0));
#165=LINE('',#164,#163);
#166=DIRECTION('',(-1.E0,0.E0,0.E0));
#167=VECTOR('',#166,6.E0);
#168=CARTESIAN_POINT('',(3.E0,1.4E0,0.E0));
#169=LINE('',#168,#167);
#170=DIRECTION('',(0.E0,0.E0,-1.E0));
#171=VECTOR('',#170,3.1E0);
#172=CARTESIAN_POINT('',(-3.E0,1.4E0,0.E0));
#173=LINE('',#172,#171);
#174=DIRECTION('',(1.E0,0.E0,0.E0));
#175=VECTOR('',#174,5.1E-1);
#176=CARTESIAN_POINT('',(-3.E0,1.4E0,-3.1E0));
#177=LINE('',#176,#175);
#178=DIRECTION('',(0.E0,0.E0,1.E0));
#179=VECTOR('',#178,1.1E0);
#180=CARTESIAN_POINT('',(-2.49E0,1.4E0,-4.2E0));
#181=LINE('',#180,#179);
#182=DIRECTION('',(-1.E0,0.E0,0.E0));
#183=VECTOR('',#182,4.E0);
#184=CARTESIAN_POINT('',(2.E0,1.4E0,-1.05E0));
#185=LINE('',#184,#183);
#186=DIRECTION('',(0.E0,0.E0,1.E0));
#187=VECTOR('',#186,8.5E-1);
#188=CARTESIAN_POINT('',(2.E0,1.4E0,-1.9E0));
#189=LINE('',#188,#187);
#190=DIRECTION('',(1.E0,0.E0,0.E0));
#191=VECTOR('',#190,4.E0);
#192=CARTESIAN_POINT('',(-2.E0,1.4E0,-1.9E0));
#193=LINE('',#192,#191);
#194=DIRECTION('',(0.E0,0.E0,1.E0));
#195=VECTOR('',#194,8.5E-1);
#196=CARTESIAN_POINT('',(-2.E0,1.4E0,-1.9E0));
#197=LINE('',#196,#195);
#198=DIRECTION('',(0.E0,1.E0,0.E0));
#199=VECTOR('',#198,9.E-1);
#200=CARTESIAN_POINT('',(-1.6E0,-1.4E0,-4.2E0));
#201=LINE('',#200,#199);
#202=DIRECTION('',(1.E0,0.E0,0.E0));
#203=VECTOR('',#202,6.5E-1);
#204=CARTESIAN_POINT('',(-2.25E0,-5.E-1,-4.2E0));
#205=LINE('',#204,#203);
#206=DIRECTION('',(0.E0,-1.E0,0.E0));
#207=VECTOR('',#206,1.9E0);
#208=CARTESIAN_POINT('',(-2.25E0,1.4E0,-4.2E0));
#209=LINE('',#208,#207);
#210=DIRECTION('',(0.E0,-1.E0,0.E0));
#211=VECTOR('',#210,1.000058775655E-1);
#212=CARTESIAN_POINT('',(-2.49E0,1.4E0,-4.2E0));
#213=LINE('',#212,#211);
#214=DIRECTION('',(0.E0,1.E0,0.E0));
#215=VECTOR('',#214,1.256765861743E0);
#216=CARTESIAN_POINT('',(-2.49E0,4.322826069125E-2,-4.2E0));
#217=LINE('',#216,#215);
#218=DIRECTION('',(0.E0,-1.E0,0.E0));
#219=VECTOR('',#218,1.432282606913E-1);
#220=CARTESIAN_POINT('',(-2.49E0,4.322826069125E-2,-4.2E0));
#221=LINE('',#220,#219);
#222=DIRECTION('',(1.E0,0.E0,0.E0));
#223=VECTOR('',#222,5.1E-1);
#224=CARTESIAN_POINT('',(-3.E0,-1.E-1,-4.2E0));
#225=LINE('',#224,#223);
#226=DIRECTION('',(0.E0,-1.E0,0.E0));
#227=VECTOR('',#226,1.3E0);
#228=CARTESIAN_POINT('',(-3.E0,-1.E-1,-4.2E0));
#229=LINE('',#228,#227);
#230=DIRECTION('',(0.E0,1.E0,0.E0));
#231=VECTOR('',#230,9.E-1);
#232=CARTESIAN_POINT('',(-6.E-1,-1.4E0,-4.2E0));
#233=LINE('',#232,#231);
#234=DIRECTION('',(1.E0,0.E0,0.E0));
#235=VECTOR('',#234,8.E-1);
#236=CARTESIAN_POINT('',(-1.4E0,-5.E-1,-4.2E0));
#237=LINE('',#236,#235);
#238=DIRECTION('',(0.E0,1.E0,0.E0));
#239=VECTOR('',#238,9.E-1);
#240=CARTESIAN_POINT('',(-1.4E0,-1.4E0,-4.2E0));
#241=LINE('',#240,#239);
#242=DIRECTION('',(0.E0,1.E0,0.E0));
#243=VECTOR('',#242,9.E-1);
#244=CARTESIAN_POINT('',(4.E-1,-1.4E0,-4.2E0));
#245=LINE('',#244,#243);
#246=DIRECTION('',(1.E0,0.E0,0.E0));
#247=VECTOR('',#246,8.E-1);
#248=CARTESIAN_POINT('',(-4.E-1,-5.E-1,-4.2E0));
#249=LINE('',#248,#247);
#250=DIRECTION('',(0.E0,1.E0,0.E0));
#251=VECTOR('',#250,9.E-1);
#252=CARTESIAN_POINT('',(-4.E-1,-1.4E0,-4.2E0));
#253=LINE('',#252,#251);
#254=DIRECTION('',(0.E0,1.E0,0.E0));
#255=VECTOR('',#254,9.E-1);
#256=CARTESIAN_POINT('',(1.6E0,-1.4E0,-4.2E0));
#257=LINE('',#256,#255);
#258=DIRECTION('',(-1.E0,0.E0,0.E0));
#259=VECTOR('',#258,5.1E-1);
#260=CARTESIAN_POINT('',(3.E0,-1.E-1,-4.2E0));
#261=LINE('',#260,#259);
#262=DIRECTION('',(0.E0,-1.E0,0.E0));
#263=VECTOR('',#262,1.432282606913E-1);
#264=CARTESIAN_POINT('',(2.49E0,4.322826069125E-2,-4.2E0));
#265=LINE('',#264,#263);
#266=DIRECTION('',(0.E0,1.E0,0.E0));
#267=VECTOR('',#266,1.256765861743E0);
#268=CARTESIAN_POINT('',(2.49E0,4.322826069125E-2,-4.2E0));
#269=LINE('',#268,#267);
#270=DIRECTION('',(0.E0,-1.E0,0.E0));
#271=VECTOR('',#270,1.000058775655E-1);
#272=CARTESIAN_POINT('',(2.49E0,1.4E0,-4.2E0));
#273=LINE('',#272,#271);
#274=DIRECTION('',(0.E0,-1.E0,0.E0));
#275=VECTOR('',#274,1.9E0);
#276=CARTESIAN_POINT('',(2.25E0,1.4E0,-4.2E0));
#277=LINE('',#276,#275);
#278=DIRECTION('',(1.E0,0.E0,0.E0));
#279=VECTOR('',#278,6.5E-1);
#280=CARTESIAN_POINT('',(1.6E0,-5.E-1,-4.2E0));
#281=LINE('',#280,#279);
#282=DIRECTION('',(0.E0,1.E0,0.E0));
#283=VECTOR('',#282,9.E-1);
#284=CARTESIAN_POINT('',(1.4E0,-1.4E0,-4.2E0));
#285=LINE('',#284,#283);
#286=DIRECTION('',(1.E0,0.E0,0.E0));
#287=VECTOR('',#286,8.E-1);
#288=CARTESIAN_POINT('',(6.E-1,-5.E-1,-4.2E0));
#289=LINE('',#288,#287);
#290=DIRECTION('',(0.E0,1.E0,0.E0));
#291=VECTOR('',#290,9.E-1);
#292=CARTESIAN_POINT('',(6.E-1,-1.4E0,-4.2E0));
#293=LINE('',#292,#291);
#294=CARTESIAN_POINT('',(-1.6E0,-1.384048647150E0,-3.945609580863E0));
#295=DIRECTION('',(-1.E0,0.E0,0.E0));
#296=DIRECTION('',(0.E0,-7.071085871966E-1,7.071049751719E-1));
#297=AXIS2_PLACEMENT_3D('',#294,#295,#296);
#299=DIRECTION('',(0.E0,7.071049751719E-1,7.071085871966E-1));
#300=VECTOR('',#299,3.760570691286E-1);
#301=CARTESIAN_POINT('',(-1.6E0,-1.756026843330E0,-4.105456933873E0));
#302=LINE('',#301,#300);
#303=CARTESIAN_POINT('',(-1.6E0,-1.862158836621E0,-3.999456933873E0));
#304=DIRECTION('',(1.E0,0.E0,0.E0));
#305=DIRECTION('',(0.E0,-4.440892098501E-14,-1.E0));
#306=AXIS2_PLACEMENT_3D('',#303,#304,#305);
#308=DIRECTION('',(0.E0,1.E0,0.E0));
#309=VECTOR('',#308,2.328274522473E-1);
#310=CARTESIAN_POINT('',(-1.6E0,-2.094986288868E0,-4.149456933873E0));
#311=LINE('',#310,#309);
#312=CARTESIAN_POINT('',(-1.6E0,-2.094986288868E0,-4.249504622437E0));
#313=DIRECTION('',(-1.E0,0.E0,0.E0));
#314=DIRECTION('',(0.E0,5.770407903416E-14,-1.E0));
#315=AXIS2_PLACEMENT_3D('',#312,#313,#314);
#317=DIRECTION('',(0.E0,-1.E0,0.E0));
#318=VECTOR('',#317,5.822452388940E-1);
#319=CARTESIAN_POINT('',(-1.6E0,-1.512741049974E0,-4.349552311E0));
#320=LINE('',#319,#318);
#321=CARTESIAN_POINT('',(-1.6E0,-1.512741049974E0,-4.199552311E0));
#322=DIRECTION('',(-1.E0,0.E0,0.E0));
#323=DIRECTION('',(0.E0,7.237309492654E-1,-6.900822509495E-1));
#324=AXIS2_PLACEMENT_3D('',#321,#322,#323);
#326=DIRECTION('',(0.E0,-6.900822509494E-1,-7.237309492654E-1));
#327=VECTOR('',#326,1.515414574400E-2);
#328=CARTESIAN_POINT('',(-1.6E0,-1.393723800578E0,-4.292097124358E0));
#329=LINE('',#328,#327);
#330=CARTESIAN_POINT('',(-1.6E0,-1.285164158188E0,-4.395609462E0));
#331=DIRECTION('',(1.E0,0.E0,0.E0));
#332=DIRECTION('',(0.E0,0.E0,1.E0));
#333=AXIS2_PLACEMENT_3D('',#330,#331,#332);
#335=DIRECTION('',(0.E0,-1.E0,0.E0));
#336=VECTOR('',#335,7.851641581884E-1);
#337=CARTESIAN_POINT('',(-1.6E0,-5.E-1,-4.245609462E0));
#338=LINE('',#337,#336);
#339=CARTESIAN_POINT('',(-1.6E0,7.497341223456E-1,-2.960199266002E0));
#340=DIRECTION('',(1.E0,0.E0,0.E0));
#341=DIRECTION('',(0.E0,-1.E0,1.779511054234E-14));
#342=AXIS2_PLACEMENT_3D('',#339,#340,#341);
#344=DIRECTION('',(0.E0,0.E0,-1.E0));
#345=VECTOR('',#344,1.610199266002E0);
#346=CARTESIAN_POINT('',(-1.6E0,6.E-1,-1.35E0));
#347=LINE('',#346,#345);
#348=DIRECTION('',(0.E0,1.E0,0.E0));
#349=VECTOR('',#348,3.806405236529E-1);
#350=CARTESIAN_POINT('',(-1.6E0,2.193594763471E-1,-1.35E0));
#351=LINE('',#350,#349);
#352=DIRECTION('',(0.E0,5.442736473501E-2,9.985177324254E-1));
#353=VECTOR('',#352,1.652449372123E0);
#354=CARTESIAN_POINT('',(-1.6E0,1.294210116644E-1,-3.E0));
#355=LINE('',#354,#353);
#356=DIRECTION('',(0.E0,0.E0,1.E0));
#357=VECTOR('',#356,4.035399742770E-1);
#358=CARTESIAN_POINT('',(1.6E0,-1.4E0,-4.2E0));
#359=LINE('',#358,#357);
#360=DIRECTION('',(-1.E0,0.E0,0.E0));
#361=VECTOR('',#360,2.E-1);
#362=CARTESIAN_POINT('',(1.6E0,-1.4E0,-3.796460025723E0));
#363=LINE('',#362,#361);
#364=DIRECTION('',(0.E0,0.E0,1.E0));
#365=VECTOR('',#364,4.035399742770E-1);
#366=CARTESIAN_POINT('',(1.4E0,-1.4E0,-4.2E0));
#367=LINE('',#366,#365);
#368=DIRECTION('',(1.E0,0.E0,0.E0));
#369=VECTOR('',#368,8.E-1);
#370=CARTESIAN_POINT('',(6.E-1,-1.4E0,-4.2E0));
#371=LINE('',#370,#369);
#372=DIRECTION('',(0.E0,0.E0,1.E0));
#373=VECTOR('',#372,4.035399742770E-1);
#374=CARTESIAN_POINT('',(6.E-1,-1.4E0,-4.2E0));
#375=LINE('',#374,#373);
#376=DIRECTION('',(-1.E0,0.E0,0.E0));
#377=VECTOR('',#376,2.E-1);
#378=CARTESIAN_POINT('',(6.E-1,-1.4E0,-3.796460025723E0));
#379=LINE('',#378,#377);
#380=DIRECTION('',(0.E0,0.E0,1.E0));
#381=VECTOR('',#380,4.035399742770E-1);
#382=CARTESIAN_POINT('',(4.E-1,-1.4E0,-4.2E0));
#383=LINE('',#382,#381);
#384=DIRECTION('',(1.E0,0.E0,0.E0));
#385=VECTOR('',#384,8.E-1);
#386=CARTESIAN_POINT('',(-4.E-1,-1.4E0,-4.2E0));
#387=LINE('',#386,#385);
#388=DIRECTION('',(0.E0,0.E0,1.E0));
#389=VECTOR('',#388,4.035399742770E-1);
#390=CARTESIAN_POINT('',(-4.E-1,-1.4E0,-4.2E0));
#391=LINE('',#390,#389);
#392=DIRECTION('',(-1.E0,0.E0,0.E0));
#393=VECTOR('',#392,2.E-1);
#394=CARTESIAN_POINT('',(-4.E-1,-1.4E0,-3.796460025723E0));
#395=LINE('',#394,#393);
#396=DIRECTION('',(0.E0,0.E0,1.E0));
#397=VECTOR('',#396,4.035399742770E-1);
#398=CARTESIAN_POINT('',(-6.E-1,-1.4E0,-4.2E0));
#399=LINE('',#398,#397);
#400=DIRECTION('',(1.E0,0.E0,0.E0));
#401=VECTOR('',#400,8.E-1);
#402=CARTESIAN_POINT('',(-1.4E0,-1.4E0,-4.2E0));
#403=LINE('',#402,#401);
#404=DIRECTION('',(0.E0,0.E0,1.E0));
#405=VECTOR('',#404,4.035399742770E-1);
#406=CARTESIAN_POINT('',(-1.4E0,-1.4E0,-4.2E0));
#407=LINE('',#406,#405);
#408=DIRECTION('',(-1.E0,0.E0,0.E0));
#409=VECTOR('',#408,2.E-1);
#410=CARTESIAN_POINT('',(-1.4E0,-1.4E0,-3.796460025723E0));
#411=LINE('',#410,#409);
#412=DIRECTION('',(0.E0,0.E0,1.E0));
#413=VECTOR('',#412,4.035399742770E-1);
#414=CARTESIAN_POINT('',(-1.6E0,-1.4E0,-4.2E0));
#415=LINE('',#414,#413);
#416=DIRECTION('',(1.E0,0.E0,0.E0));
#417=VECTOR('',#416,1.4E0);
#418=CARTESIAN_POINT('',(-3.E0,-1.4E0,-4.2E0));
#419=LINE('',#418,#417);
#420=DIRECTION('',(0.E0,0.E0,-1.E0));
#421=VECTOR('',#420,2.7E0);
#422=CARTESIAN_POINT('',(-3.E0,-1.4E0,-1.5E0));
#423=LINE('',#422,#421);
#424=DIRECTION('',(1.E0,0.E0,0.E0));
#425=VECTOR('',#424,5.1E-1);
#426=CARTESIAN_POINT('',(-3.E0,-1.4E0,-1.5E0));
#427=LINE('',#426,#425);
#428=DIRECTION('',(0.E0,0.E0,1.E0));
#429=VECTOR('',#428,1.5E0);
#430=CARTESIAN_POINT('',(-2.49E0,-1.4E0,-1.5E0));
#431=LINE('',#430,#429);
#432=DIRECTION('',(-1.E0,0.E0,0.E0));
#433=VECTOR('',#432,2.4E-1);
#434=CARTESIAN_POINT('',(-2.25E0,-1.4E0,0.E0));
#435=LINE('',#434,#433);
#436=DIRECTION('',(0.E0,0.E0,-1.E0));
#437=VECTOR('',#436,3.3E0);
#438=CARTESIAN_POINT('',(-2.25E0,-1.4E0,0.E0));
#439=LINE('',#438,#437);
#440=DIRECTION('',(1.E0,0.E0,0.E0));
#441=VECTOR('',#440,4.5E0);
#442=CARTESIAN_POINT('',(-2.25E0,-1.4E0,-3.3E0));
#443=LINE('',#442,#441);
#444=DIRECTION('',(0.E0,0.E0,-1.E0));
#445=VECTOR('',#444,3.3E0);
#446=CARTESIAN_POINT('',(2.25E0,-1.4E0,0.E0));
#447=LINE('',#446,#445);
#448=DIRECTION('',(-1.E0,0.E0,0.E0));
#449=VECTOR('',#448,2.4E-1);
#450=CARTESIAN_POINT('',(2.49E0,-1.4E0,0.E0));
#451=LINE('',#450,#449);
#452=DIRECTION('',(0.E0,0.E0,1.E0));
#453=VECTOR('',#452,1.5E0);
#454=CARTESIAN_POINT('',(2.49E0,-1.4E0,-1.5E0));
#455=LINE('',#454,#453);
#456=DIRECTION('',(-1.E0,0.E0,0.E0));
#457=VECTOR('',#456,5.1E-1);
#458=CARTESIAN_POINT('',(3.E0,-1.4E0,-1.5E0));
#459=LINE('',#458,#457);
#460=DIRECTION('',(0.E0,0.E0,1.E0));
#461=VECTOR('',#460,2.7E0);
#462=CARTESIAN_POINT('',(3.E0,-1.4E0,-4.2E0));
#463=LINE('',#462,#461);
#464=DIRECTION('',(1.E0,0.E0,0.E0));
#465=VECTOR('',#464,1.4E0);
#466=CARTESIAN_POINT('',(1.6E0,-1.4E0,-4.2E0));
#467=LINE('',#466,#465);
#468=CARTESIAN_POINT('',(1.6E0,7.497341223456E-1,-2.960199266002E0));
#469=DIRECTION('',(1.E0,0.E0,0.E0));
#470=DIRECTION('',(0.E0,-1.E0,1.779511054234E-14));
#471=AXIS2_PLACEMENT_3D('',#468,#469,#470);
#473=DIRECTION('',(0.E0,5.442736473501E-2,9.985177324254E-1));
#474=VECTOR('',#473,1.652449372123E0);
#475=CARTESIAN_POINT('',(1.6E0,1.294210116644E-1,-3.E0));
#476=LINE('',#475,#474);
#477=DIRECTION('',(0.E0,1.E0,0.E0));
#478=VECTOR('',#477,3.806405236529E-1);
#479=CARTESIAN_POINT('',(1.6E0,2.193594763471E-1,-1.35E0));
#480=LINE('',#479,#478);
#481=DIRECTION('',(0.E0,0.E0,-1.E0));
#482=VECTOR('',#481,1.610199266002E0);
#483=CARTESIAN_POINT('',(1.6E0,6.E-1,-1.35E0));
#484=LINE('',#483,#482);
#485=DIRECTION('',(0.E0,-1.E0,0.E0));
#486=VECTOR('',#485,7.851641581884E-1);
#487=CARTESIAN_POINT('',(1.6E0,-5.E-1,-4.245609462E0));
#488=LINE('',#487,#486);
#489=CARTESIAN_POINT('',(1.6E0,-1.285164158188E0,-4.395609462E0));
#490=DIRECTION('',(1.E0,0.E0,0.E0));
#491=DIRECTION('',(0.E0,0.E0,1.E0));
#492=AXIS2_PLACEMENT_3D('',#489,#490,#491);
#494=DIRECTION('',(0.E0,-6.900822509494E-1,-7.237309492654E-1));
#495=VECTOR('',#494,1.515414574400E-2);
#496=CARTESIAN_POINT('',(1.6E0,-1.393723800578E0,-4.292097124358E0));
#497=LINE('',#496,#495);
#498=CARTESIAN_POINT('',(1.6E0,-1.512741049974E0,-4.199552311E0));
#499=DIRECTION('',(-1.E0,0.E0,0.E0));
#500=DIRECTION('',(0.E0,7.237309492654E-1,-6.900822509495E-1));
#501=AXIS2_PLACEMENT_3D('',#498,#499,#500);
#503=DIRECTION('',(0.E0,-1.E0,0.E0));
#504=VECTOR('',#503,5.822452388940E-1);
#505=CARTESIAN_POINT('',(1.6E0,-1.512741049974E0,-4.349552311E0));
#506=LINE('',#505,#504);
#507=CARTESIAN_POINT('',(1.6E0,-2.094986288868E0,-4.249504622437E0));
#508=DIRECTION('',(-1.E0,0.E0,0.E0));
#509=DIRECTION('',(0.E0,5.770407903416E-14,-1.E0));
#510=AXIS2_PLACEMENT_3D('',#507,#508,#509);
#512=DIRECTION('',(0.E0,1.E0,0.E0));
#513=VECTOR('',#512,2.328274522473E-1);
#514=CARTESIAN_POINT('',(1.6E0,-2.094986288868E0,-4.149456933873E0));
#515=LINE('',#514,#513);
#516=CARTESIAN_POINT('',(1.6E0,-1.862158836621E0,-3.999456933873E0));
#517=DIRECTION('',(1.E0,0.E0,0.E0));
#518=DIRECTION('',(0.E0,-4.440892098501E-14,-1.E0));
#519=AXIS2_PLACEMENT_3D('',#516,#517,#518);
#521=DIRECTION('',(0.E0,7.071049751719E-1,7.071085871966E-1));
#522=VECTOR('',#521,3.760570691286E-1);
#523=CARTESIAN_POINT('',(1.6E0,-1.756026843330E0,-4.105456933873E0));
#524=LINE('',#523,#522);
#525=CARTESIAN_POINT('',(1.6E0,-1.384048647150E0,-3.945609580863E0));
#526=DIRECTION('',(-1.E0,0.E0,0.E0));
#527=DIRECTION('',(0.E0,-7.071085871966E-1,7.071049751719E-1));
#528=AXIS2_PLACEMENT_3D('',#525,#526,#527);
#530=DIRECTION('',(-1.E0,0.E0,0.E0));
#531=VECTOR('',#530,2.E-1);
#532=CARTESIAN_POINT('',(1.6E0,6.E-1,-2.960199266002E0));
#533=LINE('',#532,#531);
#534=DIRECTION('',(-1.E0,0.E0,0.E0));
#535=VECTOR('',#534,2.E-1);
#536=CARTESIAN_POINT('',(1.6E0,6.E-1,-1.35E0));
#537=LINE('',#536,#535);
#538=DIRECTION('',(-1.E0,0.E0,0.E0));
#539=VECTOR('',#538,2.E-1);
#540=CARTESIAN_POINT('',(1.6E0,2.193594763471E-1,-1.35E0));
#541=LINE('',#540,#539);
#542=DIRECTION('',(0.E0,-1.E0,0.E0));
#543=VECTOR('',#542,2.2E0);
#544=CARTESIAN_POINT('',(-2.2E0,1.05E0,-3.E0));
#545=LINE('',#544,#543);
#546=DIRECTION('',(-1.E0,0.E0,0.E0));
#547=VECTOR('',#546,4.4E0);
#548=CARTESIAN_POINT('',(2.2E0,1.05E0,-3.E0));
#549=LINE('',#548,#547);
#550=DIRECTION('',(0.E0,1.E0,0.E0));
#551=VECTOR('',#550,2.2E0);
#552=CARTESIAN_POINT('',(2.2E0,-1.15E0,-3.E0));
#553=LINE('',#552,#551);
#554=DIRECTION('',(1.E0,0.E0,0.E0));
#555=VECTOR('',#554,4.4E0);
#556=CARTESIAN_POINT('',(-2.2E0,-1.15E0,-3.E0));
#557=LINE('',#556,#555);
#558=DIRECTION('',(0.E0,1.E0,0.E0));
#559=VECTOR('',#558,4.759655822375E-1);
#560=CARTESIAN_POINT('',(-1.4E0,1.294210116644E-1,-3.E0));
#561=LINE('',#560,#559);
#562=DIRECTION('',(-1.E0,0.E0,0.E0));
#563=VECTOR('',#562,2.E-1);
#564=CARTESIAN_POINT('',(-1.4E0,6.053865939018E-1,-3.E0));
#565=LINE('',#564,#563);
#566=DIRECTION('',(0.E0,1.E0,0.E0));
#567=VECTOR('',#566,4.759655822375E-1);
#568=CARTESIAN_POINT('',(-1.6E0,1.294210116644E-1,-3.E0));
#569=LINE('',#568,#567);
#570=DIRECTION('',(-1.E0,0.E0,0.E0));
#571=VECTOR('',#570,2.E-1);
#572=CARTESIAN_POINT('',(-1.4E0,1.294210116644E-1,-3.E0));
#573=LINE('',#572,#571);
#574=DIRECTION('',(0.E0,1.E0,0.E0));
#575=VECTOR('',#574,4.759655822375E-1);
#576=CARTESIAN_POINT('',(-4.E-1,1.294210116644E-1,-3.E0));
#577=LINE('',#576,#575);
#578=DIRECTION('',(-1.E0,0.E0,0.E0));
#579=VECTOR('',#578,2.E-1);
#580=CARTESIAN_POINT('',(-4.E-1,6.053865939018E-1,-3.E0));
#581=LINE('',#580,#579);
#582=DIRECTION('',(0.E0,1.E0,0.E0));
#583=VECTOR('',#582,4.759655822375E-1);
#584=CARTESIAN_POINT('',(-6.E-1,1.294210116644E-1,-3.E0));
#585=LINE('',#584,#583);
#586=DIRECTION('',(-1.E0,0.E0,0.E0));
#587=VECTOR('',#586,2.E-1);
#588=CARTESIAN_POINT('',(-4.E-1,1.294210116644E-1,-3.E0));
#589=LINE('',#588,#587);
#590=DIRECTION('',(0.E0,1.E0,0.E0));
#591=VECTOR('',#590,4.759655822375E-1);
#592=CARTESIAN_POINT('',(6.E-1,1.294210116644E-1,-3.E0));
#593=LINE('',#592,#591);
#594=DIRECTION('',(-1.E0,0.E0,0.E0));
#595=VECTOR('',#594,2.E-1);
#596=CARTESIAN_POINT('',(6.E-1,6.053865939018E-1,-3.E0));
#597=LINE('',#596,#595);
#598=DIRECTION('',(0.E0,1.E0,0.E0));
#599=VECTOR('',#598,4.759655822375E-1);
#600=CARTESIAN_POINT('',(4.E-1,1.294210116644E-1,-3.E0));
#601=LINE('',#600,#599);
#602=DIRECTION('',(-1.E0,0.E0,0.E0));
#603=VECTOR('',#602,2.E-1);
#604=CARTESIAN_POINT('',(6.E-1,1.294210116644E-1,-3.E0));
#605=LINE('',#604,#603);
#606=DIRECTION('',(0.E0,1.E0,0.E0));
#607=VECTOR('',#606,4.759655822375E-1);
#608=CARTESIAN_POINT('',(1.6E0,1.294210116644E-1,-3.E0));
#609=LINE('',#608,#607);
#610=DIRECTION('',(-1.E0,0.E0,0.E0));
#611=VECTOR('',#610,2.E-1);
#612=CARTESIAN_POINT('',(1.6E0,6.053865939018E-1,-3.E0));
#613=LINE('',#612,#611);
#614=DIRECTION('',(0.E0,1.E0,0.E0));
#615=VECTOR('',#614,4.759655822375E-1);
#616=CARTESIAN_POINT('',(1.4E0,1.294210116644E-1,-3.E0));
#617=LINE('',#616,#615);
#618=DIRECTION('',(-1.E0,0.E0,0.E0));
#619=VECTOR('',#618,2.E-1);
#620=CARTESIAN_POINT('',(1.6E0,1.294210116644E-1,-3.E0));
#621=LINE('',#620,#619);
#622=DIRECTION('',(0.E0,1.E0,0.E0));
#623=VECTOR('',#622,5.E-1);
#624=CARTESIAN_POINT('',(-2.2E0,5.5E-1,-1.5E-1));
#625=LINE('',#624,#623);
#626=DIRECTION('',(0.E0,0.E0,-1.E0));
#627=VECTOR('',#626,2.85E0);
#628=CARTESIAN_POINT('',(-2.2E0,1.05E0,-1.5E-1));
#629=LINE('',#628,#627);
#630=DIRECTION('',(0.E0,1.E0,0.E0));
#631=VECTOR('',#630,1.05E0);
#632=CARTESIAN_POINT('',(-2.2E0,-1.15E0,-1.5E-1));
#633=LINE('',#632,#631);
#634=DIRECTION('',(0.E0,0.E0,-1.E0));
#635=VECTOR('',#634,2.35E0);
#636=CARTESIAN_POINT('',(-2.2E0,-1.E-1,-1.5E-1));
#637=LINE('',#636,#635);
#638=DIRECTION('',(0.E0,1.E0,0.E0));
#639=VECTOR('',#638,6.5E-1);
#640=CARTESIAN_POINT('',(-2.2E0,-1.E-1,-2.5E0));
#641=LINE('',#640,#639);
#642=DIRECTION('',(0.E0,0.E0,-1.E0));
#643=VECTOR('',#642,2.35E0);
#644=CARTESIAN_POINT('',(-2.2E0,5.5E-1,-1.5E-1));
#645=LINE('',#644,#643);
#646=DIRECTION('',(-5.773502691896E-1,5.773502691896E-1,5.773502691896E-1));
#647=VECTOR('',#646,2.598076211353E-1);
#648=CARTESIAN_POINT('',(-2.2E0,1.05E0,-1.5E-1));
#649=LINE('',#648,#647);
#650=DIRECTION('',(-7.071067811865E-1,0.E0,7.071067811865E-1));
#651=VECTOR('',#650,2.121320343560E-1);
#652=CARTESIAN_POINT('',(-2.2E0,5.5E-1,-1.5E-1));
#653=LINE('',#652,#651);
#654=DIRECTION('',(1.E0,0.E0,0.E0));
#655=VECTOR('',#654,3.5E-1);
#656=CARTESIAN_POINT('',(-2.55E0,-1.E-1,-2.5E0));
#657=LINE('',#656,#655);
#658=DIRECTION('',(0.E0,-1.E0,0.E0));
#659=VECTOR('',#658,6.5E-1);
#660=CARTESIAN_POINT('',(-2.55E0,5.5E-1,-2.5E0));
#661=LINE('',#660,#659);
#662=DIRECTION('',(-1.E0,0.E0,0.E0));
#663=VECTOR('',#662,3.5E-1);
#664=CARTESIAN_POINT('',(-2.2E0,5.5E-1,-2.5E0));
#665=LINE('',#664,#663);
#666=DIRECTION('',(-1.E0,0.E0,0.E0));
#667=VECTOR('',#666,3.5E-1);
#668=CARTESIAN_POINT('',(2.55E0,5.5E-1,-2.5E0));
#669=LINE('',#668,#667);
#670=DIRECTION('',(0.E0,1.E0,0.E0));
#671=VECTOR('',#670,6.5E-1);
#672=CARTESIAN_POINT('',(2.55E0,-1.E-1,-2.5E0));
#673=LINE('',#672,#671);
#674=DIRECTION('',(1.E0,0.E0,0.E0));
#675=VECTOR('',#674,3.5E-1);
#676=CARTESIAN_POINT('',(2.2E0,-1.E-1,-2.5E0));
#677=LINE('',#676,#675);
#678=DIRECTION('',(7.071067811865E-1,0.E0,-7.071067811865E-1));
#679=VECTOR('',#678,2.121320343560E-1);
#680=CARTESIAN_POINT('',(-2.35E0,-1.E-1,0.E0));
#681=LINE('',#680,#679);
#682=DIRECTION('',(0.E0,0.E0,-1.E0));
#683=VECTOR('',#682,2.5E0);
#684=CARTESIAN_POINT('',(-2.55E0,-1.E-1,0.E0));
#685=LINE('',#684,#683);
#686=DIRECTION('',(-5.773502691896E-1,-5.773502691896E-1,5.773502691896E-1));
#687=VECTOR('',#686,2.598076211353E-1);
#688=CARTESIAN_POINT('',(-2.2E0,-1.15E0,-1.5E-1));
#689=LINE('',#688,#687);
#690=DIRECTION('',(0.E0,-1.E0,0.E0));
#691=VECTOR('',#690,1.E-1);
#692=CARTESIAN_POINT('',(2.25E0,-1.4E0,0.E0));
#693=LINE('',#692,#691);
#694=DIRECTION('',(0.E0,-1.E0,0.E0));
#695=VECTOR('',#694,1.1E0);
#696=CARTESIAN_POINT('',(-2.49E0,-3.E-1,0.E0));
#697=LINE('',#696,#695);
#698=DIRECTION('',(1.E0,0.E0,0.E0));
#699=VECTOR('',#698,5.1E-1);
#700=CARTESIAN_POINT('',(-3.E0,-3.E-1,0.E0));
#701=LINE('',#700,#699);
#702=DIRECTION('',(0.E0,-1.E0,0.E0));
#703=VECTOR('',#702,1.7E0);
#704=CARTESIAN_POINT('',(3.E0,1.4E0,0.E0));
#705=LINE('',#704,#703);
#706=DIRECTION('',(-1.E0,0.E0,0.E0));
#707=VECTOR('',#706,5.1E-1);
#708=CARTESIAN_POINT('',(3.E0,-3.E-1,0.E0));
#709=LINE('',#708,#707);
#710=DIRECTION('',(0.E0,-1.E0,0.E0));
#711=VECTOR('',#710,1.1E0);
#712=CARTESIAN_POINT('',(2.49E0,-3.E-1,0.E0));
#713=LINE('',#712,#711);
#714=DIRECTION('',(0.E0,1.E0,0.E0));
#715=VECTOR('',#714,6.5E-1);
#716=CARTESIAN_POINT('',(-2.35E0,5.5E-1,0.E0));
#717=LINE('',#716,#715);
#718=DIRECTION('',(-1.E0,0.E0,0.E0));
#719=VECTOR('',#718,2.E-1);
#720=CARTESIAN_POINT('',(-2.35E0,5.5E-1,0.E0));
#721=LINE('',#720,#719);
#722=DIRECTION('',(0.E0,-1.E0,0.E0));
#723=VECTOR('',#722,6.5E-1);
#724=CARTESIAN_POINT('',(-2.55E0,5.5E-1,0.E0));
#725=LINE('',#724,#723);
#726=DIRECTION('',(1.E0,0.E0,0.E0));
#727=VECTOR('',#726,2.E-1);
#728=CARTESIAN_POINT('',(-2.55E0,-1.E-1,0.E0));
#729=LINE('',#728,#727);
#730=DIRECTION('',(0.E0,1.E0,0.E0));
#731=VECTOR('',#730,1.2E0);
#732=CARTESIAN_POINT('',(-2.35E0,-1.3E0,0.E0));
#733=LINE('',#732,#731);
#734=DIRECTION('',(-1.E0,0.E0,0.E0));
#735=VECTOR('',#734,4.7E0);
#736=CARTESIAN_POINT('',(2.35E0,-1.3E0,0.E0));
#737=LINE('',#736,#735);
#738=DIRECTION('',(0.E0,-1.E0,0.E0));
#739=VECTOR('',#738,1.2E0);
#740=CARTESIAN_POINT('',(2.35E0,-1.E-1,0.E0));
#741=LINE('',#740,#739);
#742=DIRECTION('',(1.E0,0.E0,0.E0));
#743=VECTOR('',#742,2.E-1);
#744=CARTESIAN_POINT('',(2.35E0,-1.E-1,0.E0));
#745=LINE('',#744,#743);
#746=DIRECTION('',(0.E0,1.E0,0.E0));
#747=VECTOR('',#746,6.5E-1);
#748=CARTESIAN_POINT('',(2.55E0,-1.E-1,0.E0));
#749=LINE('',#748,#747);
#750=DIRECTION('',(-1.E0,0.E0,0.E0));
#751=VECTOR('',#750,2.E-1);
#752=CARTESIAN_POINT('',(2.55E0,5.5E-1,0.E0));
#753=LINE('',#752,#751);
#754=DIRECTION('',(0.E0,-1.E0,0.E0));
#755=VECTOR('',#754,6.5E-1);
#756=CARTESIAN_POINT('',(2.35E0,1.2E0,0.E0));
#757=LINE('',#756,#755);
#758=DIRECTION('',(1.E0,0.E0,0.E0));
#759=VECTOR('',#758,4.7E0);
#760=CARTESIAN_POINT('',(-2.35E0,1.2E0,0.E0));
#761=LINE('',#760,#759);
#762=DIRECTION('',(0.E0,-1.E0,0.E0));
#763=VECTOR('',#762,1.E-1);
#764=CARTESIAN_POINT('',(2.25E0,-1.4E0,-3.3E0));
#765=LINE('',#764,#763);
#766=DIRECTION('',(0.E0,-1.E0,0.E0));
#767=VECTOR('',#766,1.E-1);
#768=CARTESIAN_POINT('',(-2.25E0,-1.4E0,-3.3E0));
#769=LINE('',#768,#767);
#770=DIRECTION('',(0.E0,-1.E0,0.E0));
#771=VECTOR('',#770,1.E-1);
#772=CARTESIAN_POINT('',(-2.25E0,-1.4E0,0.E0));
#773=LINE('',#772,#771);
#774=DIRECTION('',(-1.E0,0.E0,0.E0));
#775=VECTOR('',#774,4.5E0);
#776=CARTESIAN_POINT('',(2.25E0,-1.5E0,0.E0));
#777=LINE('',#776,#775);
#778=DIRECTION('',(0.E0,0.E0,1.E0));
#779=VECTOR('',#778,3.3E0);
#780=CARTESIAN_POINT('',(2.25E0,-1.5E0,-3.3E0));
#781=LINE('',#780,#779);
#782=DIRECTION('',(1.E0,0.E0,0.E0));
#783=VECTOR('',#782,4.5E0);
#784=CARTESIAN_POINT('',(-2.25E0,-1.5E0,-3.3E0));
#785=LINE('',#784,#783);
#786=DIRECTION('',(0.E0,0.E0,-1.E0));
#787=VECTOR('',#786,3.3E0);
#788=CARTESIAN_POINT('',(-2.25E0,-1.5E0,0.E0));
#789=LINE('',#788,#787);
#790=CARTESIAN_POINT('',(-2.49E0,1.150000000674E0,-3.25E0));
#791=DIRECTION('',(1.E0,0.E0,0.E0));
#792=DIRECTION('',(0.E0,1.E0,3.985931880853E-8));
#793=AXIS2_PLACEMENT_3D('',#790,#791,#792);
#795=DIRECTION('',(0.E0,0.E0,1.E0));
#796=VECTOR('',#795,9.486721586858E-1);
#797=CARTESIAN_POINT('',(-2.49E0,1.300000000225E0,-4.198672156693E0));
#798=LINE('',#797,#796);
#799=CARTESIAN_POINT('',(-2.49E0,1.150000000674E0,-4.198672055275E0));
#800=DIRECTION('',(1.E0,0.E0,0.E0));
#801=DIRECTION('',(0.E0,9.999608117389E-1,-8.852964835994E-3));
#802=AXIS2_PLACEMENT_3D('',#799,#800,#801);
#804=DIRECTION('',(0.E0,-1.E0,0.E0));
#805=VECTOR('',#804,2.499999993263E-1);
#806=CARTESIAN_POINT('',(-2.49E0,1.4E0,-3.1E0));
#807=LINE('',#806,#805);
#808=CARTESIAN_POINT('',(-2.49E0,1.543571476740E-1,-3.95E0));
#809=DIRECTION('',(1.E0,0.E0,0.E0));
#810=DIRECTION('',(0.E0,0.E0,1.E0));
#811=AXIS2_PLACEMENT_3D('',#808,#809,#810);
#813=DIRECTION('',(0.E0,-1.E0,0.E0));
#814=VECTOR('',#813,2.543571476740E-1);
#815=CARTESIAN_POINT('',(-2.49E0,1.543571476740E-1,-3.8E0));
#816=LINE('',#815,#814);
#817=DIRECTION('',(0.E0,0.E0,-1.E0));
#818=VECTOR('',#817,4.E-1);
#819=CARTESIAN_POINT('',(-2.49E0,-1.E-1,-3.8E0));
#820=LINE('',#819,#818);
#821=CARTESIAN_POINT('',(-2.49E0,1.543571470003E-1,-4.099250952224E0));
#822=DIRECTION('',(1.E0,0.E0,0.E0));
#823=DIRECTION('',(0.E0,-1.E0,0.E0));
#824=AXIS2_PLACEMENT_3D('',#821,#822,#823);
#826=DIRECTION('',(0.E0,-1.504535897258E-9,-1.E0));
#827=VECTOR('',#826,1.492509502313E-1);
#828=CARTESIAN_POINT('',(-2.49E0,4.357147224853E-3,-3.950000001993E0));
#829=LINE('',#828,#827);
#830=DIRECTION('',(0.E0,0.E0,1.E0));
#831=VECTOR('',#830,8.E-1);
#832=CARTESIAN_POINT('',(-2.49E0,-1.E0,-1.5E0));
#833=LINE('',#832,#831);
#834=DIRECTION('',(0.E0,0.E0,1.E0));
#835=VECTOR('',#834,6.E-1);
#836=CARTESIAN_POINT('',(-2.49E0,-3.E-1,-6.E-1));
#837=LINE('',#836,#835);
#838=DIRECTION('',(0.E0,1.E0,0.E0));
#839=VECTOR('',#838,4.E-1);
#840=CARTESIAN_POINT('',(-2.49E0,-1.4E0,-1.5E0));
#841=LINE('',#840,#839);
#842=DIRECTION('',(-1.E0,0.E0,-1.436570862268E-9));
#843=VECTOR('',#842,2.E-1);
#844=CARTESIAN_POINT('',(-2.49E0,1.300000000225E0,-3.249999998007E0));
#845=LINE('',#844,#843);
#846=CARTESIAN_POINT('',(-2.69E0,1.543571476740E-1,-3.95E0));
#847=DIRECTION('',(1.E0,0.E0,0.E0));
#848=DIRECTION('',(0.E0,0.E0,1.E0));
#849=AXIS2_PLACEMENT_3D('',#846,#847,#848);
#851=DIRECTION('',(0.E0,-1.504535894362E-9,-1.E0));
#852=VECTOR('',#851,1.492509505186E-1);
#853=CARTESIAN_POINT('',(-2.69E0,4.357147224853E-3,-3.950000001706E0));
#854=LINE('',#853,#852);
#855=CARTESIAN_POINT('',(-2.69E0,1.543571470003E-1,-4.099250952224E0));
#856=DIRECTION('',(1.E0,0.E0,0.E0));
#857=DIRECTION('',(0.E0,-1.E0,0.E0));
#858=AXIS2_PLACEMENT_3D('',#855,#856,#857);
#860=DIRECTION('',(0.E0,1.E0,0.E0));
#861=VECTOR('',#860,2.354573611682E-1);
#862=CARTESIAN_POINT('',(-2.69E0,1.543571476740E-1,-4.249250952224E0));
#863=LINE('',#862,#861);
#864=CARTESIAN_POINT('',(-2.69E0,3.898145081685E-1,-4.399250952224E0));
#865=DIRECTION('',(-1.E0,0.E0,0.E0));
#866=DIRECTION('',(0.E0,4.491066777727E-9,1.E0));
#867=AXIS2_PLACEMENT_3D('',#864,#865,#866);
#869=DIRECTION('',(0.E0,7.091564483686E-1,-7.050511554045E-1));
#870=VECTOR('',#869,1.725837134499E-2);
#871=CARTESIAN_POINT('',(-2.69E0,4.955721838730E-1,-4.292877486903E0));
#872=LINE('',#871,#870);
#873=CARTESIAN_POINT('',(-2.69E0,6.135687434872E-1,-4.198672055275E0));
#874=DIRECTION('',(1.E0,0.E0,0.E0));
#875=DIRECTION('',(0.E0,-7.050511619100E-1,-7.091564419008E-1));
#876=AXIS2_PLACEMENT_3D('',#873,#874,#875);
#878=DIRECTION('',(0.E0,1.E0,0.E0));
#879=VECTOR('',#878,5.364312571865E-1);
#880=CARTESIAN_POINT('',(-2.69E0,6.135687434871E-1,-4.348672055275E0));
#881=LINE('',#880,#879);
#882=CARTESIAN_POINT('',(-2.69E0,1.150000000674E0,-4.198672055275E0));
#883=DIRECTION('',(1.E0,0.E0,0.E0));
#884=DIRECTION('',(0.E0,4.440892098501E-14,-1.E0));
#885=AXIS2_PLACEMENT_3D('',#882,#883,#884);
#887=DIRECTION('',(0.E0,0.E0,1.E0));
#888=VECTOR('',#887,9.486720586859E-1);
#889=CARTESIAN_POINT('',(-2.69E0,1.300000000225E0,-4.198672056980E0));
#890=LINE('',#889,#888);
#891=CARTESIAN_POINT('',(-2.69E0,1.150000000674E0,-3.25E0));
#892=DIRECTION('',(1.E0,0.E0,0.E0));
#893=DIRECTION('',(0.E0,1.E0,3.411304128065E-8));
#894=AXIS2_PLACEMENT_3D('',#891,#892,#893);
#896=DIRECTION('',(1.E0,0.E0,0.E0));
#897=VECTOR('',#896,3.1E-1);
#898=CARTESIAN_POINT('',(-3.E0,1.E0,-3.6E0));
#899=LINE('',#898,#897);
#900=DIRECTION('',(0.E0,0.E0,-1.E0));
#901=VECTOR('',#900,5.E-1);
#902=CARTESIAN_POINT('',(-2.69E0,1.E0,-3.1E0));
#903=LINE('',#902,#901);
#904=DIRECTION('',(1.E0,0.E0,0.E0));
#905=VECTOR('',#904,3.1E-1);
#906=CARTESIAN_POINT('',(-3.E0,1.E0,-3.1E0));
#907=LINE('',#906,#905);
#908=DIRECTION('',(0.E0,7.071067811865E-1,7.071067811865E-1));
#909=VECTOR('',#908,2.828427124746E-1);
#910=CARTESIAN_POINT('',(-2.69E0,8.E-1,-3.8E0));
#911=LINE('',#910,#909);
#912=DIRECTION('',(0.E0,7.071067811865E-1,7.071067811865E-1));
#913=VECTOR('',#912,2.828427124746E-1);
#914=CARTESIAN_POINT('',(-3.E0,-1.E0,-6.E-1));
#915=LINE('',#914,#913);
#916=DIRECTION('',(0.E0,0.E0,1.E0));
#917=VECTOR('',#916,9.E-1);
#918=CARTESIAN_POINT('',(-3.E0,-1.E0,-1.5E0));
#919=LINE('',#918,#917);
#920=DIRECTION('',(0.E0,1.E0,0.E0));
#921=VECTOR('',#920,4.E-1);
#922=CARTESIAN_POINT('',(-3.E0,-1.4E0,-1.5E0));
#923=LINE('',#922,#921);
#924=DIRECTION('',(0.E0,0.E0,1.E0));
#925=VECTOR('',#924,4.E-1);
#926=CARTESIAN_POINT('',(-3.E0,-1.E-1,-4.2E0));
#927=LINE('',#926,#925);
#928=DIRECTION('',(0.E0,-1.E0,0.E0));
#929=VECTOR('',#928,9.E-1);
#930=CARTESIAN_POINT('',(-3.E0,8.E-1,-3.8E0));
#931=LINE('',#930,#929);
#932=DIRECTION('',(0.E0,-7.071067811865E-1,-7.071067811865E-1));
#933=VECTOR('',#932,2.828427124746E-1);
#934=CARTESIAN_POINT('',(-3.E0,1.E0,-3.6E0));
#935=LINE('',#934,#933);
#936=DIRECTION('',(0.E0,0.E0,-1.E0));
#937=VECTOR('',#936,5.E-1);
#938=CARTESIAN_POINT('',(-3.E0,1.E0,-3.1E0));
#939=LINE('',#938,#937);
#940=DIRECTION('',(0.E0,-1.E0,0.E0));
#941=VECTOR('',#940,4.E-1);
#942=CARTESIAN_POINT('',(-3.E0,1.4E0,-3.1E0));
#943=LINE('',#942,#941);
#944=DIRECTION('',(0.E0,-1.E0,0.E0));
#945=VECTOR('',#944,1.7E0);
#946=CARTESIAN_POINT('',(-3.E0,1.4E0,0.E0));
#947=LINE('',#946,#945);
#948=DIRECTION('',(0.E0,0.E0,-1.E0));
#949=VECTOR('',#948,4.E-1);
#950=CARTESIAN_POINT('',(-3.E0,-3.E-1,0.E0));
#951=LINE('',#950,#949);
#952=DIRECTION('',(0.E0,1.E0,0.E0));
#953=VECTOR('',#952,5.E-1);
#954=CARTESIAN_POINT('',(-3.E0,-8.E-1,-4.E-1));
#955=LINE('',#954,#953);
#956=DIRECTION('',(0.E0,1.E0,0.E0));
#957=VECTOR('',#956,5.E-1);
#958=CARTESIAN_POINT('',(-2.81E0,-8.E-1,-4.E-1));
#959=LINE('',#958,#957);
#960=DIRECTION('',(1.E0,0.E0,0.E0));
#961=VECTOR('',#960,1.9E-1);
#962=CARTESIAN_POINT('',(-3.E0,-8.E-1,-4.E-1));
#963=LINE('',#962,#961);
#964=DIRECTION('',(5.773502691896E-1,-5.773502691896E-1,-5.773502691896E-1));
#965=VECTOR('',#964,1.732050807569E-1);
#966=CARTESIAN_POINT('',(-2.81E0,-8.E-1,-4.E-1));
#967=LINE('',#966,#965);
#968=DIRECTION('',(7.071067811865E-1,0.E0,-7.071067811865E-1));
#969=VECTOR('',#968,1.414213562373E-1);
#970=CARTESIAN_POINT('',(-2.81E0,-3.E-1,-4.E-1));
#971=LINE('',#970,#969);
#972=DIRECTION('',(0.E0,-7.071067811865E-1,-7.071067811865E-1));
#973=VECTOR('',#972,1.414213562373E-1);
#974=CARTESIAN_POINT('',(-2.71E0,-9.E-1,-5.E-1));
#975=LINE('',#974,#973);
#976=DIRECTION('',(0.E0,1.E0,0.E0));
#977=VECTOR('',#976,6.E-1);
#978=CARTESIAN_POINT('',(-2.71E0,-9.E-1,-5.E-1));
#979=LINE('',#978,#977);
#980=DIRECTION('',(-1.E0,0.E0,0.E0));
#981=VECTOR('',#980,2.2E-1);
#982=CARTESIAN_POINT('',(-2.49E0,-9.E-1,-6.E-1));
#983=LINE('',#982,#981);
#984=DIRECTION('',(0.E0,1.E0,0.E0));
#985=VECTOR('',#984,6.E-1);
#986=CARTESIAN_POINT('',(-2.71E0,-9.E-1,-6.E-1));
#987=LINE('',#986,#985);
#988=DIRECTION('',(1.E0,0.E0,0.E0));
#989=VECTOR('',#988,2.2E-1);
#990=CARTESIAN_POINT('',(-2.71E0,-3.E-1,-6.E-1));
#991=LINE('',#990,#989);
#992=DIRECTION('',(0.E0,-1.E0,0.E0));
#993=VECTOR('',#992,6.E-1);
#994=CARTESIAN_POINT('',(-2.49E0,-3.E-1,-6.E-1));
#995=LINE('',#994,#993);
#996=DIRECTION('',(0.E0,-7.071067811865E-1,-7.071067811865E-1));
#997=VECTOR('',#996,1.414213562373E-1);
#998=CARTESIAN_POINT('',(-2.49E0,-9.E-1,-6.E-1));
#999=LINE('',#998,#997);
#1000=DIRECTION('',(0.E0,7.071067811865E-1,7.071067811865E-1));
#1001=VECTOR('',#1000,1.414213562373E-1);
#1002=CARTESIAN_POINT('',(-2.71E0,-1.E0,-7.E-1));
#1003=LINE('',#1002,#1001);
#1004=DIRECTION('',(1.E0,0.E0,0.E0));
#1005=VECTOR('',#1004,2.9E-1);
#1006=CARTESIAN_POINT('',(-3.E0,-1.E0,-6.E-1));
#1007=LINE('',#1006,#1005);
#1008=DIRECTION('',(0.E0,0.E0,-1.E0));
#1009=VECTOR('',#1008,1.E-1);
#1010=CARTESIAN_POINT('',(-2.71E0,-1.E0,-6.E-1));
#1011=LINE('',#1010,#1009);
#1012=DIRECTION('',(-1.E0,0.E0,0.E0));
#1013=VECTOR('',#1012,2.2E-1);
#1014=CARTESIAN_POINT('',(-2.49E0,-1.E0,-7.E-1));
#1015=LINE('',#1014,#1013);
#1016=DIRECTION('',(1.E0,0.E0,0.E0));
#1017=VECTOR('',#1016,5.1E-1);
#1018=CARTESIAN_POINT('',(-3.E0,-1.E0,-1.5E0));
#1019=LINE('',#1018,#1017);
#1020=DIRECTION('',(0.E0,0.E0,-1.E0));
#1021=VECTOR('',#1020,1.E-1);
#1022=CARTESIAN_POINT('',(-2.71E0,-3.E-1,-5.E-1));
#1023=LINE('',#1022,#1021);
#1024=DIRECTION('',(1.E0,0.E0,0.E0));
#1025=VECTOR('',#1024,1.9E-1);
#1026=CARTESIAN_POINT('',(-3.E0,-3.E-1,-4.E-1));
#1027=LINE('',#1026,#1025);
#1028=DIRECTION('',(1.E0,0.E0,0.E0));
#1029=VECTOR('',#1028,5.1E-1);
#1030=CARTESIAN_POINT('',(-3.E0,-1.E-1,-3.8E0));
#1031=LINE('',#1030,#1029);
#1032=DIRECTION('',(1.E0,0.E0,0.E0));
#1033=VECTOR('',#1032,3.1E-1);
#1034=CARTESIAN_POINT('',(-3.E0,8.E-1,-3.8E0));
#1035=LINE('',#1034,#1033);
#1036=DIRECTION('',(1.E0,0.E0,0.E0));
#1037=VECTOR('',#1036,2.E-1);
#1038=CARTESIAN_POINT('',(-2.69E0,1.543571476740E-1,-3.8E0));
#1039=LINE('',#1038,#1037);
#1040=DIRECTION('',(0.E0,-1.E0,0.E0));
#1041=VECTOR('',#1040,6.456428523260E-1);
#1042=CARTESIAN_POINT('',(-2.69E0,8.E-1,-3.8E0));
#1043=LINE('',#1042,#1041);
#1044=DIRECTION('',(-1.E0,0.E0,1.436568641822E-9));
#1045=VECTOR('',#1044,2.E-1);
#1046=CARTESIAN_POINT('',(-2.49E0,4.357147224853E-3,-3.950000001993E0));
#1047=LINE('',#1046,#1045);
#1048=DIRECTION('',(-1.E0,0.E0,0.E0));
#1049=VECTOR('',#1048,2.E-1);
#1050=CARTESIAN_POINT('',(-2.49E0,4.357147000300E-3,-4.099250952224E0));
#1051=LINE('',#1050,#1049);
#1052=CARTESIAN_POINT('',(-2.49E0,1.543571470003E-1,-4.099250952224E0));
#1053=DIRECTION('',(1.E0,0.E0,0.E0));
#1054=DIRECTION('',(0.E0,-7.408592420603E-1,-6.716603185047E-1));
#1055=AXIS2_PLACEMENT_3D('',#1052,#1053,#1054);
#1057=CARTESIAN_POINT('',(-2.49E0,1.150000000674E0,-4.198672055275E0));
#1058=DIRECTION('',(1.E0,0.E0,0.E0));
#1059=DIRECTION('',(0.E0,4.440892098501E-14,-1.E0));
#1060=AXIS2_PLACEMENT_3D('',#1057,#1058,#1059);
#1062=DIRECTION('',(0.E0,1.E0,0.E0));
#1063=VECTOR('',#1062,5.364312571865E-1);
#1064=CARTESIAN_POINT('',(-2.49E0,6.135687434871E-1,-4.348672055275E0));
#1065=LINE('',#1064,#1063);
#1066=CARTESIAN_POINT('',(-2.49E0,6.135687434872E-1,-4.198672055275E0));
#1067=DIRECTION('',(1.E0,0.E0,0.E0));
#1068=DIRECTION('',(0.E0,-7.050511619100E-1,-7.091564419008E-1));
#1069=AXIS2_PLACEMENT_3D('',#1066,#1067,#1068);
#1071=DIRECTION('',(0.E0,7.091564483686E-1,-7.050511554045E-1));
#1072=VECTOR('',#1071,1.725837134499E-2);
#1073=CARTESIAN_POINT('',(-2.49E0,4.955721838730E-1,-4.292877486903E0));
#1074=LINE('',#1073,#1072);
#1075=CARTESIAN_POINT('',(-2.49E0,3.898145081685E-1,-4.399250952224E0));
#1076=DIRECTION('',(-1.E0,0.E0,0.E0));
#1077=DIRECTION('',(0.E0,4.491066777727E-9,1.E0));
#1078=AXIS2_PLACEMENT_3D('',#1075,#1076,#1077);
#1080=DIRECTION('',(0.E0,1.E0,0.E0));
#1081=VECTOR('',#1080,2.354573611682E-1);
#1082=CARTESIAN_POINT('',(-2.49E0,1.543571476740E-1,-4.249250952224E0));
#1083=LINE('',#1082,#1081);
#1084=DIRECTION('',(-1.E0,0.E0,0.E0));
#1085=VECTOR('',#1084,2.E-1);
#1086=CARTESIAN_POINT('',(-2.49E0,1.150000000674E0,-4.348672055275E0));
#1087=LINE('',#1086,#1085);
#1088=DIRECTION('',(-9.999999999999E-1,0.E0,4.985629065146E-7));
#1089=VECTOR('',#1088,2.E-1);
#1090=CARTESIAN_POINT('',(-2.49E0,1.300000000225E0,-4.198672156693E0));
#1091=LINE('',#1090,#1089);
#1092=DIRECTION('',(-1.E0,0.E0,0.E0));
#1093=VECTOR('',#1092,2.E-1);
#1094=CARTESIAN_POINT('',(-2.49E0,6.135687434871E-1,-4.348672055275E0));
#1095=LINE('',#1094,#1093);
#1096=DIRECTION('',(-1.E0,0.E0,0.E0));
#1097=VECTOR('',#1096,2.E-1);
#1098=CARTESIAN_POINT('',(-2.49E0,5.078110692006E-1,-4.305045521560E0));
#1099=LINE('',#1098,#1097);
#1100=DIRECTION('',(-1.E0,0.E0,0.E0));
#1101=VECTOR('',#1100,2.E-1);
#1102=CARTESIAN_POINT('',(-2.49E0,4.955721838730E-1,-4.292877486903E0));
#1103=LINE('',#1102,#1101);
#1104=DIRECTION('',(-1.E0,0.E0,0.E0));
#1105=VECTOR('',#1104,2.E-1);
#1106=CARTESIAN_POINT('',(-2.49E0,3.898145088421E-1,-4.249250952224E0));
#1107=LINE('',#1106,#1105);
#1108=DIRECTION('',(-1.E0,0.E0,0.E0));
#1109=VECTOR('',#1108,2.E-1);
#1110=CARTESIAN_POINT('',(-2.49E0,1.543571476740E-1,-4.249250952224E0));
#1111=LINE('',#1110,#1109);
#1112=DIRECTION('',(0.E0,1.E0,0.E0));
#1113=VECTOR('',#1112,1.500000006737E-1);
#1114=CARTESIAN_POINT('',(-2.69E0,1.E0,-3.1E0));
#1115=LINE('',#1114,#1113);
#1116=DIRECTION('',(1.E0,0.E0,0.E0));
#1117=VECTOR('',#1116,2.E-1);
#1118=CARTESIAN_POINT('',(-2.69E0,1.150000000674E0,-3.1E0));
#1119=LINE('',#1118,#1117);
#1120=DIRECTION('',(0.E0,-7.071067811865E-1,-7.071067811865E-1));
#1121=VECTOR('',#1120,2.828427124746E-1);
#1122=CARTESIAN_POINT('',(3.E0,-8.E-1,-4.E-1));
#1123=LINE('',#1122,#1121);
#1124=DIRECTION('',(0.E0,1.E0,0.E0));
#1125=VECTOR('',#1124,5.E-1);
#1126=CARTESIAN_POINT('',(3.E0,-8.E-1,-4.E-1));
#1127=LINE('',#1126,#1125);
#1128=DIRECTION('',(0.E0,0.E0,-1.E0));
#1129=VECTOR('',#1128,4.E-1);
#1130=CARTESIAN_POINT('',(3.E0,-3.E-1,0.E0));
#1131=LINE('',#1130,#1129);
#1132=DIRECTION('',(0.E0,-1.E0,0.E0));
#1133=VECTOR('',#1132,4.E-1);
#1134=CARTESIAN_POINT('',(3.E0,1.4E0,-3.1E0));
#1135=LINE('',#1134,#1133);
#1136=DIRECTION('',(0.E0,0.E0,-1.E0));
#1137=VECTOR('',#1136,5.E-1);
#1138=CARTESIAN_POINT('',(3.E0,1.E0,-3.1E0));
#1139=LINE('',#1138,#1137);
#1140=DIRECTION('',(0.E0,7.071067811865E-1,7.071067811865E-1));
#1141=VECTOR('',#1140,2.828427124746E-1);
#1142=CARTESIAN_POINT('',(3.E0,8.E-1,-3.8E0));
#1143=LINE('',#1142,#1141);
#1144=DIRECTION('',(0.E0,-1.E0,0.E0));
#1145=VECTOR('',#1144,9.E-1);
#1146=CARTESIAN_POINT('',(3.E0,8.E-1,-3.8E0));
#1147=LINE('',#1146,#1145);
#1148=DIRECTION('',(0.E0,0.E0,1.E0));
#1149=VECTOR('',#1148,4.E-1);
#1150=CARTESIAN_POINT('',(3.E0,-1.E-1,-4.2E0));
#1151=LINE('',#1150,#1149);
#1152=DIRECTION('',(0.E0,-1.E0,0.E0));
#1153=VECTOR('',#1152,1.3E0);
#1154=CARTESIAN_POINT('',(3.E0,-1.E-1,-4.2E0));
#1155=LINE('',#1154,#1153);
#1156=DIRECTION('',(0.E0,1.E0,0.E0));
#1157=VECTOR('',#1156,4.E-1);
#1158=CARTESIAN_POINT('',(3.E0,-1.4E0,-1.5E0));
#1159=LINE('',#1158,#1157);
#1160=DIRECTION('',(0.E0,0.E0,1.E0));
#1161=VECTOR('',#1160,9.E-1);
#1162=CARTESIAN_POINT('',(3.E0,-1.E0,-1.5E0));
#1163=LINE('',#1162,#1161);
#1164=DIRECTION('',(5.773502691896E-1,5.773502691896E-1,5.773502691896E-1));
#1165=VECTOR('',#1164,1.732050807569E-1);
#1166=CARTESIAN_POINT('',(2.71E0,-9.E-1,-5.E-1));
#1167=LINE('',#1166,#1165);
#1168=DIRECTION('',(1.E0,0.E0,0.E0));
#1169=VECTOR('',#1168,2.9E-1);
#1170=CARTESIAN_POINT('',(2.71E0,-1.E0,-6.E-1));
#1171=LINE('',#1170,#1169);
#1172=DIRECTION('',(-1.E0,0.E0,0.E0));
#1173=VECTOR('',#1172,5.1E-1);
#1174=CARTESIAN_POINT('',(3.E0,-1.E0,-1.5E0));
#1175=LINE('',#1174,#1173);
#1176=DIRECTION('',(-1.E0,0.E0,0.E0));
#1177=VECTOR('',#1176,2.2E-1);
#1178=CARTESIAN_POINT('',(2.71E0,-1.E0,-7.E-1));
#1179=LINE('',#1178,#1177);
#1180=DIRECTION('',(0.E0,0.E0,1.E0));
#1181=VECTOR('',#1180,1.E-1);
#1182=CARTESIAN_POINT('',(2.71E0,-1.E0,-7.E-1));
#1183=LINE('',#1182,#1181);
#1184=CARTESIAN_POINT('',(2.49E0,1.150000000674E0,-3.25E0));
#1185=DIRECTION('',(1.E0,0.E0,0.E0));
#1186=DIRECTION('',(0.E0,1.E0,3.985931880853E-8));
#1187=AXIS2_PLACEMENT_3D('',#1184,#1185,#1186);
#1189=DIRECTION('',(0.E0,-1.E0,0.E0));
#1190=VECTOR('',#1189,2.499999993263E-1);
#1191=CARTESIAN_POINT('',(2.49E0,1.4E0,-3.1E0));
#1192=LINE('',#1191,#1190);
#1193=CARTESIAN_POINT('',(2.49E0,1.150000000674E0,-4.198672055275E0));
#1194=DIRECTION('',(1.E0,0.E0,0.E0));
#1195=DIRECTION('',(0.E0,9.999608117389E-1,-8.852964835994E-3));
#1196=AXIS2_PLACEMENT_3D('',#1193,#1194,#1195);
#1198=DIRECTION('',(0.E0,0.E0,1.E0));
#1199=VECTOR('',#1198,9.486721586862E-1);
#1200=CARTESIAN_POINT('',(2.49E0,1.300000000225E0,-4.198672156693E0));
#1201=LINE('',#1200,#1199);
#1202=CARTESIAN_POINT('',(2.49E0,1.543571476740E-1,-3.95E0));
#1203=DIRECTION('',(1.E0,0.E0,0.E0));
#1204=DIRECTION('',(0.E0,0.E0,1.E0));
#1205=AXIS2_PLACEMENT_3D('',#1202,#1203,#1204);
#1207=DIRECTION('',(0.E0,-1.504535897258E-9,-1.E0));
#1208=VECTOR('',#1207,1.492509502313E-1);
#1209=CARTESIAN_POINT('',(2.49E0,4.357147224853E-3,-3.950000001993E0));
#1210=LINE('',#1209,#1208);
#1211=CARTESIAN_POINT('',(2.49E0,1.543571470003E-1,-4.099250952224E0));
#1212=DIRECTION('',(1.E0,0.E0,0.E0));
#1213=DIRECTION('',(0.E0,-1.E0,0.E0));
#1214=AXIS2_PLACEMENT_3D('',#1211,#1212,#1213);
#1216=DIRECTION('',(0.E0,0.E0,-1.E0));
#1217=VECTOR('',#1216,4.E-1);
#1218=CARTESIAN_POINT('',(2.49E0,-1.E-1,-3.8E0));
#1219=LINE('',#1218,#1217);
#1220=DIRECTION('',(0.E0,-1.E0,0.E0));
#1221=VECTOR('',#1220,2.543571476740E-1);
#1222=CARTESIAN_POINT('',(2.49E0,1.543571476740E-1,-3.8E0));
#1223=LINE('',#1222,#1221);
#1224=DIRECTION('',(0.E0,0.E0,1.E0));
#1225=VECTOR('',#1224,8.E-1);
#1226=CARTESIAN_POINT('',(2.49E0,-1.E0,-1.5E0));
#1227=LINE('',#1226,#1225);
#1228=DIRECTION('',(0.E0,1.E0,0.E0));
#1229=VECTOR('',#1228,4.E-1);
#1230=CARTESIAN_POINT('',(2.49E0,-1.4E0,-1.5E0));
#1231=LINE('',#1230,#1229);
#1232=DIRECTION('',(0.E0,0.E0,-1.E0));
#1233=VECTOR('',#1232,6.E-1);
#1234=CARTESIAN_POINT('',(2.49E0,-3.E-1,0.E0));
#1235=LINE('',#1234,#1233);
#1236=DIRECTION('',(1.E0,0.E0,-1.436570862268E-9));
#1237=VECTOR('',#1236,2.E-1);
#1238=CARTESIAN_POINT('',(2.49E0,1.300000000225E0,-3.249999998007E0));
#1239=LINE('',#1238,#1237);
#1240=DIRECTION('',(0.E0,1.E0,0.E0));
#1241=VECTOR('',#1240,1.500000006737E-1);
#1242=CARTESIAN_POINT('',(2.69E0,1.E0,-3.1E0));
#1243=LINE('',#1242,#1241);
#1244=DIRECTION('',(1.E0,0.E0,0.E0));
#1245=VECTOR('',#1244,2.E-1);
#1246=CARTESIAN_POINT('',(2.49E0,1.150000000674E0,-3.1E0));
#1247=LINE('',#1246,#1245);
#1248=CARTESIAN_POINT('',(2.69E0,1.150000000674E0,-3.25E0));
#1249=DIRECTION('',(1.E0,0.E0,0.E0));
#1250=DIRECTION('',(0.E0,1.E0,3.411304128065E-8));
#1251=AXIS2_PLACEMENT_3D('',#1248,#1249,#1250);
#1253=DIRECTION('',(0.E0,0.E0,1.E0));
#1254=VECTOR('',#1253,9.486720586859E-1);
#1255=CARTESIAN_POINT('',(2.69E0,1.300000000225E0,-4.198672056980E0));
#1256=LINE('',#1255,#1254);
#1257=CARTESIAN_POINT('',(2.69E0,1.150000000674E0,-4.198672055275E0));
#1258=DIRECTION('',(1.E0,0.E0,0.E0));
#1259=DIRECTION('',(0.E0,4.440892098501E-14,-1.E0));
#1260=AXIS2_PLACEMENT_3D('',#1257,#1258,#1259);
#1262=DIRECTION('',(0.E0,1.E0,0.E0));
#1263=VECTOR('',#1262,5.364312571865E-1);
#1264=CARTESIAN_POINT('',(2.69E0,6.135687434871E-1,-4.348672055275E0));
#1265=LINE('',#1264,#1263);
#1266=CARTESIAN_POINT('',(2.69E0,6.135687434872E-1,-4.198672055275E0));
#1267=DIRECTION('',(1.E0,0.E0,0.E0));
#1268=DIRECTION('',(0.E0,-7.050511619100E-1,-7.091564419008E-1));
#1269=AXIS2_PLACEMENT_3D('',#1266,#1267,#1268);
#1271=DIRECTION('',(0.E0,7.091564483686E-1,-7.050511554045E-1));
#1272=VECTOR('',#1271,1.725837134499E-2);
#1273=CARTESIAN_POINT('',(2.69E0,4.955721838730E-1,-4.292877486903E0));
#1274=LINE('',#1273,#1272);
#1275=CARTESIAN_POINT('',(2.69E0,3.898145081685E-1,-4.399250952224E0));
#1276=DIRECTION('',(-1.E0,0.E0,0.E0));
#1277=DIRECTION('',(0.E0,4.491066777727E-9,1.E0));
#1278=AXIS2_PLACEMENT_3D('',#1275,#1276,#1277);
#1280=DIRECTION('',(0.E0,1.E0,0.E0));
#1281=VECTOR('',#1280,2.354573611682E-1);
#1282=CARTESIAN_POINT('',(2.69E0,1.543571476740E-1,-4.249250952224E0));
#1283=LINE('',#1282,#1281);
#1284=CARTESIAN_POINT('',(2.69E0,1.543571470003E-1,-4.099250952224E0));
#1285=DIRECTION('',(1.E0,0.E0,0.E0));
#1286=DIRECTION('',(0.E0,-1.E0,0.E0));
#1287=AXIS2_PLACEMENT_3D('',#1284,#1285,#1286);
#1289=DIRECTION('',(0.E0,-1.504535894362E-9,-1.E0));
#1290=VECTOR('',#1289,1.492509505186E-1);
#1291=CARTESIAN_POINT('',(2.69E0,4.357147224853E-3,-3.950000001706E0));
#1292=LINE('',#1291,#1290);
#1293=CARTESIAN_POINT('',(2.69E0,1.543571476740E-1,-3.95E0));
#1294=DIRECTION('',(1.E0,0.E0,0.E0));
#1295=DIRECTION('',(0.E0,0.E0,1.E0));
#1296=AXIS2_PLACEMENT_3D('',#1293,#1294,#1295);
#1298=DIRECTION('',(1.E0,0.E0,0.E0));
#1299=VECTOR('',#1298,3.1E-1);
#1300=CARTESIAN_POINT('',(2.69E0,8.E-1,-3.8E0));
#1301=LINE('',#1300,#1299);
#1302=DIRECTION('',(0.E0,-1.E0,0.E0));
#1303=VECTOR('',#1302,6.456428523260E-1);
#1304=CARTESIAN_POINT('',(2.69E0,8.E-1,-3.8E0));
#1305=LINE('',#1304,#1303);
#1306=DIRECTION('',(1.E0,0.E0,0.E0));
#1307=VECTOR('',#1306,2.E-1);
#1308=CARTESIAN_POINT('',(2.49E0,1.543571476740E-1,-3.8E0));
#1309=LINE('',#1308,#1307);
#1310=DIRECTION('',(0.E0,-7.071067811865E-1,-7.071067811865E-1));
#1311=VECTOR('',#1310,2.828427124746E-1);
#1312=CARTESIAN_POINT('',(2.69E0,1.E0,-3.6E0));
#1313=LINE('',#1312,#1311);
#1314=DIRECTION('',(1.E0,0.E0,0.E0));
#1315=VECTOR('',#1314,3.1E-1);
#1316=CARTESIAN_POINT('',(2.69E0,1.E0,-3.6E0));
#1317=LINE('',#1316,#1315);
#1318=DIRECTION('',(-1.E0,0.E0,0.E0));
#1319=VECTOR('',#1318,3.1E-1);
#1320=CARTESIAN_POINT('',(3.E0,1.E0,-3.1E0));
#1321=LINE('',#1320,#1319);
#1322=DIRECTION('',(0.E0,0.E0,-1.E0));
#1323=VECTOR('',#1322,5.E-1);
#1324=CARTESIAN_POINT('',(2.69E0,1.E0,-3.1E0));
#1325=LINE('',#1324,#1323);
#1326=DIRECTION('',(1.E0,0.E0,1.436568641822E-9));
#1327=VECTOR('',#1326,2.E-1);
#1328=CARTESIAN_POINT('',(2.49E0,4.357147224853E-3,-3.950000001993E0));
#1329=LINE('',#1328,#1327);
#1330=DIRECTION('',(1.E0,0.E0,0.E0));
#1331=VECTOR('',#1330,2.E-1);
#1332=CARTESIAN_POINT('',(2.49E0,4.357147000300E-3,-4.099250952224E0));
#1333=LINE('',#1332,#1331);
#1334=DIRECTION('',(1.E0,0.E0,0.E0));
#1335=VECTOR('',#1334,2.E-1);
#1336=CARTESIAN_POINT('',(2.49E0,1.543571476740E-1,-4.249250952224E0));
#1337=LINE('',#1336,#1335);
#1338=CARTESIAN_POINT('',(2.49E0,1.543571470003E-1,-4.099250952224E0));
#1339=DIRECTION('',(1.E0,0.E0,0.E0));
#1340=DIRECTION('',(0.E0,-7.408592420603E-1,-6.716603185047E-1));
#1341=AXIS2_PLACEMENT_3D('',#1338,#1339,#1340);
#1343=DIRECTION('',(0.E0,1.E0,0.E0));
#1344=VECTOR('',#1343,2.354573611682E-1);
#1345=CARTESIAN_POINT('',(2.49E0,1.543571476740E-1,-4.249250952224E0));
#1346=LINE('',#1345,#1344);
#1347=CARTESIAN_POINT('',(2.49E0,3.898145081685E-1,-4.399250952224E0));
#1348=DIRECTION('',(-1.E0,0.E0,0.E0));
#1349=DIRECTION('',(0.E0,4.491066777727E-9,1.E0));
#1350=AXIS2_PLACEMENT_3D('',#1347,#1348,#1349);
#1352=DIRECTION('',(0.E0,7.091564483686E-1,-7.050511554045E-1));
#1353=VECTOR('',#1352,1.725837134499E-2);
#1354=CARTESIAN_POINT('',(2.49E0,4.955721838730E-1,-4.292877486903E0));
#1355=LINE('',#1354,#1353);
#1356=CARTESIAN_POINT('',(2.49E0,6.135687434872E-1,-4.198672055275E0));
#1357=DIRECTION('',(1.E0,0.E0,0.E0));
#1358=DIRECTION('',(0.E0,-7.050511619100E-1,-7.091564419008E-1));
#1359=AXIS2_PLACEMENT_3D('',#1356,#1357,#1358);
#1361=DIRECTION('',(0.E0,1.E0,0.E0));
#1362=VECTOR('',#1361,5.364312571865E-1);
#1363=CARTESIAN_POINT('',(2.49E0,6.135687434871E-1,-4.348672055275E0));
#1364=LINE('',#1363,#1362);
#1365=CARTESIAN_POINT('',(2.49E0,1.150000000674E0,-4.198672055275E0));
#1366=DIRECTION('',(1.E0,0.E0,0.E0));
#1367=DIRECTION('',(0.E0,4.440892098501E-14,-1.E0));
#1368=AXIS2_PLACEMENT_3D('',#1365,#1366,#1367);
#1370=DIRECTION('',(1.E0,0.E0,0.E0));
#1371=VECTOR('',#1370,2.E-1);
#1372=CARTESIAN_POINT('',(2.49E0,3.898145088421E-1,-4.249250952224E0));
#1373=LINE('',#1372,#1371);
#1374=DIRECTION('',(1.E0,0.E0,0.E0));
#1375=VECTOR('',#1374,2.E-1);
#1376=CARTESIAN_POINT('',(2.49E0,4.955721838730E-1,-4.292877486903E0));
#1377=LINE('',#1376,#1375);
#1378=DIRECTION('',(1.E0,0.E0,0.E0));
#1379=VECTOR('',#1378,2.E-1);
#1380=CARTESIAN_POINT('',(2.49E0,5.078110692006E-1,-4.305045521560E0));
#1381=LINE('',#1380,#1379);
#1382=DIRECTION('',(1.E0,0.E0,0.E0));
#1383=VECTOR('',#1382,2.E-1);
#1384=CARTESIAN_POINT('',(2.49E0,6.135687434871E-1,-4.348672055275E0));
#1385=LINE('',#1384,#1383);
#1386=DIRECTION('',(1.E0,0.E0,0.E0));
#1387=VECTOR('',#1386,2.E-1);
#1388=CARTESIAN_POINT('',(2.49E0,1.150000000674E0,-4.348672055275E0));
#1389=LINE('',#1388,#1387);
#1390=DIRECTION('',(9.999999999999E-1,0.E0,4.985648960342E-7));
#1391=VECTOR('',#1390,2.E-1);
#1392=CARTESIAN_POINT('',(2.49E0,1.300000000225E0,-4.198672156693E0));
#1393=LINE('',#1392,#1391);
#1394=DIRECTION('',(-1.E0,0.E0,0.E0));
#1395=VECTOR('',#1394,5.1E-1);
#1396=CARTESIAN_POINT('',(3.E0,-1.E-1,-3.8E0));
#1397=LINE('',#1396,#1395);
#1398=DIRECTION('',(-1.E0,0.E0,0.E0));
#1399=VECTOR('',#1398,2.2E-1);
#1400=CARTESIAN_POINT('',(2.71E0,-9.E-1,-6.E-1));
#1401=LINE('',#1400,#1399);
#1402=DIRECTION('',(0.E0,-1.E0,0.E0));
#1403=VECTOR('',#1402,6.E-1);
#1404=CARTESIAN_POINT('',(2.49E0,-3.E-1,-6.E-1));
#1405=LINE('',#1404,#1403);
#1406=DIRECTION('',(-1.E0,0.E0,0.E0));
#1407=VECTOR('',#1406,2.2E-1);
#1408=CARTESIAN_POINT('',(2.71E0,-3.E-1,-6.E-1));
#1409=LINE('',#1408,#1407);
#1410=DIRECTION('',(0.E0,1.E0,0.E0));
#1411=VECTOR('',#1410,6.E-1);
#1412=CARTESIAN_POINT('',(2.71E0,-9.E-1,-6.E-1));
#1413=LINE('',#1412,#1411);
#1414=DIRECTION('',(0.E0,-7.071067811865E-1,-7.071067811865E-1));
#1415=VECTOR('',#1414,1.414213562373E-1);
#1416=CARTESIAN_POINT('',(2.71E0,-9.E-1,-6.E-1));
#1417=LINE('',#1416,#1415);
#1418=DIRECTION('',(0.E0,7.071067811865E-1,7.071067811865E-1));
#1419=VECTOR('',#1418,1.414213562373E-1);
#1420=CARTESIAN_POINT('',(2.49E0,-1.E0,-7.E-1));
#1421=LINE('',#1420,#1419);
#1422=DIRECTION('',(0.E0,7.071067811865E-1,7.071067811865E-1));
#1423=VECTOR('',#1422,1.414213562373E-1);
#1424=CARTESIAN_POINT('',(2.71E0,-1.E0,-6.E-1));
#1425=LINE('',#1424,#1423);
#1426=DIRECTION('',(0.E0,-1.E0,0.E0));
#1427=VECTOR('',#1426,6.E-1);
#1428=CARTESIAN_POINT('',(2.71E0,-3.E-1,-5.E-1));
#1429=LINE('',#1428,#1427);
#1430=DIRECTION('',(-1.E0,0.E0,0.E0));
#1431=VECTOR('',#1430,1.9E-1);
#1432=CARTESIAN_POINT('',(3.E0,-3.E-1,-4.E-1));
#1433=LINE('',#1432,#1431);
#1434=DIRECTION('',(0.E0,0.E0,-1.E0));
#1435=VECTOR('',#1434,1.E-1);
#1436=CARTESIAN_POINT('',(2.71E0,-3.E-1,-5.E-1));
#1437=LINE('',#1436,#1435);
#1438=DIRECTION('',(1.E0,0.E0,0.E0));
#1439=VECTOR('',#1438,1.9E-1);
#1440=CARTESIAN_POINT('',(2.81E0,-8.E-1,-4.E-1));
#1441=LINE('',#1440,#1439);
#1442=DIRECTION('',(0.E0,-1.E0,0.E0));
#1443=VECTOR('',#1442,5.E-1);
#1444=CARTESIAN_POINT('',(2.81E0,-3.E-1,-4.E-1));
#1445=LINE('',#1444,#1443);
#1446=DIRECTION('',(7.071067811865E-1,0.E0,7.071067811865E-1));
#1447=VECTOR('',#1446,1.414213562373E-1);
#1448=CARTESIAN_POINT('',(2.71E0,-3.E-1,-5.E-1));
#1449=LINE('',#1448,#1447);
#1450=DIRECTION('',(0.E0,0.E0,-1.E0));
#1451=VECTOR('',#1450,2.5E0);
#1452=CARTESIAN_POINT('',(-2.55E0,5.5E-1,0.E0));
#1453=LINE('',#1452,#1451);
#1454=DIRECTION('',(5.773502691896E-1,-5.773502691896E-1,5.773502691896E-1));
#1455=VECTOR('',#1454,2.598076211353E-1);
#1456=CARTESIAN_POINT('',(2.2E0,-1.15E0,-1.5E-1));
#1457=LINE('',#1456,#1455);
#1458=DIRECTION('',(7.071067811865E-1,0.E0,7.071067811865E-1));
#1459=VECTOR('',#1458,2.121320343560E-1);
#1460=CARTESIAN_POINT('',(2.2E0,-1.E-1,-1.5E-1));
#1461=LINE('',#1460,#1459);
#1462=DIRECTION('',(0.E0,-1.E0,0.E0));
#1463=VECTOR('',#1462,5.E-1);
#1464=CARTESIAN_POINT('',(2.2E0,1.05E0,-1.5E-1));
#1465=LINE('',#1464,#1463);
#1466=DIRECTION('',(0.E0,0.E0,-1.E0));
#1467=VECTOR('',#1466,2.35E0);
#1468=CARTESIAN_POINT('',(2.2E0,5.5E-1,-1.5E-1));
#1469=LINE('',#1468,#1467);
#1470=DIRECTION('',(0.E0,1.E0,0.E0));
#1471=VECTOR('',#1470,6.5E-1);
#1472=CARTESIAN_POINT('',(2.2E0,-1.E-1,-2.5E0));
#1473=LINE('',#1472,#1471);
#1474=DIRECTION('',(0.E0,0.E0,-1.E0));
#1475=VECTOR('',#1474,2.35E0);
#1476=CARTESIAN_POINT('',(2.2E0,-1.E-1,-1.5E-1));
#1477=LINE('',#1476,#1475);
#1478=DIRECTION('',(0.E0,-1.E0,0.E0));
#1479=VECTOR('',#1478,1.05E0);
#1480=CARTESIAN_POINT('',(2.2E0,-1.E-1,-1.5E-1));
#1481=LINE('',#1480,#1479);
#1482=DIRECTION('',(0.E0,0.E0,-1.E0));
#1483=VECTOR('',#1482,2.85E0);
#1484=CARTESIAN_POINT('',(2.2E0,-1.15E0,-1.5E-1));
#1485=LINE('',#1484,#1483);
#1486=DIRECTION('',(-7.071067811865E-1,0.E0,-7.071067811865E-1));
#1487=VECTOR('',#1486,2.121320343560E-1);
#1488=CARTESIAN_POINT('',(2.35E0,5.5E-1,0.E0));
#1489=LINE('',#1488,#1487);
#1490=DIRECTION('',(0.E0,0.E0,-1.E0));
#1491=VECTOR('',#1490,2.5E0);
#1492=CARTESIAN_POINT('',(2.55E0,5.5E-1,0.E0));
#1493=LINE('',#1492,#1491);
#1494=DIRECTION('',(0.E0,0.E0,-1.E0));
#1495=VECTOR('',#1494,2.5E0);
#1496=CARTESIAN_POINT('',(2.55E0,-1.E-1,0.E0));
#1497=LINE('',#1496,#1495);
#1498=DIRECTION('',(5.773502691896E-1,5.773502691896E-1,5.773502691896E-1));
#1499=VECTOR('',#1498,2.598076211353E-1);
#1500=CARTESIAN_POINT('',(2.2E0,1.05E0,-1.5E-1));
#1501=LINE('',#1500,#1499);
#1502=DIRECTION('',(1.E0,0.E0,0.E0));
#1503=VECTOR('',#1502,4.4E0);
#1504=CARTESIAN_POINT('',(-2.2E0,1.05E0,-1.5E-1));
#1505=LINE('',#1504,#1503);
#1506=DIRECTION('',(0.E0,0.E0,-1.E0));
#1507=VECTOR('',#1506,2.85E0);
#1508=CARTESIAN_POINT('',(2.2E0,1.05E0,-1.5E-1));
#1509=LINE('',#1508,#1507);
#1510=DIRECTION('',(-1.E0,0.E0,0.E0));
#1511=VECTOR('',#1510,4.4E0);
#1512=CARTESIAN_POINT('',(2.2E0,-1.15E0,-1.5E-1));
#1513=LINE('',#1512,#1511);
#1514=DIRECTION('',(0.E0,0.E0,-1.E0));
#1515=VECTOR('',#1514,2.85E0);
#1516=CARTESIAN_POINT('',(-2.2E0,-1.15E0,-1.5E-1));
#1517=LINE('',#1516,#1515);
#1518=DIRECTION('',(0.E0,-1.E0,0.E0));
#1519=VECTOR('',#1518,7.851641581884E-1);
#1520=CARTESIAN_POINT('',(-1.4E0,-5.E-1,-4.245609462E0));
#1521=LINE('',#1520,#1519);
#1522=CARTESIAN_POINT('',(-1.4E0,-1.285164158188E0,-4.395609462E0));
#1523=DIRECTION('',(1.E0,0.E0,0.E0));
#1524=DIRECTION('',(0.E0,0.E0,1.E0));
#1525=AXIS2_PLACEMENT_3D('',#1522,#1523,#1524);
#1527=DIRECTION('',(0.E0,-6.900822509494E-1,-7.237309492654E-1));
#1528=VECTOR('',#1527,1.515414574400E-2);
#1529=CARTESIAN_POINT('',(-1.4E0,-1.393723800578E0,-4.292097124358E0));
#1530=LINE('',#1529,#1528);
#1531=CARTESIAN_POINT('',(-1.4E0,-1.512741049974E0,-4.199552311E0));
#1532=DIRECTION('',(-1.E0,0.E0,0.E0));
#1533=DIRECTION('',(0.E0,7.237309492654E-1,-6.900822509495E-1));
#1534=AXIS2_PLACEMENT_3D('',#1531,#1532,#1533);
#1536=DIRECTION('',(0.E0,-1.E0,0.E0));
#1537=VECTOR('',#1536,5.822452388940E-1);
#1538=CARTESIAN_POINT('',(-1.4E0,-1.512741049974E0,-4.349552311E0));
#1539=LINE('',#1538,#1537);
#1540=CARTESIAN_POINT('',(-1.4E0,-2.094986288868E0,-4.249504622437E0));
#1541=DIRECTION('',(-1.E0,0.E0,0.E0));
#1542=DIRECTION('',(0.E0,5.770407903416E-14,-1.E0));
#1543=AXIS2_PLACEMENT_3D('',#1540,#1541,#1542);
#1545=DIRECTION('',(0.E0,1.E0,0.E0));
#1546=VECTOR('',#1545,2.328274522473E-1);
#1547=CARTESIAN_POINT('',(-1.4E0,-2.094986288868E0,-4.149456933873E0));
#1548=LINE('',#1547,#1546);
#1549=CARTESIAN_POINT('',(-1.4E0,-1.862158836621E0,-3.999456933873E0));
#1550=DIRECTION('',(1.E0,0.E0,0.E0));
#1551=DIRECTION('',(0.E0,-4.440892098501E-14,-1.E0));
#1552=AXIS2_PLACEMENT_3D('',#1549,#1550,#1551);
#1554=DIRECTION('',(0.E0,7.071049751719E-1,7.071085871966E-1));
#1555=VECTOR('',#1554,3.760570691286E-1);
#1556=CARTESIAN_POINT('',(-1.4E0,-1.756026843330E0,-4.105456933873E0));
#1557=LINE('',#1556,#1555);
#1558=CARTESIAN_POINT('',(-1.4E0,-1.384048647150E0,-3.945609580863E0));
#1559=DIRECTION('',(-1.E0,0.E0,0.E0));
#1560=DIRECTION('',(0.E0,-7.071085871966E-1,7.071049751719E-1));
#1561=AXIS2_PLACEMENT_3D('',#1558,#1559,#1560);
#1563=DIRECTION('',(0.E0,5.442736473501E-2,9.985177324254E-1));
#1564=VECTOR('',#1563,1.652449372123E0);
#1565=CARTESIAN_POINT('',(-1.4E0,1.294210116644E-1,-3.E0));
#1566=LINE('',#1565,#1564);
#1567=DIRECTION('',(0.E0,1.E0,0.E0));
#1568=VECTOR('',#1567,3.806405236529E-1);
#1569=CARTESIAN_POINT('',(-1.4E0,2.193594763471E-1,-1.35E0));
#1570=LINE('',#1569,#1568);
#1571=DIRECTION('',(0.E0,0.E0,-1.E0));
#1572=VECTOR('',#1571,1.610199266002E0);
#1573=CARTESIAN_POINT('',(-1.4E0,6.E-1,-1.35E0));
#1574=LINE('',#1573,#1572);
#1575=CARTESIAN_POINT('',(-1.4E0,7.497341223456E-1,-2.960199266002E0));
#1576=DIRECTION('',(1.E0,0.E0,0.E0));
#1577=DIRECTION('',(0.E0,-1.E0,1.779511054234E-14));
#1578=AXIS2_PLACEMENT_3D('',#1575,#1576,#1577);
#1580=DIRECTION('',(0.E0,0.E0,-1.E0));
#1581=VECTOR('',#1580,4.560946200018E-2);
#1582=CARTESIAN_POINT('',(1.6E0,-5.E-1,-4.2E0));
#1583=LINE('',#1582,#1581);
#1584=DIRECTION('',(0.E0,0.E0,-1.E0));
#1585=VECTOR('',#1584,1.E-1);
#1586=CARTESIAN_POINT('',(2.25E0,-5.E-1,-4.2E0));
#1587=LINE('',#1586,#1585);
#1588=DIRECTION('',(-1.E0,0.E0,0.E0));
#1589=VECTOR('',#1588,4.5E0);
#1590=CARTESIAN_POINT('',(2.25E0,-5.E-1,-4.3E0));
#1591=LINE('',#1590,#1589);
#1592=DIRECTION('',(0.E0,0.E0,1.E0));
#1593=VECTOR('',#1592,1.E-1);
#1594=CARTESIAN_POINT('',(-2.25E0,-5.E-1,-4.3E0));
#1595=LINE('',#1594,#1593);
#1596=DIRECTION('',(0.E0,0.E0,-1.E0));
#1597=VECTOR('',#1596,4.560946200018E-2);
#1598=CARTESIAN_POINT('',(-1.6E0,-5.E-1,-4.2E0));
#1599=LINE('',#1598,#1597);
#1600=DIRECTION('',(-1.E0,0.E0,0.E0));
#1601=VECTOR('',#1600,2.E-1);
#1602=CARTESIAN_POINT('',(-1.4E0,-5.E-1,-4.245609462E0));
#1603=LINE('',#1602,#1601);
#1604=DIRECTION('',(0.E0,0.E0,-1.E0));
#1605=VECTOR('',#1604,4.560946200018E-2);
#1606=CARTESIAN_POINT('',(-1.4E0,-5.E-1,-4.2E0));
#1607=LINE('',#1606,#1605);
#1608=DIRECTION('',(0.E0,0.E0,-1.E0));
#1609=VECTOR('',#1608,4.560946200018E-2);
#1610=CARTESIAN_POINT('',(-6.E-1,-5.E-1,-4.2E0));
#1611=LINE('',#1610,#1609);
#1612=DIRECTION('',(-1.E0,0.E0,0.E0));
#1613=VECTOR('',#1612,2.E-1);
#1614=CARTESIAN_POINT('',(-4.E-1,-5.E-1,-4.245609462E0));
#1615=LINE('',#1614,#1613);
#1616=DIRECTION('',(0.E0,0.E0,-1.E0));
#1617=VECTOR('',#1616,4.560946200018E-2);
#1618=CARTESIAN_POINT('',(-4.E-1,-5.E-1,-4.2E0));
#1619=LINE('',#1618,#1617);
#1620=DIRECTION('',(0.E0,0.E0,-1.E0));
#1621=VECTOR('',#1620,4.560946200018E-2);
#1622=CARTESIAN_POINT('',(4.E-1,-5.E-1,-4.2E0));
#1623=LINE('',#1622,#1621);
#1624=DIRECTION('',(-1.E0,0.E0,0.E0));
#1625=VECTOR('',#1624,2.E-1);
#1626=CARTESIAN_POINT('',(6.E-1,-5.E-1,-4.245609462E0));
#1627=LINE('',#1626,#1625);
#1628=DIRECTION('',(0.E0,0.E0,-1.E0));
#1629=VECTOR('',#1628,4.560946200018E-2);
#1630=CARTESIAN_POINT('',(6.E-1,-5.E-1,-4.2E0));
#1631=LINE('',#1630,#1629);
#1632=DIRECTION('',(0.E0,0.E0,-1.E0));
#1633=VECTOR('',#1632,4.560946200018E-2);
#1634=CARTESIAN_POINT('',(1.4E0,-5.E-1,-4.2E0));
#1635=LINE('',#1634,#1633);
#1636=DIRECTION('',(-1.E0,0.E0,0.E0));
#1637=VECTOR('',#1636,2.E-1);
#1638=CARTESIAN_POINT('',(1.6E0,-5.E-1,-4.245609462E0));
#1639=LINE('',#1638,#1637);
#1640=DIRECTION('',(0.E0,-1.E0,0.E0));
#1641=VECTOR('',#1640,1.9E0);
#1642=CARTESIAN_POINT('',(2.25E0,1.4E0,-4.3E0));
#1643=LINE('',#1642,#1641);
#1644=DIRECTION('',(0.E0,-1.E0,0.E0));
#1645=VECTOR('',#1644,1.9E0);
#1646=CARTESIAN_POINT('',(-2.25E0,1.4E0,-4.3E0));
#1647=LINE('',#1646,#1645);
#1648=DIRECTION('',(-1.E0,0.E0,0.E0));
#1649=VECTOR('',#1648,2.E-1);
#1650=CARTESIAN_POINT('',(-1.4E0,-1.285164158188E0,-4.245609462E0));
#1651=LINE('',#1650,#1649);
#1652=DIRECTION('',(-1.E0,0.E0,0.E0));
#1653=VECTOR('',#1652,2.E-1);
#1654=CARTESIAN_POINT('',(-1.4E0,-1.393723800578E0,-4.292097124358E0));
#1655=LINE('',#1654,#1653);
#1656=DIRECTION('',(-1.E0,0.E0,0.E0));
#1657=VECTOR('',#1656,2.E-1);
#1658=CARTESIAN_POINT('',(-1.4E0,-1.404181407584E0,-4.303064648642E0));
#1659=LINE('',#1658,#1657);
#1660=DIRECTION('',(-1.E0,0.E0,0.E0));
#1661=VECTOR('',#1660,2.E-1);
#1662=CARTESIAN_POINT('',(-1.4E0,-1.512741049974E0,-4.349552311E0));
#1663=LINE('',#1662,#1661);
#1664=DIRECTION('',(-1.E0,0.E0,0.E0));
#1665=VECTOR('',#1664,2.E-1);
#1666=CARTESIAN_POINT('',(-1.4E0,-2.094986288868E0,-4.349552311E0));
#1667=LINE('',#1666,#1665);
#1668=DIRECTION('',(-1.E0,0.E0,0.E0));
#1669=VECTOR('',#1668,2.E-1);
#1670=CARTESIAN_POINT('',(-1.4E0,-2.094986288868E0,-4.149456933873E0));
#1671=LINE('',#1670,#1669);
#1672=DIRECTION('',(-1.E0,0.E0,0.E0));
#1673=VECTOR('',#1672,2.E-1);
#1674=CARTESIAN_POINT('',(-1.4E0,-1.862158836621E0,-4.149456933873E0));
#1675=LINE('',#1674,#1673);
#1676=DIRECTION('',(-1.E0,0.E0,0.E0));
#1677=VECTOR('',#1676,2.E-1);
#1678=CARTESIAN_POINT('',(-1.4E0,-1.756026843330E0,-4.105456933873E0));
#1679=LINE('',#1678,#1677);
#1680=DIRECTION('',(-1.E0,0.E0,0.E0));
#1681=VECTOR('',#1680,2.E-1);
#1682=CARTESIAN_POINT('',(-1.4E0,-1.490115018800E0,-3.839543751016E0));
#1683=LINE('',#1682,#1681);
#1684=CARTESIAN_POINT('',(-6.E-1,7.497341223456E-1,-2.960199266002E0));
#1685=DIRECTION('',(1.E0,0.E0,0.E0));
#1686=DIRECTION('',(0.E0,-1.E0,1.779511054234E-14));
#1687=AXIS2_PLACEMENT_3D('',#1684,#1685,#1686);
#1689=DIRECTION('',(0.E0,0.E0,-1.E0));
#1690=VECTOR('',#1689,1.610199266002E0);
#1691=CARTESIAN_POINT('',(-6.E-1,6.E-1,-1.35E0));
#1692=LINE('',#1691,#1690);
#1693=DIRECTION('',(0.E0,1.E0,0.E0));
#1694=VECTOR('',#1693,3.806405236529E-1);
#1695=CARTESIAN_POINT('',(-6.E-1,2.193594763471E-1,-1.35E0));
#1696=LINE('',#1695,#1694);
#1697=DIRECTION('',(0.E0,5.442736473501E-2,9.985177324254E-1));
#1698=VECTOR('',#1697,1.652449372123E0);
#1699=CARTESIAN_POINT('',(-6.E-1,1.294210116644E-1,-3.E0));
#1700=LINE('',#1699,#1698);
#1701=CARTESIAN_POINT('',(-6.E-1,-1.384048647150E0,-3.945609580863E0));
#1702=DIRECTION('',(-1.E0,0.E0,0.E0));
#1703=DIRECTION('',(0.E0,-7.071085871966E-1,7.071049751719E-1));
#1704=AXIS2_PLACEMENT_3D('',#1701,#1702,#1703);
#1706=DIRECTION('',(0.E0,7.071049751719E-1,7.071085871966E-1));
#1707=VECTOR('',#1706,3.760570691286E-1);
#1708=CARTESIAN_POINT('',(-6.E-1,-1.756026843330E0,-4.105456933873E0));
#1709=LINE('',#1708,#1707);
#1710=CARTESIAN_POINT('',(-6.E-1,-1.862158836621E0,-3.999456933873E0));
#1711=DIRECTION('',(1.E0,0.E0,0.E0));
#1712=DIRECTION('',(0.E0,-4.440892098501E-14,-1.E0));
#1713=AXIS2_PLACEMENT_3D('',#1710,#1711,#1712);
#1715=DIRECTION('',(0.E0,1.E0,0.E0));
#1716=VECTOR('',#1715,2.328274522473E-1);
#1717=CARTESIAN_POINT('',(-6.E-1,-2.094986288868E0,-4.149456933873E0));
#1718=LINE('',#1717,#1716);
#1719=CARTESIAN_POINT('',(-6.E-1,-2.094986288868E0,-4.249504622437E0));
#1720=DIRECTION('',(-1.E0,0.E0,0.E0));
#1721=DIRECTION('',(0.E0,5.770407903416E-14,-1.E0));
#1722=AXIS2_PLACEMENT_3D('',#1719,#1720,#1721);
#1724=DIRECTION('',(0.E0,-1.E0,0.E0));
#1725=VECTOR('',#1724,5.822452388940E-1);
#1726=CARTESIAN_POINT('',(-6.E-1,-1.512741049974E0,-4.349552311E0));
#1727=LINE('',#1726,#1725);
#1728=CARTESIAN_POINT('',(-6.E-1,-1.512741049974E0,-4.199552311E0));
#1729=DIRECTION('',(-1.E0,0.E0,0.E0));
#1730=DIRECTION('',(0.E0,7.237309492654E-1,-6.900822509495E-1));
#1731=AXIS2_PLACEMENT_3D('',#1728,#1729,#1730);
#1733=DIRECTION('',(0.E0,-6.900822509494E-1,-7.237309492654E-1));
#1734=VECTOR('',#1733,1.515414574400E-2);
#1735=CARTESIAN_POINT('',(-6.E-1,-1.393723800578E0,-4.292097124358E0));
#1736=LINE('',#1735,#1734);
#1737=CARTESIAN_POINT('',(-6.E-1,-1.285164158188E0,-4.395609462E0));
#1738=DIRECTION('',(1.E0,0.E0,0.E0));
#1739=DIRECTION('',(0.E0,0.E0,1.E0));
#1740=AXIS2_PLACEMENT_3D('',#1737,#1738,#1739);
#1742=DIRECTION('',(0.E0,-1.E0,0.E0));
#1743=VECTOR('',#1742,7.851641581884E-1);
#1744=CARTESIAN_POINT('',(-6.E-1,-5.E-1,-4.245609462E0));
#1745=LINE('',#1744,#1743);
#1746=DIRECTION('',(-1.E0,0.E0,0.E0));
#1747=VECTOR('',#1746,2.E-1);
#1748=CARTESIAN_POINT('',(-4.E-1,6.E-1,-2.960199266002E0));
#1749=LINE('',#1748,#1747);
#1750=CARTESIAN_POINT('',(-4.E-1,7.497341223456E-1,-2.960199266002E0));
#1751=DIRECTION('',(1.E0,0.E0,0.E0));
#1752=DIRECTION('',(0.E0,-1.E0,1.779511054234E-14));
#1753=AXIS2_PLACEMENT_3D('',#1750,#1751,#1752);
#1755=DIRECTION('',(0.E0,5.442736473501E-2,9.985177324254E-1));
#1756=VECTOR('',#1755,1.652449372123E0);
#1757=CARTESIAN_POINT('',(-4.E-1,1.294210116644E-1,-3.E0));
#1758=LINE('',#1757,#1756);
#1759=DIRECTION('',(0.E0,1.E0,0.E0));
#1760=VECTOR('',#1759,3.806405236529E-1);
#1761=CARTESIAN_POINT('',(-4.E-1,2.193594763471E-1,-1.35E0));
#1762=LINE('',#1761,#1760);
#1763=DIRECTION('',(0.E0,0.E0,-1.E0));
#1764=VECTOR('',#1763,1.610199266002E0);
#1765=CARTESIAN_POINT('',(-4.E-1,6.E-1,-1.35E0));
#1766=LINE('',#1765,#1764);
#1767=DIRECTION('',(0.E0,-1.E0,0.E0));
#1768=VECTOR('',#1767,7.851641581884E-1);
#1769=CARTESIAN_POINT('',(-4.E-1,-5.E-1,-4.245609462E0));
#1770=LINE('',#1769,#1768);
#1771=CARTESIAN_POINT('',(-4.E-1,-1.285164158188E0,-4.395609462E0));
#1772=DIRECTION('',(1.E0,0.E0,0.E0));
#1773=DIRECTION('',(0.E0,0.E0,1.E0));
#1774=AXIS2_PLACEMENT_3D('',#1771,#1772,#1773);
#1776=DIRECTION('',(0.E0,-6.900822509494E-1,-7.237309492654E-1));
#1777=VECTOR('',#1776,1.515414574400E-2);
#1778=CARTESIAN_POINT('',(-4.E-1,-1.393723800578E0,-4.292097124358E0));
#1779=LINE('',#1778,#1777);
#1780=CARTESIAN_POINT('',(-4.E-1,-1.512741049974E0,-4.199552311E0));
#1781=DIRECTION('',(-1.E0,0.E0,0.E0));
#1782=DIRECTION('',(0.E0,7.237309492654E-1,-6.900822509495E-1));
#1783=AXIS2_PLACEMENT_3D('',#1780,#1781,#1782);
#1785=DIRECTION('',(0.E0,-1.E0,0.E0));
#1786=VECTOR('',#1785,5.822452388940E-1);
#1787=CARTESIAN_POINT('',(-4.E-1,-1.512741049974E0,-4.349552311E0));
#1788=LINE('',#1787,#1786);
#1789=CARTESIAN_POINT('',(-4.E-1,-2.094986288868E0,-4.249504622437E0));
#1790=DIRECTION('',(-1.E0,0.E0,0.E0));
#1791=DIRECTION('',(0.E0,5.770407903416E-14,-1.E0));
#1792=AXIS2_PLACEMENT_3D('',#1789,#1790,#1791);
#1794=DIRECTION('',(0.E0,1.E0,0.E0));
#1795=VECTOR('',#1794,2.328274522473E-1);
#1796=CARTESIAN_POINT('',(-4.E-1,-2.094986288868E0,-4.149456933873E0));
#1797=LINE('',#1796,#1795);
#1798=CARTESIAN_POINT('',(-4.E-1,-1.862158836621E0,-3.999456933873E0));
#1799=DIRECTION('',(1.E0,0.E0,0.E0));
#1800=DIRECTION('',(0.E0,-4.440892098501E-14,-1.E0));
#1801=AXIS2_PLACEMENT_3D('',#1798,#1799,#1800);
#1803=DIRECTION('',(0.E0,7.071049751719E-1,7.071085871966E-1));
#1804=VECTOR('',#1803,3.760570691286E-1);
#1805=CARTESIAN_POINT('',(-4.E-1,-1.756026843330E0,-4.105456933873E0));
#1806=LINE('',#1805,#1804);
#1807=CARTESIAN_POINT('',(-4.E-1,-1.384048647150E0,-3.945609580863E0));
#1808=DIRECTION('',(-1.E0,0.E0,0.E0));
#1809=DIRECTION('',(0.E0,-7.071085871966E-1,7.071049751719E-1));
#1810=AXIS2_PLACEMENT_3D('',#1807,#1808,#1809);
#1812=DIRECTION('',(-1.E0,0.E0,0.E0));
#1813=VECTOR('',#1812,2.E-1);
#1814=CARTESIAN_POINT('',(-4.E-1,2.193594763471E-1,-1.35E0));
#1815=LINE('',#1814,#1813);
#1816=DIRECTION('',(-1.E0,0.E0,0.E0));
#1817=VECTOR('',#1816,2.E-1);
#1818=CARTESIAN_POINT('',(-4.E-1,6.E-1,-1.35E0));
#1819=LINE('',#1818,#1817);
#1820=DIRECTION('',(-1.E0,0.E0,0.E0));
#1821=VECTOR('',#1820,2.E-1);
#1822=CARTESIAN_POINT('',(-4.E-1,-1.285164158188E0,-4.245609462E0));
#1823=LINE('',#1822,#1821);
#1824=DIRECTION('',(-1.E0,0.E0,0.E0));
#1825=VECTOR('',#1824,2.E-1);
#1826=CARTESIAN_POINT('',(-4.E-1,-1.393723800578E0,-4.292097124358E0));
#1827=LINE('',#1826,#1825);
#1828=DIRECTION('',(-1.E0,0.E0,0.E0));
#1829=VECTOR('',#1828,2.E-1);
#1830=CARTESIAN_POINT('',(-4.E-1,-1.404181407584E0,-4.303064648642E0));
#1831=LINE('',#1830,#1829);
#1832=DIRECTION('',(-1.E0,0.E0,0.E0));
#1833=VECTOR('',#1832,2.E-1);
#1834=CARTESIAN_POINT('',(-4.E-1,-1.512741049974E0,-4.349552311E0));
#1835=LINE('',#1834,#1833);
#1836=DIRECTION('',(-1.E0,0.E0,0.E0));
#1837=VECTOR('',#1836,2.E-1);
#1838=CARTESIAN_POINT('',(-4.E-1,-2.094986288868E0,-4.349552311E0));
#1839=LINE('',#1838,#1837);
#1840=DIRECTION('',(-1.E0,0.E0,0.E0));
#1841=VECTOR('',#1840,2.E-1);
#1842=CARTESIAN_POINT('',(-4.E-1,-2.094986288868E0,-4.149456933873E0));
#1843=LINE('',#1842,#1841);
#1844=DIRECTION('',(-1.E0,0.E0,0.E0));
#1845=VECTOR('',#1844,2.E-1);
#1846=CARTESIAN_POINT('',(-4.E-1,-1.862158836621E0,-4.149456933873E0));
#1847=LINE('',#1846,#1845);
#1848=DIRECTION('',(-1.E0,0.E0,0.E0));
#1849=VECTOR('',#1848,2.E-1);
#1850=CARTESIAN_POINT('',(-4.E-1,-1.756026843330E0,-4.105456933873E0));
#1851=LINE('',#1850,#1849);
#1852=DIRECTION('',(-1.E0,0.E0,0.E0));
#1853=VECTOR('',#1852,2.E-1);
#1854=CARTESIAN_POINT('',(-4.E-1,-1.490115018800E0,-3.839543751016E0));
#1855=LINE('',#1854,#1853);
#1856=CARTESIAN_POINT('',(4.E-1,7.497341223456E-1,-2.960199266002E0));
#1857=DIRECTION('',(1.E0,0.E0,0.E0));
#1858=DIRECTION('',(0.E0,-1.E0,1.779511054234E-14));
#1859=AXIS2_PLACEMENT_3D('',#1856,#1857,#1858);
#1861=DIRECTION('',(0.E0,0.E0,-1.E0));
#1862=VECTOR('',#1861,1.610199266002E0);
#1863=CARTESIAN_POINT('',(4.E-1,6.E-1,-1.35E0));
#1864=LINE('',#1863,#1862);
#1865=DIRECTION('',(0.E0,1.E0,0.E0));
#1866=VECTOR('',#1865,3.806405236529E-1);
#1867=CARTESIAN_POINT('',(4.E-1,2.193594763471E-1,-1.35E0));
#1868=LINE('',#1867,#1866);
#1869=DIRECTION('',(0.E0,5.442736473501E-2,9.985177324254E-1));
#1870=VECTOR('',#1869,1.652449372123E0);
#1871=CARTESIAN_POINT('',(4.E-1,1.294210116644E-1,-3.E0));
#1872=LINE('',#1871,#1870);
#1873=CARTESIAN_POINT('',(4.E-1,-1.384048647150E0,-3.945609580863E0));
#1874=DIRECTION('',(-1.E0,0.E0,0.E0));
#1875=DIRECTION('',(0.E0,-7.071085871966E-1,7.071049751719E-1));
#1876=AXIS2_PLACEMENT_3D('',#1873,#1874,#1875);
#1878=DIRECTION('',(0.E0,7.071049751719E-1,7.071085871966E-1));
#1879=VECTOR('',#1878,3.760570691286E-1);
#1880=CARTESIAN_POINT('',(4.E-1,-1.756026843330E0,-4.105456933873E0));
#1881=LINE('',#1880,#1879);
#1882=CARTESIAN_POINT('',(4.E-1,-1.862158836621E0,-3.999456933873E0));
#1883=DIRECTION('',(1.E0,0.E0,0.E0));
#1884=DIRECTION('',(0.E0,-4.440892098501E-14,-1.E0));
#1885=AXIS2_PLACEMENT_3D('',#1882,#1883,#1884);
#1887=DIRECTION('',(0.E0,1.E0,0.E0));
#1888=VECTOR('',#1887,2.328274522473E-1);
#1889=CARTESIAN_POINT('',(4.E-1,-2.094986288868E0,-4.149456933873E0));
#1890=LINE('',#1889,#1888);
#1891=CARTESIAN_POINT('',(4.E-1,-2.094986288868E0,-4.249504622437E0));
#1892=DIRECTION('',(-1.E0,0.E0,0.E0));
#1893=DIRECTION('',(0.E0,5.770407903416E-14,-1.E0));
#1894=AXIS2_PLACEMENT_3D('',#1891,#1892,#1893);
#1896=DIRECTION('',(0.E0,-1.E0,0.E0));
#1897=VECTOR('',#1896,5.822452388940E-1);
#1898=CARTESIAN_POINT('',(4.E-1,-1.512741049974E0,-4.349552311E0));
#1899=LINE('',#1898,#1897);
#1900=CARTESIAN_POINT('',(4.E-1,-1.512741049974E0,-4.199552311E0));
#1901=DIRECTION('',(-1.E0,0.E0,0.E0));
#1902=DIRECTION('',(0.E0,7.237309492654E-1,-6.900822509495E-1));
#1903=AXIS2_PLACEMENT_3D('',#1900,#1901,#1902);
#1905=DIRECTION('',(0.E0,-6.900822509494E-1,-7.237309492654E-1));
#1906=VECTOR('',#1905,1.515414574400E-2);
#1907=CARTESIAN_POINT('',(4.E-1,-1.393723800578E0,-4.292097124358E0));
#1908=LINE('',#1907,#1906);
#1909=CARTESIAN_POINT('',(4.E-1,-1.285164158188E0,-4.395609462E0));
#1910=DIRECTION('',(1.E0,0.E0,0.E0));
#1911=DIRECTION('',(0.E0,0.E0,1.E0));
#1912=AXIS2_PLACEMENT_3D('',#1909,#1910,#1911);
#1914=DIRECTION('',(0.E0,-1.E0,0.E0));
#1915=VECTOR('',#1914,7.851641581884E-1);
#1916=CARTESIAN_POINT('',(4.E-1,-5.E-1,-4.245609462E0));
#1917=LINE('',#1916,#1915);
#1918=DIRECTION('',(-1.E0,0.E0,0.E0));
#1919=VECTOR('',#1918,2.E-1);
#1920=CARTESIAN_POINT('',(6.E-1,6.E-1,-2.960199266002E0));
#1921=LINE('',#1920,#1919);
#1922=CARTESIAN_POINT('',(6.E-1,7.497341223456E-1,-2.960199266002E0));
#1923=DIRECTION('',(1.E0,0.E0,0.E0));
#1924=DIRECTION('',(0.E0,-1.E0,1.779511054234E-14));
#1925=AXIS2_PLACEMENT_3D('',#1922,#1923,#1924);
#1927=DIRECTION('',(0.E0,5.442736473501E-2,9.985177324254E-1));
#1928=VECTOR('',#1927,1.652449372123E0);
#1929=CARTESIAN_POINT('',(6.E-1,1.294210116644E-1,-3.E0));
#1930=LINE('',#1929,#1928);
#1931=DIRECTION('',(0.E0,1.E0,0.E0));
#1932=VECTOR('',#1931,3.806405236529E-1);
#1933=CARTESIAN_POINT('',(6.E-1,2.193594763471E-1,-1.35E0));
#1934=LINE('',#1933,#1932);
#1935=DIRECTION('',(0.E0,0.E0,-1.E0));
#1936=VECTOR('',#1935,1.610199266002E0);
#1937=CARTESIAN_POINT('',(6.E-1,6.E-1,-1.35E0));
#1938=LINE('',#1937,#1936);
#1939=DIRECTION('',(0.E0,-1.E0,0.E0));
#1940=VECTOR('',#1939,7.851641581884E-1);
#1941=CARTESIAN_POINT('',(6.E-1,-5.E-1,-4.245609462E0));
#1942=LINE('',#1941,#1940);
#1943=CARTESIAN_POINT('',(6.E-1,-1.285164158188E0,-4.395609462E0));
#1944=DIRECTION('',(1.E0,0.E0,0.E0));
#1945=DIRECTION('',(0.E0,0.E0,1.E0));
#1946=AXIS2_PLACEMENT_3D('',#1943,#1944,#1945);
#1948=DIRECTION('',(0.E0,-6.900822509494E-1,-7.237309492654E-1));
#1949=VECTOR('',#1948,1.515414574400E-2);
#1950=CARTESIAN_POINT('',(6.E-1,-1.393723800578E0,-4.292097124358E0));
#1951=LINE('',#1950,#1949);
#1952=CARTESIAN_POINT('',(6.E-1,-1.512741049974E0,-4.199552311E0));
#1953=DIRECTION('',(-1.E0,0.E0,0.E0));
#1954=DIRECTION('',(0.E0,7.237309492654E-1,-6.900822509495E-1));
#1955=AXIS2_PLACEMENT_3D('',#1952,#1953,#1954);
#1957=DIRECTION('',(0.E0,-1.E0,0.E0));
#1958=VECTOR('',#1957,5.822452388940E-1);
#1959=CARTESIAN_POINT('',(6.E-1,-1.512741049974E0,-4.349552311E0));
#1960=LINE('',#1959,#1958);
#1961=CARTESIAN_POINT('',(6.E-1,-2.094986288868E0,-4.249504622437E0));
#1962=DIRECTION('',(-1.E0,0.E0,0.E0));
#1963=DIRECTION('',(0.E0,5.770407903416E-14,-1.E0));
#1964=AXIS2_PLACEMENT_3D('',#1961,#1962,#1963);
#1966=DIRECTION('',(0.E0,1.E0,0.E0));
#1967=VECTOR('',#1966,2.328274522473E-1);
#1968=CARTESIAN_POINT('',(6.E-1,-2.094986288868E0,-4.149456933873E0));
#1969=LINE('',#1968,#1967);
#1970=CARTESIAN_POINT('',(6.E-1,-1.862158836621E0,-3.999456933873E0));
#1971=DIRECTION('',(1.E0,0.E0,0.E0));
#1972=DIRECTION('',(0.E0,-4.440892098501E-14,-1.E0));
#1973=AXIS2_PLACEMENT_3D('',#1970,#1971,#1972);
#1975=DIRECTION('',(0.E0,7.071049751719E-1,7.071085871966E-1));
#1976=VECTOR('',#1975,3.760570691286E-1);
#1977=CARTESIAN_POINT('',(6.E-1,-1.756026843330E0,-4.105456933873E0));
#1978=LINE('',#1977,#1976);
#1979=CARTESIAN_POINT('',(6.E-1,-1.384048647150E0,-3.945609580863E0));
#1980=DIRECTION('',(-1.E0,0.E0,0.E0));
#1981=DIRECTION('',(0.E0,-7.071085871966E-1,7.071049751719E-1));
#1982=AXIS2_PLACEMENT_3D('',#1979,#1980,#1981);
#1984=DIRECTION('',(-1.E0,0.E0,0.E0));
#1985=VECTOR('',#1984,2.E-1);
#1986=CARTESIAN_POINT('',(6.E-1,2.193594763471E-1,-1.35E0));
#1987=LINE('',#1986,#1985);
#1988=DIRECTION('',(-1.E0,0.E0,0.E0));
#1989=VECTOR('',#1988,2.E-1);
#1990=CARTESIAN_POINT('',(6.E-1,6.E-1,-1.35E0));
#1991=LINE('',#1990,#1989);
#1992=DIRECTION('',(-1.E0,0.E0,0.E0));
#1993=VECTOR('',#1992,2.E-1);
#1994=CARTESIAN_POINT('',(6.E-1,-1.285164158188E0,-4.245609462E0));
#1995=LINE('',#1994,#1993);
#1996=DIRECTION('',(-1.E0,0.E0,0.E0));
#1997=VECTOR('',#1996,2.E-1);
#1998=CARTESIAN_POINT('',(6.E-1,-1.393723800578E0,-4.292097124358E0));
#1999=LINE('',#1998,#1997);
#2000=DIRECTION('',(-1.E0,0.E0,0.E0));
#2001=VECTOR('',#2000,2.E-1);
#2002=CARTESIAN_POINT('',(6.E-1,-1.404181407584E0,-4.303064648642E0));
#2003=LINE('',#2002,#2001);
#2004=DIRECTION('',(-1.E0,0.E0,0.E0));
#2005=VECTOR('',#2004,2.E-1);
#2006=CARTESIAN_POINT('',(6.E-1,-1.512741049974E0,-4.349552311E0));
#2007=LINE('',#2006,#2005);
#2008=DIRECTION('',(-1.E0,0.E0,0.E0));
#2009=VECTOR('',#2008,2.E-1);
#2010=CARTESIAN_POINT('',(6.E-1,-2.094986288868E0,-4.349552311E0));
#2011=LINE('',#2010,#2009);
#2012=DIRECTION('',(-1.E0,0.E0,0.E0));
#2013=VECTOR('',#2012,2.E-1);
#2014=CARTESIAN_POINT('',(6.E-1,-2.094986288868E0,-4.149456933873E0));
#2015=LINE('',#2014,#2013);
#2016=DIRECTION('',(-1.E0,0.E0,0.E0));
#2017=VECTOR('',#2016,2.E-1);
#2018=CARTESIAN_POINT('',(6.E-1,-1.862158836621E0,-4.149456933873E0));
#2019=LINE('',#2018,#2017);
#2020=DIRECTION('',(-1.E0,0.E0,0.E0));
#2021=VECTOR('',#2020,2.E-1);
#2022=CARTESIAN_POINT('',(6.E-1,-1.756026843330E0,-4.105456933873E0));
#2023=LINE('',#2022,#2021);
#2024=DIRECTION('',(-1.E0,0.E0,0.E0));
#2025=VECTOR('',#2024,2.E-1);
#2026=CARTESIAN_POINT('',(6.E-1,-1.490115018800E0,-3.839543751016E0));
#2027=LINE('',#2026,#2025);
#2028=CARTESIAN_POINT('',(1.4E0,7.497341223456E-1,-2.960199266002E0));
#2029=DIRECTION('',(1.E0,0.E0,0.E0));
#2030=DIRECTION('',(0.E0,-1.E0,1.779511054234E-14));
#2031=AXIS2_PLACEMENT_3D('',#2028,#2029,#2030);
#2033=DIRECTION('',(0.E0,0.E0,-1.E0));
#2034=VECTOR('',#2033,1.610199266002E0);
#2035=CARTESIAN_POINT('',(1.4E0,6.E-1,-1.35E0));
#2036=LINE('',#2035,#2034);
#2037=DIRECTION('',(0.E0,1.E0,0.E0));
#2038=VECTOR('',#2037,3.806405236529E-1);
#2039=CARTESIAN_POINT('',(1.4E0,2.193594763471E-1,-1.35E0));
#2040=LINE('',#2039,#2038);
#2041=DIRECTION('',(0.E0,5.442736473501E-2,9.985177324254E-1));
#2042=VECTOR('',#2041,1.652449372123E0);
#2043=CARTESIAN_POINT('',(1.4E0,1.294210116644E-1,-3.E0));
#2044=LINE('',#2043,#2042);
#2045=CARTESIAN_POINT('',(1.4E0,-1.384048647150E0,-3.945609580863E0));
#2046=DIRECTION('',(-1.E0,0.E0,0.E0));
#2047=DIRECTION('',(0.E0,-7.071085871966E-1,7.071049751719E-1));
#2048=AXIS2_PLACEMENT_3D('',#2045,#2046,#2047);
#2050=DIRECTION('',(0.E0,7.071049751719E-1,7.071085871966E-1));
#2051=VECTOR('',#2050,3.760570691286E-1);
#2052=CARTESIAN_POINT('',(1.4E0,-1.756026843330E0,-4.105456933873E0));
#2053=LINE('',#2052,#2051);
#2054=CARTESIAN_POINT('',(1.4E0,-1.862158836621E0,-3.999456933873E0));
#2055=DIRECTION('',(1.E0,0.E0,0.E0));
#2056=DIRECTION('',(0.E0,-4.440892098501E-14,-1.E0));
#2057=AXIS2_PLACEMENT_3D('',#2054,#2055,#2056);
#2059=DIRECTION('',(0.E0,1.E0,0.E0));
#2060=VECTOR('',#2059,2.328274522473E-1);
#2061=CARTESIAN_POINT('',(1.4E0,-2.094986288868E0,-4.149456933873E0));
#2062=LINE('',#2061,#2060);
#2063=CARTESIAN_POINT('',(1.4E0,-2.094986288868E0,-4.249504622437E0));
#2064=DIRECTION('',(-1.E0,0.E0,0.E0));
#2065=DIRECTION('',(0.E0,5.770407903416E-14,-1.E0));
#2066=AXIS2_PLACEMENT_3D('',#2063,#2064,#2065);
#2068=DIRECTION('',(0.E0,-1.E0,0.E0));
#2069=VECTOR('',#2068,5.822452388940E-1);
#2070=CARTESIAN_POINT('',(1.4E0,-1.512741049974E0,-4.349552311E0));
#2071=LINE('',#2070,#2069);
#2072=CARTESIAN_POINT('',(1.4E0,-1.512741049974E0,-4.199552311E0));
#2073=DIRECTION('',(-1.E0,0.E0,0.E0));
#2074=DIRECTION('',(0.E0,7.237309492654E-1,-6.900822509495E-1));
#2075=AXIS2_PLACEMENT_3D('',#2072,#2073,#2074);
#2077=DIRECTION('',(0.E0,-6.900822509494E-1,-7.237309492654E-1));
#2078=VECTOR('',#2077,1.515414574400E-2);
#2079=CARTESIAN_POINT('',(1.4E0,-1.393723800578E0,-4.292097124358E0));
#2080=LINE('',#2079,#2078);
#2081=CARTESIAN_POINT('',(1.4E0,-1.285164158188E0,-4.395609462E0));
#2082=DIRECTION('',(1.E0,0.E0,0.E0));
#2083=DIRECTION('',(0.E0,0.E0,1.E0));
#2084=AXIS2_PLACEMENT_3D('',#2081,#2082,#2083);
#2086=DIRECTION('',(0.E0,-1.E0,0.E0));
#2087=VECTOR('',#2086,7.851641581884E-1);
#2088=CARTESIAN_POINT('',(1.4E0,-5.E-1,-4.245609462E0));
#2089=LINE('',#2088,#2087);
#2090=DIRECTION('',(-1.E0,0.E0,0.E0));
#2091=VECTOR('',#2090,2.E-1);
#2092=CARTESIAN_POINT('',(1.6E0,-1.490115018800E0,-3.839543751016E0));
#2093=LINE('',#2092,#2091);
#2094=DIRECTION('',(-1.E0,0.E0,0.E0));
#2095=VECTOR('',#2094,2.E-1);
#2096=CARTESIAN_POINT('',(1.6E0,-1.756026843330E0,-4.105456933873E0));
#2097=LINE('',#2096,#2095);
#2098=DIRECTION('',(-1.E0,0.E0,0.E0));
#2099=VECTOR('',#2098,2.E-1);
#2100=CARTESIAN_POINT('',(1.6E0,-1.862158836621E0,-4.149456933873E0));
#2101=LINE('',#2100,#2099);
#2102=DIRECTION('',(-1.E0,0.E0,0.E0));
#2103=VECTOR('',#2102,2.E-1);
#2104=CARTESIAN_POINT('',(1.6E0,-2.094986288868E0,-4.149456933873E0));
#2105=LINE('',#2104,#2103);
#2106=DIRECTION('',(-1.E0,0.E0,0.E0));
#2107=VECTOR('',#2106,2.E-1);
#2108=CARTESIAN_POINT('',(1.6E0,-2.094986288868E0,-4.349552311E0));
#2109=LINE('',#2108,#2107);
#2110=DIRECTION('',(-1.E0,0.E0,0.E0));
#2111=VECTOR('',#2110,2.E-1);
#2112=CARTESIAN_POINT('',(1.6E0,-1.512741049974E0,-4.349552311E0));
#2113=LINE('',#2112,#2111);
#2114=DIRECTION('',(-1.E0,0.E0,0.E0));
#2115=VECTOR('',#2114,2.E-1);
#2116=CARTESIAN_POINT('',(1.6E0,-1.404181407584E0,-4.303064648642E0));
#2117=LINE('',#2116,#2115);
#2118=DIRECTION('',(-1.E0,0.E0,0.E0));
#2119=VECTOR('',#2118,2.E-1);
#2120=CARTESIAN_POINT('',(1.6E0,-1.393723800578E0,-4.292097124358E0));
#2121=LINE('',#2120,#2119);
#2122=DIRECTION('',(-1.E0,0.E0,0.E0));
#2123=VECTOR('',#2122,2.E-1);
#2124=CARTESIAN_POINT('',(1.6E0,-1.285164158188E0,-4.245609462E0));
#2125=LINE('',#2124,#2123);
#2126=DIRECTION('',(-1.E0,0.E0,0.E0));
#2127=VECTOR('',#2126,2.E-1);
#2128=CARTESIAN_POINT('',(-1.4E0,2.193594763471E-1,-1.35E0));
#2129=LINE('',#2128,#2127);
#2130=DIRECTION('',(-1.E0,0.E0,0.E0));
#2131=VECTOR('',#2130,2.E-1);
#2132=CARTESIAN_POINT('',(-1.4E0,6.E-1,-1.35E0));
#2133=LINE('',#2132,#2131);
#2134=DIRECTION('',(-1.E0,0.E0,0.E0));
#2135=VECTOR('',#2134,2.E-1);
#2136=CARTESIAN_POINT('',(-1.4E0,6.E-1,-2.960199266002E0));
#2137=LINE('',#2136,#2135);
#2138=DIRECTION('',(0.E0,4.961389383568E-1,-8.682431421245E-1));
#2139=VECTOR('',#2138,8.062257748299E-1);
#2140=CARTESIAN_POINT('',(-2.E0,1.4E0,-1.05E0));
#2141=LINE('',#2140,#2139);
#2142=DIRECTION('',(0.E0,0.E0,1.E0));
#2143=VECTOR('',#2142,1.5E-1);
#2144=CARTESIAN_POINT('',(-2.E0,1.8E0,-1.9E0));
#2145=LINE('',#2144,#2143);
#2146=DIRECTION('',(0.E0,1.E0,0.E0));
#2147=VECTOR('',#2146,4.E-1);
#2148=CARTESIAN_POINT('',(2.E0,1.4E0,-1.9E0));
#2149=LINE('',#2148,#2147);
#2150=DIRECTION('',(-1.E0,0.E0,0.E0));
#2151=VECTOR('',#2150,4.E0);
#2152=CARTESIAN_POINT('',(2.E0,1.8E0,-1.9E0));
#2153=LINE('',#2152,#2151);
#2154=DIRECTION('',(0.E0,-1.E0,0.E0));
#2155=VECTOR('',#2154,4.E-1);
#2156=CARTESIAN_POINT('',(-2.E0,1.8E0,-1.9E0));
#2157=LINE('',#2156,#2155);
#2158=DIRECTION('',(0.E0,-4.961389383568E-1,8.682431421245E-1));
#2159=VECTOR('',#2158,8.062257748299E-1);
#2160=CARTESIAN_POINT('',(2.E0,1.8E0,-1.75E0));
#2161=LINE('',#2160,#2159);
#2162=DIRECTION('',(-1.E0,0.E0,0.E0));
#2163=VECTOR('',#2162,4.E0);
#2164=CARTESIAN_POINT('',(2.E0,1.8E0,-1.75E0));
#2165=LINE('',#2164,#2163);
#2166=DIRECTION('',(0.E0,0.E0,1.E0));
#2167=VECTOR('',#2166,1.5E-1);
#2168=CARTESIAN_POINT('',(2.E0,1.8E0,-1.9E0));
#2169=LINE('',#2168,#2167);
#2170=CARTESIAN_POINT('',(3.E0,1.4E0,0.E0));
#2171=CARTESIAN_POINT('',(-3.E0,1.4E0,0.E0));
#2172=VERTEX_POINT('',#2170);
#2173=VERTEX_POINT('',#2171);
#2174=CARTESIAN_POINT('',(-2.2E0,1.05E0,-3.E0));
#2175=CARTESIAN_POINT('',(-2.2E0,-1.15E0,-3.E0));
#2176=VERTEX_POINT('',#2174);
#2177=VERTEX_POINT('',#2175);
#2178=CARTESIAN_POINT('',(2.2E0,-1.15E0,-3.E0));
#2179=VERTEX_POINT('',#2178);
#2180=CARTESIAN_POINT('',(2.2E0,1.05E0,-3.E0));
#2181=VERTEX_POINT('',#2180);
#2182=CARTESIAN_POINT('',(-2.55E0,5.5E-1,-2.5E0));
#2183=CARTESIAN_POINT('',(-2.55E0,-1.E-1,-2.5E0));
#2184=VERTEX_POINT('',#2182);
#2185=VERTEX_POINT('',#2183);
#2186=CARTESIAN_POINT('',(2.55E0,-1.E-1,-2.5E0));
#2187=CARTESIAN_POINT('',(2.55E0,5.5E-1,-2.5E0));
#2188=VERTEX_POINT('',#2186);
#2189=VERTEX_POINT('',#2187);
#2190=CARTESIAN_POINT('',(-2.55E0,5.5E-1,0.E0));
#2191=CARTESIAN_POINT('',(-2.55E0,-1.E-1,0.E0));
#2192=VERTEX_POINT('',#2190);
#2193=VERTEX_POINT('',#2191);
#2194=CARTESIAN_POINT('',(2.55E0,-1.E-1,0.E0));
#2195=CARTESIAN_POINT('',(2.55E0,5.5E-1,0.E0));
#2196=VERTEX_POINT('',#2194);
#2197=VERTEX_POINT('',#2195);
#2198=CARTESIAN_POINT('',(-2.2E0,-1.E-1,-2.5E0));
#2199=CARTESIAN_POINT('',(-2.2E0,5.5E-1,-2.5E0));
#2200=VERTEX_POINT('',#2198);
#2201=VERTEX_POINT('',#2199);
#2202=CARTESIAN_POINT('',(2.2E0,-1.E-1,-2.5E0));
#2203=CARTESIAN_POINT('',(2.2E0,5.5E-1,-2.5E0));
#2204=VERTEX_POINT('',#2202);
#2205=VERTEX_POINT('',#2203);
#2206=CARTESIAN_POINT('',(2.49E0,1.4E0,-4.2E0));
#2207=CARTESIAN_POINT('',(2.49E0,1.4E0,-3.1E0));
#2208=VERTEX_POINT('',#2206);
#2209=VERTEX_POINT('',#2207);
#2210=CARTESIAN_POINT('',(3.E0,1.4E0,-3.1E0));
#2211=VERTEX_POINT('',#2210);
#2212=CARTESIAN_POINT('',(2.49E0,-1.4E0,-1.5E0));
#2213=CARTESIAN_POINT('',(2.49E0,-1.4E0,0.E0));
#2214=VERTEX_POINT('',#2212);
#2215=VERTEX_POINT('',#2213);
#2216=CARTESIAN_POINT('',(3.E0,-1.4E0,-1.5E0));
#2217=VERTEX_POINT('',#2216);
#2218=CARTESIAN_POINT('',(3.E0,-1.E-1,-4.2E0));
#2219=CARTESIAN_POINT('',(2.49E0,-1.E-1,-4.2E0));
#2220=VERTEX_POINT('',#2218);
#2221=VERTEX_POINT('',#2219);
#2222=CARTESIAN_POINT('',(3.E0,-1.E0,-1.5E0));
#2223=VERTEX_POINT('',#2222);
#2224=CARTESIAN_POINT('',(3.E0,-3.E-1,0.E0));
#2225=CARTESIAN_POINT('',(3.E0,-3.E-1,-4.E-1));
#2226=VERTEX_POINT('',#2224);
#2227=VERTEX_POINT('',#2225);
#2228=CARTESIAN_POINT('',(3.E0,-1.E-1,-3.8E0));
#2229=VERTEX_POINT('',#2228);
#2230=CARTESIAN_POINT('',(3.E0,1.E0,-3.1E0));
#2231=VERTEX_POINT('',#2230);
#2232=CARTESIAN_POINT('',(2.49E0,-3.E-1,0.E0));
#2233=VERTEX_POINT('',#2232);
#2234=CARTESIAN_POINT('',(3.E0,-1.4E0,-4.2E0));
#2235=VERTEX_POINT('',#2234);
#2236=CARTESIAN_POINT('',(2.49E0,-1.E0,-1.5E0));
#2237=VERTEX_POINT('',#2236);
#2238=CARTESIAN_POINT('',(2.49E0,-1.E-1,-3.8E0));
#2239=VERTEX_POINT('',#2238);
#2240=CARTESIAN_POINT('',(2.E0,1.8E0,-1.9E0));
#2241=CARTESIAN_POINT('',(-2.E0,1.8E0,-1.9E0));
#2242=VERTEX_POINT('',#2240);
#2243=VERTEX_POINT('',#2241);
#2244=CARTESIAN_POINT('',(-2.E0,1.4E0,-1.9E0));
#2245=CARTESIAN_POINT('',(2.E0,1.4E0,-1.9E0));
#2246=VERTEX_POINT('',#2244);
#2247=VERTEX_POINT('',#2245);
#2248=CARTESIAN_POINT('',(2.25E0,1.4E0,-4.3E0));
#2249=CARTESIAN_POINT('',(-2.25E0,1.4E0,-4.3E0));
#2250=VERTEX_POINT('',#2248);
#2251=VERTEX_POINT('',#2249);
#2252=CARTESIAN_POINT('',(2.25E0,-5.E-1,-4.3E0));
#2253=CARTESIAN_POINT('',(-2.25E0,-5.E-1,-4.3E0));
#2254=VERTEX_POINT('',#2252);
#2255=VERTEX_POINT('',#2253);
#2256=CARTESIAN_POINT('',(-2.25E0,1.4E0,-4.2E0));
#2257=CARTESIAN_POINT('',(-2.25E0,-5.E-1,-4.2E0));
#2258=VERTEX_POINT('',#2256);
#2259=VERTEX_POINT('',#2257);
#2260=CARTESIAN_POINT('',(2.25E0,1.4E0,-4.2E0));
#2261=CARTESIAN_POINT('',(2.25E0,-5.E-1,-4.2E0));
#2262=VERTEX_POINT('',#2260);
#2263=VERTEX_POINT('',#2261);
#2264=CARTESIAN_POINT('',(-2.E0,1.4E0,-1.05E0));
#2265=CARTESIAN_POINT('',(-2.E0,1.8E0,-1.75E0));
#2266=VERTEX_POINT('',#2264);
#2267=VERTEX_POINT('',#2265);
#2268=CARTESIAN_POINT('',(2.E0,1.8E0,-1.75E0));
#2269=VERTEX_POINT('',#2268);
#2270=CARTESIAN_POINT('',(2.E0,1.4E0,-1.05E0));
#2271=VERTEX_POINT('',#2270);
#2272=CARTESIAN_POINT('',(-2.2E0,5.5E-1,-1.5E-1));
#2273=CARTESIAN_POINT('',(-2.35E0,5.5E-1,0.E0));
#2274=VERTEX_POINT('',#2272);
#2275=VERTEX_POINT('',#2273);
#2276=CARTESIAN_POINT('',(-2.35E0,1.2E0,0.E0));
#2277=VERTEX_POINT('',#2276);
#2278=CARTESIAN_POINT('',(-2.2E0,1.05E0,-1.5E-1));
#2279=VERTEX_POINT('',#2278);
#2280=CARTESIAN_POINT('',(2.2E0,1.05E0,-1.5E-1));
#2281=VERTEX_POINT('',#2280);
#2282=CARTESIAN_POINT('',(2.35E0,1.2E0,0.E0));
#2283=VERTEX_POINT('',#2282);
#2284=CARTESIAN_POINT('',(2.35E0,5.5E-1,0.E0));
#2285=CARTESIAN_POINT('',(2.2E0,5.5E-1,-1.5E-1));
#2286=VERTEX_POINT('',#2284);
#2287=VERTEX_POINT('',#2285);
#2288=CARTESIAN_POINT('',(2.2E0,-1.E-1,-1.5E-1));
#2289=CARTESIAN_POINT('',(2.35E0,-1.E-1,0.E0));
#2290=VERTEX_POINT('',#2288);
#2291=VERTEX_POINT('',#2289);
#2292=CARTESIAN_POINT('',(2.35E0,-1.3E0,0.E0));
#2293=VERTEX_POINT('',#2292);
#2294=CARTESIAN_POINT('',(2.2E0,-1.15E0,-1.5E-1));
#2295=VERTEX_POINT('',#2294);
#2296=CARTESIAN_POINT('',(-2.35E0,-1.3E0,0.E0));
#2297=VERTEX_POINT('',#2296);
#2298=CARTESIAN_POINT('',(-2.2E0,-1.15E0,-1.5E-1));
#2299=VERTEX_POINT('',#2298);
#2300=CARTESIAN_POINT('',(-2.35E0,-1.E-1,0.E0));
#2301=CARTESIAN_POINT('',(-2.2E0,-1.E-1,-1.5E-1));
#2302=VERTEX_POINT('',#2300);
#2303=VERTEX_POINT('',#2301);
#2304=CARTESIAN_POINT('',(3.E0,-8.E-1,-4.E-1));
#2305=CARTESIAN_POINT('',(3.E0,-1.E0,-6.E-1));
#2306=VERTEX_POINT('',#2304);
#2307=VERTEX_POINT('',#2305);
#2308=CARTESIAN_POINT('',(2.71E0,-1.E0,-6.E-1));
#2309=VERTEX_POINT('',#2308);
#2310=CARTESIAN_POINT('',(2.81E0,-8.E-1,-4.E-1));
#2311=VERTEX_POINT('',#2310);
#2312=CARTESIAN_POINT('',(3.E0,8.E-1,-3.8E0));
#2313=CARTESIAN_POINT('',(3.E0,1.E0,-3.6E0));
#2314=VERTEX_POINT('',#2312);
#2315=VERTEX_POINT('',#2313);
#2316=CARTESIAN_POINT('',(2.69E0,1.E0,-3.6E0));
#2317=VERTEX_POINT('',#2316);
#2318=CARTESIAN_POINT('',(2.69E0,8.E-1,-3.8E0));
#2319=VERTEX_POINT('',#2318);
#2320=CARTESIAN_POINT('',(2.25E0,-1.5E0,0.E0));
#2321=CARTESIAN_POINT('',(-2.25E0,-1.5E0,0.E0));
#2322=VERTEX_POINT('',#2320);
#2323=VERTEX_POINT('',#2321);
#2324=CARTESIAN_POINT('',(-2.25E0,-1.5E0,-3.3E0));
#2325=VERTEX_POINT('',#2324);
#2326=CARTESIAN_POINT('',(2.25E0,-1.5E0,-3.3E0));
#2327=VERTEX_POINT('',#2326);
#2328=CARTESIAN_POINT('',(-2.25E0,-1.4E0,0.E0));
#2329=CARTESIAN_POINT('',(-2.25E0,-1.4E0,-3.3E0));
#2330=VERTEX_POINT('',#2328);
#2331=VERTEX_POINT('',#2329);
#2332=CARTESIAN_POINT('',(2.25E0,-1.4E0,-3.3E0));
#2333=VERTEX_POINT('',#2332);
#2334=CARTESIAN_POINT('',(2.25E0,-1.4E0,0.E0));
#2335=VERTEX_POINT('',#2334);
#2336=CARTESIAN_POINT('',(-1.4E0,2.193594763471E-1,-1.35E0));
#2337=CARTESIAN_POINT('',(-1.4E0,6.E-1,-1.35E0));
#2338=VERTEX_POINT('',#2336);
#2339=VERTEX_POINT('',#2337);
#2340=CARTESIAN_POINT('',(-1.4E0,6.E-1,-2.960199266002E0));
#2341=VERTEX_POINT('',#2340);
#2342=CARTESIAN_POINT('',(-1.6E0,2.193594763471E-1,-1.35E0));
#2343=CARTESIAN_POINT('',(-1.6E0,6.E-1,-1.35E0));
#2344=VERTEX_POINT('',#2342);
#2345=VERTEX_POINT('',#2343);
#2346=CARTESIAN_POINT('',(-1.6E0,6.E-1,-2.960199266002E0));
#2347=VERTEX_POINT('',#2346);
#2348=CARTESIAN_POINT('',(-1.4E0,-1.4E0,-4.2E0));
#2349=CARTESIAN_POINT('',(-1.4E0,-1.4E0,-3.796460025723E0));
#2350=VERTEX_POINT('',#2348);
#2351=VERTEX_POINT('',#2349);
#2352=CARTESIAN_POINT('',(-1.6E0,-1.4E0,-4.2E0));
#2353=CARTESIAN_POINT('',(-1.6E0,-1.4E0,-3.796460025723E0));
#2354=VERTEX_POINT('',#2352);
#2355=VERTEX_POINT('',#2353);
#2356=CARTESIAN_POINT('',(-1.4E0,-5.E-1,-4.2E0));
#2357=VERTEX_POINT('',#2356);
#2358=CARTESIAN_POINT('',(-1.6E0,-5.E-1,-4.2E0));
#2359=VERTEX_POINT('',#2358);
#2360=CARTESIAN_POINT('',(-1.4E0,1.294210116644E-1,-3.E0));
#2361=CARTESIAN_POINT('',(-1.4E0,6.053865939018E-1,-3.E0));
#2362=VERTEX_POINT('',#2360);
#2363=VERTEX_POINT('',#2361);
#2364=CARTESIAN_POINT('',(-1.6E0,1.294210116644E-1,-3.E0));
#2365=CARTESIAN_POINT('',(-1.6E0,6.053865939018E-1,-3.E0));
#2366=VERTEX_POINT('',#2364);
#2367=VERTEX_POINT('',#2365);
#2368=CARTESIAN_POINT('',(-3.E0,-1.4E0,-4.2E0));
#2369=VERTEX_POINT('',#2368);
#2370=CARTESIAN_POINT('',(-1.4E0,-5.E-1,-4.245609462E0));
#2371=VERTEX_POINT('',#2370);
#2372=CARTESIAN_POINT('',(-1.6E0,-5.E-1,-4.245609462E0));
#2373=VERTEX_POINT('',#2372);
#2374=CARTESIAN_POINT('',(-4.E-1,2.193594763471E-1,-1.35E0));
#2375=CARTESIAN_POINT('',(-4.E-1,6.E-1,-1.35E0));
#2376=VERTEX_POINT('',#2374);
#2377=VERTEX_POINT('',#2375);
#2378=CARTESIAN_POINT('',(-4.E-1,6.E-1,-2.960199266002E0));
#2379=VERTEX_POINT('',#2378);
#2380=CARTESIAN_POINT('',(-6.E-1,2.193594763471E-1,-1.35E0));
#2381=CARTESIAN_POINT('',(-6.E-1,6.E-1,-1.35E0));
#2382=VERTEX_POINT('',#2380);
#2383=VERTEX_POINT('',#2381);
#2384=CARTESIAN_POINT('',(-6.E-1,6.E-1,-2.960199266002E0));
#2385=VERTEX_POINT('',#2384);
#2386=CARTESIAN_POINT('',(-4.E-1,6.053865939018E-1,-3.E0));
#2387=VERTEX_POINT('',#2386);
#2388=CARTESIAN_POINT('',(-4.E-1,1.294210116644E-1,-3.E0));
#2389=VERTEX_POINT('',#2388);
#2390=CARTESIAN_POINT('',(-6.E-1,6.053865939018E-1,-3.E0));
#2391=VERTEX_POINT('',#2390);
#2392=CARTESIAN_POINT('',(-6.E-1,1.294210116644E-1,-3.E0));
#2393=VERTEX_POINT('',#2392);
#2394=CARTESIAN_POINT('',(6.E-1,2.193594763471E-1,-1.35E0));
#2395=CARTESIAN_POINT('',(6.E-1,6.E-1,-1.35E0));
#2396=VERTEX_POINT('',#2394);
#2397=VERTEX_POINT('',#2395);
#2398=CARTESIAN_POINT('',(6.E-1,6.E-1,-2.960199266002E0));
#2399=VERTEX_POINT('',#2398);
#2400=CARTESIAN_POINT('',(4.E-1,2.193594763471E-1,-1.35E0));
#2401=CARTESIAN_POINT('',(4.E-1,6.E-1,-1.35E0));
#2402=VERTEX_POINT('',#2400);
#2403=VERTEX_POINT('',#2401);
#2404=CARTESIAN_POINT('',(4.E-1,6.E-1,-2.960199266002E0));
#2405=VERTEX_POINT('',#2404);
#2406=CARTESIAN_POINT('',(6.E-1,6.053865939018E-1,-3.E0));
#2407=VERTEX_POINT('',#2406);
#2408=CARTESIAN_POINT('',(6.E-1,1.294210116644E-1,-3.E0));
#2409=VERTEX_POINT('',#2408);
#2410=CARTESIAN_POINT('',(4.E-1,6.053865939018E-1,-3.E0));
#2411=VERTEX_POINT('',#2410);
#2412=CARTESIAN_POINT('',(4.E-1,1.294210116644E-1,-3.E0));
#2413=VERTEX_POINT('',#2412);
#2414=CARTESIAN_POINT('',(1.6E0,2.193594763471E-1,-1.35E0));
#2415=CARTESIAN_POINT('',(1.6E0,6.E-1,-1.35E0));
#2416=VERTEX_POINT('',#2414);
#2417=VERTEX_POINT('',#2415);
#2418=CARTESIAN_POINT('',(1.6E0,6.E-1,-2.960199266002E0));
#2419=VERTEX_POINT('',#2418);
#2420=CARTESIAN_POINT('',(1.4E0,2.193594763471E-1,-1.35E0));
#2421=CARTESIAN_POINT('',(1.4E0,6.E-1,-1.35E0));
#2422=VERTEX_POINT('',#2420);
#2423=VERTEX_POINT('',#2421);
#2424=CARTESIAN_POINT('',(1.4E0,6.E-1,-2.960199266002E0));
#2425=VERTEX_POINT('',#2424);
#2426=CARTESIAN_POINT('',(1.6E0,6.053865939018E-1,-3.E0));
#2427=VERTEX_POINT('',#2426);
#2428=CARTESIAN_POINT('',(1.6E0,1.294210116644E-1,-3.E0));
#2429=VERTEX_POINT('',#2428);
#2430=CARTESIAN_POINT('',(1.4E0,6.053865939018E-1,-3.E0));
#2431=VERTEX_POINT('',#2430);
#2432=CARTESIAN_POINT('',(1.4E0,1.294210116644E-1,-3.E0));
#2433=VERTEX_POINT('',#2432);
#2434=CARTESIAN_POINT('',(-4.E-1,-1.4E0,-4.2E0));
#2435=CARTESIAN_POINT('',(-4.E-1,-1.4E0,-3.796460025723E0));
#2436=VERTEX_POINT('',#2434);
#2437=VERTEX_POINT('',#2435);
#2438=CARTESIAN_POINT('',(-6.E-1,-1.4E0,-4.2E0));
#2439=CARTESIAN_POINT('',(-6.E-1,-1.4E0,-3.796460025723E0));
#2440=VERTEX_POINT('',#2438);
#2441=VERTEX_POINT('',#2439);
#2442=CARTESIAN_POINT('',(-4.E-1,-5.E-1,-4.2E0));
#2443=VERTEX_POINT('',#2442);
#2444=CARTESIAN_POINT('',(-6.E-1,-5.E-1,-4.2E0));
#2445=VERTEX_POINT('',#2444);
#2446=CARTESIAN_POINT('',(-4.E-1,-5.E-1,-4.245609462E0));
#2447=VERTEX_POINT('',#2446);
#2448=CARTESIAN_POINT('',(-6.E-1,-5.E-1,-4.245609462E0));
#2449=VERTEX_POINT('',#2448);
#2450=CARTESIAN_POINT('',(6.E-1,-1.4E0,-4.2E0));
#2451=CARTESIAN_POINT('',(6.E-1,-1.4E0,-3.796460025723E0));
#2452=VERTEX_POINT('',#2450);
#2453=VERTEX_POINT('',#2451);
#2454=CARTESIAN_POINT('',(4.E-1,-1.4E0,-4.2E0));
#2455=CARTESIAN_POINT('',(4.E-1,-1.4E0,-3.796460025723E0));
#2456=VERTEX_POINT('',#2454);
#2457=VERTEX_POINT('',#2455);
#2458=CARTESIAN_POINT('',(6.E-1,-5.E-1,-4.2E0));
#2459=VERTEX_POINT('',#2458);
#2460=CARTESIAN_POINT('',(4.E-1,-5.E-1,-4.2E0));
#2461=VERTEX_POINT('',#2460);
#2462=CARTESIAN_POINT('',(6.E-1,-5.E-1,-4.245609462E0));
#2463=VERTEX_POINT('',#2462);
#2464=CARTESIAN_POINT('',(4.E-1,-5.E-1,-4.245609462E0));
#2465=VERTEX_POINT('',#2464);
#2466=CARTESIAN_POINT('',(1.6E0,-1.4E0,-4.2E0));
#2467=CARTESIAN_POINT('',(1.6E0,-1.4E0,-3.796460025723E0));
#2468=VERTEX_POINT('',#2466);
#2469=VERTEX_POINT('',#2467);
#2470=CARTESIAN_POINT('',(1.4E0,-1.4E0,-4.2E0));
#2471=CARTESIAN_POINT('',(1.4E0,-1.4E0,-3.796460025723E0));
#2472=VERTEX_POINT('',#2470);
#2473=VERTEX_POINT('',#2471);
#2474=CARTESIAN_POINT('',(1.6E0,-5.E-1,-4.2E0));
#2475=VERTEX_POINT('',#2474);
#2476=CARTESIAN_POINT('',(1.4E0,-5.E-1,-4.2E0));
#2477=VERTEX_POINT('',#2476);
#2478=CARTESIAN_POINT('',(1.6E0,-5.E-1,-4.245609462E0));
#2479=VERTEX_POINT('',#2478);
#2480=CARTESIAN_POINT('',(1.4E0,-5.E-1,-4.245609462E0));
#2481=VERTEX_POINT('',#2480);
#2482=CARTESIAN_POINT('',(2.49E0,1.543571476740E-1,-4.249250952224E0));
#2483=CARTESIAN_POINT('',(2.49E0,3.898145088421E-1,-4.249250952224E0));
#2484=VERTEX_POINT('',#2482);
#2485=VERTEX_POINT('',#2483);
#2486=CARTESIAN_POINT('',(2.49E0,4.955721853618E-1,-4.292877488829E0));
#2487=VERTEX_POINT('',#2486);
#2488=CARTESIAN_POINT('',(2.49E0,5.078110692006E-1,-4.305045521560E0));
#2489=VERTEX_POINT('',#2488);
#2490=CARTESIAN_POINT('',(2.49E0,6.135687434871E-1,-4.348672055275E0));
#2491=VERTEX_POINT('',#2490);
#2492=CARTESIAN_POINT('',(2.49E0,1.150000000674E0,-4.348672055275E0));
#2493=VERTEX_POINT('',#2492);
#2494=CARTESIAN_POINT('',(2.69E0,4.357147224853E-3,-3.950000001706E0));
#2495=CARTESIAN_POINT('',(2.69E0,4.357147000300E-3,-4.099250952224E0));
#2496=VERTEX_POINT('',#2494);
#2497=VERTEX_POINT('',#2495);
#2498=CARTESIAN_POINT('',(2.69E0,1.543571476740E-1,-4.249250952224E0));
#2499=VERTEX_POINT('',#2498);
#2500=CARTESIAN_POINT('',(2.69E0,3.898145088421E-1,-4.249250952224E0));
#2501=VERTEX_POINT('',#2500);
#2502=CARTESIAN_POINT('',(2.69E0,4.955721853618E-1,-4.292877488829E0));
#2503=VERTEX_POINT('',#2502);
#2504=CARTESIAN_POINT('',(2.69E0,5.078110692006E-1,-4.305045521560E0));
#2505=VERTEX_POINT('',#2504);
#2506=CARTESIAN_POINT('',(2.69E0,6.135687434871E-1,-4.348672055275E0));
#2507=VERTEX_POINT('',#2506);
#2508=CARTESIAN_POINT('',(2.69E0,1.150000000674E0,-4.348672055275E0));
#2509=VERTEX_POINT('',#2508);
#2510=CARTESIAN_POINT('',(2.69E0,1.300000000674E0,-4.198672060392E0));
#2511=VERTEX_POINT('',#2510);
#2512=CARTESIAN_POINT('',(2.69E0,1.300000000225E0,-3.249999998294E0));
#2513=VERTEX_POINT('',#2512);
#2514=CARTESIAN_POINT('',(2.49E0,1.543571476740E-1,-3.8E0));
#2515=CARTESIAN_POINT('',(2.69E0,1.543571476740E-1,-3.8E0));
#2516=VERTEX_POINT('',#2514);
#2517=VERTEX_POINT('',#2515);
#2518=CARTESIAN_POINT('',(2.69E0,1.E0,-3.1E0));
#2519=CARTESIAN_POINT('',(2.69E0,1.150000000674E0,-3.1E0));
#2520=VERTEX_POINT('',#2518);
#2521=VERTEX_POINT('',#2519);
#2522=CARTESIAN_POINT('',(2.49E0,1.150000000674E0,-3.1E0));
#2523=VERTEX_POINT('',#2522);
#2524=CARTESIAN_POINT('',(2.49E0,4.322826069125E-2,-4.2E0));
#2525=CARTESIAN_POINT('',(2.49E0,1.299994122435E0,-4.2E0));
#2526=VERTEX_POINT('',#2524);
#2527=VERTEX_POINT('',#2525);
#2528=CARTESIAN_POINT('',(2.49E0,1.300000000674E0,-3.249999994021E0));
#2529=VERTEX_POINT('',#2528);
#2530=CARTESIAN_POINT('',(2.49E0,4.357147673960E-3,-3.950000005979E0));
#2531=VERTEX_POINT('',#2530);
#2532=CARTESIAN_POINT('',(2.49E0,4.357147000300E-3,-4.099250952224E0));
#2533=VERTEX_POINT('',#2532);
#2534=CARTESIAN_POINT('',(2.49E0,1.300000000673E0,-4.198672359530E0));
#2535=VERTEX_POINT('',#2534);
#2536=CARTESIAN_POINT('',(2.71E0,-3.E-1,-6.E-1));
#2537=CARTESIAN_POINT('',(2.49E0,-3.E-1,-6.E-1));
#2538=VERTEX_POINT('',#2536);
#2539=VERTEX_POINT('',#2537);
#2540=CARTESIAN_POINT('',(-2.49E0,-1.4E0,-1.5E0));
#2541=CARTESIAN_POINT('',(-2.49E0,-1.E0,-1.5E0));
#2542=VERTEX_POINT('',#2540);
#2543=VERTEX_POINT('',#2541);
#2544=CARTESIAN_POINT('',(-2.49E0,-1.E-1,-3.8E0));
#2545=CARTESIAN_POINT('',(-2.49E0,-1.E-1,-4.2E0));
#2546=VERTEX_POINT('',#2544);
#2547=VERTEX_POINT('',#2545);
#2548=CARTESIAN_POINT('',(-3.E0,-1.E0,-1.5E0));
#2549=VERTEX_POINT('',#2548);
#2550=CARTESIAN_POINT('',(-3.E0,-1.E-1,-3.8E0));
#2551=VERTEX_POINT('',#2550);
#2552=CARTESIAN_POINT('',(-2.71E0,-3.E-1,-6.E-1));
#2553=CARTESIAN_POINT('',(-2.49E0,-3.E-1,-6.E-1));
#2554=VERTEX_POINT('',#2552);
#2555=VERTEX_POINT('',#2553);
#2556=CARTESIAN_POINT('',(-2.49E0,1.543571476740E-1,-4.249250952224E0));
#2557=CARTESIAN_POINT('',(-2.49E0,3.898145088421E-1,-4.249250952224E0));
#2558=VERTEX_POINT('',#2556);
#2559=VERTEX_POINT('',#2557);
#2560=CARTESIAN_POINT('',(-2.49E0,4.955721853618E-1,-4.292877488829E0));
#2561=VERTEX_POINT('',#2560);
#2562=CARTESIAN_POINT('',(-2.49E0,5.078110692006E-1,-4.305045521560E0));
#2563=VERTEX_POINT('',#2562);
#2564=CARTESIAN_POINT('',(-2.49E0,6.135687434871E-1,-4.348672055275E0));
#2565=VERTEX_POINT('',#2564);
#2566=CARTESIAN_POINT('',(-2.49E0,1.150000000674E0,-4.348672055275E0));
#2567=VERTEX_POINT('',#2566);
#2568=CARTESIAN_POINT('',(-2.69E0,4.357147224853E-3,-3.950000001706E0));
#2569=CARTESIAN_POINT('',(-2.69E0,4.357147000300E-3,-4.099250952224E0));
#2570=VERTEX_POINT('',#2568);
#2571=VERTEX_POINT('',#2569);
#2572=CARTESIAN_POINT('',(-2.69E0,1.543571476740E-1,-4.249250952224E0));
#2573=VERTEX_POINT('',#2572);
#2574=CARTESIAN_POINT('',(-2.69E0,3.898145088421E-1,-4.249250952224E0));
#2575=VERTEX_POINT('',#2574);
#2576=CARTESIAN_POINT('',(-2.69E0,4.955721853618E-1,-4.292877488829E0));
#2577=VERTEX_POINT('',#2576);
#2578=CARTESIAN_POINT('',(-2.69E0,5.078110692006E-1,-4.305045521560E0));
#2579=VERTEX_POINT('',#2578);
#2580=CARTESIAN_POINT('',(-2.69E0,6.135687434871E-1,-4.348672055275E0));
#2581=VERTEX_POINT('',#2580);
#2582=CARTESIAN_POINT('',(-2.69E0,1.150000000674E0,-4.348672055275E0));
#2583=VERTEX_POINT('',#2582);
#2584=CARTESIAN_POINT('',(-2.69E0,1.300000000674E0,-4.198672060392E0));
#2585=VERTEX_POINT('',#2584);
#2586=CARTESIAN_POINT('',(-2.69E0,1.300000000225E0,-3.249999998294E0));
#2587=VERTEX_POINT('',#2586);
#2588=CARTESIAN_POINT('',(-2.69E0,1.150000000674E0,-3.1E0));
#2589=VERTEX_POINT('',#2588);
#2590=CARTESIAN_POINT('',(-2.69E0,1.543571476740E-1,-3.8E0));
#2591=VERTEX_POINT('',#2590);
#2592=CARTESIAN_POINT('',(-2.49E0,4.322826069125E-2,-4.2E0));
#2593=VERTEX_POINT('',#2592);
#2594=CARTESIAN_POINT('',(-2.49E0,1.299994122435E0,-4.2E0));
#2595=VERTEX_POINT('',#2594);
#2596=CARTESIAN_POINT('',(-2.49E0,1.300000000225E0,-3.249999998007E0));
#2597=VERTEX_POINT('',#2596);
#2598=CARTESIAN_POINT('',(-2.49E0,4.357147224853E-3,-3.950000001993E0));
#2599=VERTEX_POINT('',#2598);
#2600=CARTESIAN_POINT('',(-2.49E0,4.357147000300E-3,-4.099250952224E0));
#2601=VERTEX_POINT('',#2600);
#2602=CARTESIAN_POINT('',(-2.49E0,1.300000000225E0,-4.198672156693E0));
#2603=VERTEX_POINT('',#2602);
#2604=CARTESIAN_POINT('',(-2.49E0,1.4E0,-4.2E0));
#2605=CARTESIAN_POINT('',(-2.49E0,1.4E0,-3.1E0));
#2606=VERTEX_POINT('',#2604);
#2607=VERTEX_POINT('',#2605);
#2608=CARTESIAN_POINT('',(-3.E0,1.4E0,-3.1E0));
#2609=VERTEX_POINT('',#2608);
#2610=CARTESIAN_POINT('',(-2.49E0,-1.4E0,0.E0));
#2611=VERTEX_POINT('',#2610);
#2612=CARTESIAN_POINT('',(-3.E0,-1.4E0,-1.5E0));
#2613=VERTEX_POINT('',#2612);
#2614=CARTESIAN_POINT('',(-3.E0,-3.E-1,0.E0));
#2615=CARTESIAN_POINT('',(-3.E0,-3.E-1,-4.E-1));
#2616=VERTEX_POINT('',#2614);
#2617=VERTEX_POINT('',#2615);
#2618=CARTESIAN_POINT('',(-3.E0,-1.E-1,-4.2E0));
#2619=VERTEX_POINT('',#2618);
#2620=CARTESIAN_POINT('',(-3.E0,1.E0,-3.1E0));
#2621=VERTEX_POINT('',#2620);
#2622=CARTESIAN_POINT('',(-2.49E0,-3.E-1,0.E0));
#2623=VERTEX_POINT('',#2622);
#2624=CARTESIAN_POINT('',(-2.49E0,1.150000000674E0,-3.1E0));
#2625=VERTEX_POINT('',#2624);
#2626=CARTESIAN_POINT('',(-2.49E0,1.543571476740E-1,-3.8E0));
#2627=VERTEX_POINT('',#2626);
#2628=CARTESIAN_POINT('',(-2.69E0,1.E0,-3.1E0));
#2629=VERTEX_POINT('',#2628);
#2630=CARTESIAN_POINT('',(2.81E0,-3.E-1,-4.E-1));
#2631=VERTEX_POINT('',#2630);
#2632=CARTESIAN_POINT('',(2.71E0,-3.E-1,-5.E-1));
#2633=CARTESIAN_POINT('',(2.71E0,-9.E-1,-5.E-1));
#2634=VERTEX_POINT('',#2632);
#2635=VERTEX_POINT('',#2633);
#2636=CARTESIAN_POINT('',(-2.71E0,-9.E-1,-5.E-1));
#2637=CARTESIAN_POINT('',(-2.71E0,-3.E-1,-5.E-1));
#2638=VERTEX_POINT('',#2636);
#2639=VERTEX_POINT('',#2637);
#2640=CARTESIAN_POINT('',(-2.81E0,-8.E-1,-4.E-1));
#2641=CARTESIAN_POINT('',(-2.81E0,-3.E-1,-4.E-1));
#2642=VERTEX_POINT('',#2640);
#2643=VERTEX_POINT('',#2641);
#2644=CARTESIAN_POINT('',(-3.E0,-1.E0,-6.E-1));
#2645=CARTESIAN_POINT('',(-3.E0,-8.E-1,-4.E-1));
#2646=VERTEX_POINT('',#2644);
#2647=VERTEX_POINT('',#2645);
#2648=CARTESIAN_POINT('',(-2.71E0,-1.E0,-6.E-1));
#2649=VERTEX_POINT('',#2648);
#2650=CARTESIAN_POINT('',(-3.E0,1.E0,-3.6E0));
#2651=CARTESIAN_POINT('',(-2.69E0,1.E0,-3.6E0));
#2652=VERTEX_POINT('',#2650);
#2653=VERTEX_POINT('',#2651);
#2654=CARTESIAN_POINT('',(-3.E0,8.E-1,-3.8E0));
#2655=VERTEX_POINT('',#2654);
#2656=CARTESIAN_POINT('',(-2.69E0,8.E-1,-3.8E0));
#2657=VERTEX_POINT('',#2656);
#2658=CARTESIAN_POINT('',(-2.49E0,-9.E-1,-6.E-1));
#2659=CARTESIAN_POINT('',(-2.71E0,-9.E-1,-6.E-1));
#2660=VERTEX_POINT('',#2658);
#2661=VERTEX_POINT('',#2659);
#2662=CARTESIAN_POINT('',(-2.49E0,-1.E0,-7.E-1));
#2663=CARTESIAN_POINT('',(-2.71E0,-1.E0,-7.E-1));
#2664=VERTEX_POINT('',#2662);
#2665=VERTEX_POINT('',#2663);
#2666=CARTESIAN_POINT('',(2.71E0,-9.E-1,-6.E-1));
#2667=CARTESIAN_POINT('',(2.49E0,-9.E-1,-6.E-1));
#2668=VERTEX_POINT('',#2666);
#2669=VERTEX_POINT('',#2667);
#2670=CARTESIAN_POINT('',(2.71E0,-1.E0,-7.E-1));
#2671=CARTESIAN_POINT('',(2.49E0,-1.E0,-7.E-1));
#2672=VERTEX_POINT('',#2670);
#2673=VERTEX_POINT('',#2671);
#2674=CARTESIAN_POINT('',(-1.4E0,-1.285164158188E0,-4.245609462E0));
#2675=CARTESIAN_POINT('',(-1.4E0,-1.393723800578E0,-4.292097124358E0));
#2676=VERTEX_POINT('',#2674);
#2677=VERTEX_POINT('',#2675);
#2678=CARTESIAN_POINT('',(-1.4E0,-1.404181407584E0,-4.303064648642E0));
#2679=VERTEX_POINT('',#2678);
#2680=CARTESIAN_POINT('',(-1.4E0,-1.512741049974E0,-4.349552311E0));
#2681=VERTEX_POINT('',#2680);
#2682=CARTESIAN_POINT('',(-1.4E0,-2.094986288868E0,-4.349552311E0));
#2683=VERTEX_POINT('',#2682);
#2684=CARTESIAN_POINT('',(-1.4E0,-2.094986288868E0,-4.149456933873E0));
#2685=VERTEX_POINT('',#2684);
#2686=CARTESIAN_POINT('',(-1.4E0,-1.862158836621E0,-4.149456933873E0));
#2687=VERTEX_POINT('',#2686);
#2688=CARTESIAN_POINT('',(-1.4E0,-1.756026843330E0,-4.105456933873E0));
#2689=VERTEX_POINT('',#2688);
#2690=CARTESIAN_POINT('',(-1.4E0,-1.490115018800E0,-3.839543751016E0));
#2691=VERTEX_POINT('',#2690);
#2692=CARTESIAN_POINT('',(-1.6E0,-1.285164158188E0,-4.245609462E0));
#2693=CARTESIAN_POINT('',(-1.6E0,-1.393723800578E0,-4.292097124358E0));
#2694=VERTEX_POINT('',#2692);
#2695=VERTEX_POINT('',#2693);
#2696=CARTESIAN_POINT('',(-1.6E0,-1.404181407584E0,-4.303064648642E0));
#2697=VERTEX_POINT('',#2696);
#2698=CARTESIAN_POINT('',(-1.6E0,-1.512741049974E0,-4.349552311E0));
#2699=VERTEX_POINT('',#2698);
#2700=CARTESIAN_POINT('',(-1.6E0,-2.094986288868E0,-4.349552311E0));
#2701=VERTEX_POINT('',#2700);
#2702=CARTESIAN_POINT('',(-1.6E0,-2.094986288868E0,-4.149456933873E0));
#2703=VERTEX_POINT('',#2702);
#2704=CARTESIAN_POINT('',(-1.6E0,-1.862158836621E0,-4.149456933873E0));
#2705=VERTEX_POINT('',#2704);
#2706=CARTESIAN_POINT('',(-1.6E0,-1.756026843330E0,-4.105456933873E0));
#2707=VERTEX_POINT('',#2706);
#2708=CARTESIAN_POINT('',(-1.6E0,-1.490115018800E0,-3.839543751016E0));
#2709=VERTEX_POINT('',#2708);
#2710=CARTESIAN_POINT('',(-4.E-1,-1.285164158188E0,-4.245609462E0));
#2711=CARTESIAN_POINT('',(-4.E-1,-1.393723800578E0,-4.292097124358E0));
#2712=VERTEX_POINT('',#2710);
#2713=VERTEX_POINT('',#2711);
#2714=CARTESIAN_POINT('',(-4.E-1,-1.404181407584E0,-4.303064648642E0));
#2715=VERTEX_POINT('',#2714);
#2716=CARTESIAN_POINT('',(-4.E-1,-1.512741049974E0,-4.349552311E0));
#2717=VERTEX_POINT('',#2716);
#2718=CARTESIAN_POINT('',(-4.E-1,-2.094986288868E0,-4.349552311E0));
#2719=VERTEX_POINT('',#2718);
#2720=CARTESIAN_POINT('',(-4.E-1,-2.094986288868E0,-4.149456933873E0));
#2721=VERTEX_POINT('',#2720);
#2722=CARTESIAN_POINT('',(-4.E-1,-1.862158836621E0,-4.149456933873E0));
#2723=VERTEX_POINT('',#2722);
#2724=CARTESIAN_POINT('',(-4.E-1,-1.756026843330E0,-4.105456933873E0));
#2725=VERTEX_POINT('',#2724);
#2726=CARTESIAN_POINT('',(-4.E-1,-1.490115018800E0,-3.839543751016E0));
#2727=VERTEX_POINT('',#2726);
#2728=CARTESIAN_POINT('',(-6.E-1,-1.285164158188E0,-4.245609462E0));
#2729=CARTESIAN_POINT('',(-6.E-1,-1.393723800578E0,-4.292097124358E0));
#2730=VERTEX_POINT('',#2728);
#2731=VERTEX_POINT('',#2729);
#2732=CARTESIAN_POINT('',(-6.E-1,-1.404181407584E0,-4.303064648642E0));
#2733=VERTEX_POINT('',#2732);
#2734=CARTESIAN_POINT('',(-6.E-1,-1.512741049974E0,-4.349552311E0));
#2735=VERTEX_POINT('',#2734);
#2736=CARTESIAN_POINT('',(-6.E-1,-2.094986288868E0,-4.349552311E0));
#2737=VERTEX_POINT('',#2736);
#2738=CARTESIAN_POINT('',(-6.E-1,-2.094986288868E0,-4.149456933873E0));
#2739=VERTEX_POINT('',#2738);
#2740=CARTESIAN_POINT('',(-6.E-1,-1.862158836621E0,-4.149456933873E0));
#2741=VERTEX_POINT('',#2740);
#2742=CARTESIAN_POINT('',(-6.E-1,-1.756026843330E0,-4.105456933873E0));
#2743=VERTEX_POINT('',#2742);
#2744=CARTESIAN_POINT('',(-6.E-1,-1.490115018800E0,-3.839543751016E0));
#2745=VERTEX_POINT('',#2744);
#2746=CARTESIAN_POINT('',(6.E-1,-1.285164158188E0,-4.245609462E0));
#2747=CARTESIAN_POINT('',(6.E-1,-1.393723800578E0,-4.292097124358E0));
#2748=VERTEX_POINT('',#2746);
#2749=VERTEX_POINT('',#2747);
#2750=CARTESIAN_POINT('',(6.E-1,-1.404181407584E0,-4.303064648642E0));
#2751=VERTEX_POINT('',#2750);
#2752=CARTESIAN_POINT('',(6.E-1,-1.512741049974E0,-4.349552311E0));
#2753=VERTEX_POINT('',#2752);
#2754=CARTESIAN_POINT('',(6.E-1,-2.094986288868E0,-4.349552311E0));
#2755=VERTEX_POINT('',#2754);
#2756=CARTESIAN_POINT('',(6.E-1,-2.094986288868E0,-4.149456933873E0));
#2757=VERTEX_POINT('',#2756);
#2758=CARTESIAN_POINT('',(6.E-1,-1.862158836621E0,-4.149456933873E0));
#2759=VERTEX_POINT('',#2758);
#2760=CARTESIAN_POINT('',(6.E-1,-1.756026843330E0,-4.105456933873E0));
#2761=VERTEX_POINT('',#2760);
#2762=CARTESIAN_POINT('',(6.E-1,-1.490115018800E0,-3.839543751016E0));
#2763=VERTEX_POINT('',#2762);
#2764=CARTESIAN_POINT('',(4.E-1,-1.285164158188E0,-4.245609462E0));
#2765=CARTESIAN_POINT('',(4.E-1,-1.393723800578E0,-4.292097124358E0));
#2766=VERTEX_POINT('',#2764);
#2767=VERTEX_POINT('',#2765);
#2768=CARTESIAN_POINT('',(4.E-1,-1.404181407584E0,-4.303064648642E0));
#2769=VERTEX_POINT('',#2768);
#2770=CARTESIAN_POINT('',(4.E-1,-1.512741049974E0,-4.349552311E0));
#2771=VERTEX_POINT('',#2770);
#2772=CARTESIAN_POINT('',(4.E-1,-2.094986288868E0,-4.349552311E0));
#2773=VERTEX_POINT('',#2772);
#2774=CARTESIAN_POINT('',(4.E-1,-2.094986288868E0,-4.149456933873E0));
#2775=VERTEX_POINT('',#2774);
#2776=CARTESIAN_POINT('',(4.E-1,-1.862158836621E0,-4.149456933873E0));
#2777=VERTEX_POINT('',#2776);
#2778=CARTESIAN_POINT('',(4.E-1,-1.756026843330E0,-4.105456933873E0));
#2779=VERTEX_POINT('',#2778);
#2780=CARTESIAN_POINT('',(4.E-1,-1.490115018800E0,-3.839543751016E0));
#2781=VERTEX_POINT('',#2780);
#2782=CARTESIAN_POINT('',(1.6E0,-1.285164158188E0,-4.245609462E0));
#2783=CARTESIAN_POINT('',(1.6E0,-1.393723800578E0,-4.292097124358E0));
#2784=VERTEX_POINT('',#2782);
#2785=VERTEX_POINT('',#2783);
#2786=CARTESIAN_POINT('',(1.6E0,-1.404181407584E0,-4.303064648642E0));
#2787=VERTEX_POINT('',#2786);
#2788=CARTESIAN_POINT('',(1.6E0,-1.512741049974E0,-4.349552311E0));
#2789=VERTEX_POINT('',#2788);
#2790=CARTESIAN_POINT('',(1.6E0,-2.094986288868E0,-4.349552311E0));
#2791=VERTEX_POINT('',#2790);
#2792=CARTESIAN_POINT('',(1.6E0,-2.094986288868E0,-4.149456933873E0));
#2793=VERTEX_POINT('',#2792);
#2794=CARTESIAN_POINT('',(1.6E0,-1.862158836621E0,-4.149456933873E0));
#2795=VERTEX_POINT('',#2794);
#2796=CARTESIAN_POINT('',(1.6E0,-1.756026843330E0,-4.105456933873E0));
#2797=VERTEX_POINT('',#2796);
#2798=CARTESIAN_POINT('',(1.6E0,-1.490115018800E0,-3.839543751016E0));
#2799=VERTEX_POINT('',#2798);
#2800=CARTESIAN_POINT('',(1.4E0,-1.285164158188E0,-4.245609462E0));
#2801=CARTESIAN_POINT('',(1.4E0,-1.393723800578E0,-4.292097124358E0));
#2802=VERTEX_POINT('',#2800);
#2803=VERTEX_POINT('',#2801);
#2804=CARTESIAN_POINT('',(1.4E0,-1.404181407584E0,-4.303064648642E0));
#2805=VERTEX_POINT('',#2804);
#2806=CARTESIAN_POINT('',(1.4E0,-1.512741049974E0,-4.349552311E0));
#2807=VERTEX_POINT('',#2806);
#2808=CARTESIAN_POINT('',(1.4E0,-2.094986288868E0,-4.349552311E0));
#2809=VERTEX_POINT('',#2808);
#2810=CARTESIAN_POINT('',(1.4E0,-2.094986288868E0,-4.149456933873E0));
#2811=VERTEX_POINT('',#2810);
#2812=CARTESIAN_POINT('',(1.4E0,-1.862158836621E0,-4.149456933873E0));
#2813=VERTEX_POINT('',#2812);
#2814=CARTESIAN_POINT('',(1.4E0,-1.756026843330E0,-4.105456933873E0));
#2815=VERTEX_POINT('',#2814);
#2816=CARTESIAN_POINT('',(1.4E0,-1.490115018800E0,-3.839543751016E0));
#2817=VERTEX_POINT('',#2816);
#2818=CARTESIAN_POINT('',(0.E0,1.4E0,0.E0));
#2819=DIRECTION('',(0.E0,-1.E0,0.E0));
#2820=DIRECTION('',(1.E0,0.E0,0.E0));
#2821=AXIS2_PLACEMENT_3D('',#2818,#2819,#2820);
#2822=PLANE('',#2821);
#2824=ORIENTED_EDGE('',*,*,#2823,.T.);
#2826=ORIENTED_EDGE('',*,*,#2825,.F.);
#2828=ORIENTED_EDGE('',*,*,#2827,.F.);
#2830=ORIENTED_EDGE('',*,*,#2829,.F.);
#2832=ORIENTED_EDGE('',*,*,#2831,.T.);
#2834=ORIENTED_EDGE('',*,*,#2833,.T.);
#2836=ORIENTED_EDGE('',*,*,#2835,.F.);
#2838=ORIENTED_EDGE('',*,*,#2837,.T.);
#2840=ORIENTED_EDGE('',*,*,#2839,.T.);
#2842=ORIENTED_EDGE('',*,*,#2841,.T.);
#2844=ORIENTED_EDGE('',*,*,#2843,.T.);
#2846=ORIENTED_EDGE('',*,*,#2845,.F.);
#2847=EDGE_LOOP('',(#2824,#2826,#2828,#2830,#2832,#2834,#2836,#2838,#2840,#2842,
#2844,#2846));
#2848=FACE_OUTER_BOUND('',#2847,.F.);
#2850=ORIENTED_EDGE('',*,*,#2849,.F.);
#2852=ORIENTED_EDGE('',*,*,#2851,.F.);
#2854=ORIENTED_EDGE('',*,*,#2853,.F.);
#2856=ORIENTED_EDGE('',*,*,#2855,.T.);
#2857=EDGE_LOOP('',(#2850,#2852,#2854,#2856));
#2858=FACE_BOUND('',#2857,.F.);
#2860=CARTESIAN_POINT('',(-3.E0,1.4E0,-4.2E0));
#2861=DIRECTION('',(0.E0,0.E0,-1.E0));
#2862=DIRECTION('',(1.E0,0.E0,0.E0));
#2863=AXIS2_PLACEMENT_3D('',#2860,#2861,#2862);
#2864=PLANE('',#2863);
#2866=ORIENTED_EDGE('',*,*,#2865,.T.);
#2868=ORIENTED_EDGE('',*,*,#2867,.F.);
#2870=ORIENTED_EDGE('',*,*,#2869,.F.);
#2871=ORIENTED_EDGE('',*,*,#2823,.F.);
#2873=ORIENTED_EDGE('',*,*,#2872,.T.);
#2875=ORIENTED_EDGE('',*,*,#2874,.F.);
#2877=ORIENTED_EDGE('',*,*,#2876,.T.);
#2879=ORIENTED_EDGE('',*,*,#2878,.F.);
#2881=ORIENTED_EDGE('',*,*,#2880,.T.);
#2883=ORIENTED_EDGE('',*,*,#2882,.T.);
#2884=EDGE_LOOP('',(#2866,#2868,#2870,#2871,#2873,#2875,#2877,#2879,#2881,
#2883));
#2885=FACE_OUTER_BOUND('',#2884,.F.);
#2887=CARTESIAN_POINT('',(-3.E0,1.4E0,-4.2E0));
#2888=DIRECTION('',(0.E0,0.E0,-1.E0));
#2889=DIRECTION('',(1.E0,0.E0,0.E0));
#2890=AXIS2_PLACEMENT_3D('',#2887,#2888,#2889);
#2891=PLANE('',#2890);
#2893=ORIENTED_EDGE('',*,*,#2892,.T.);
#2895=ORIENTED_EDGE('',*,*,#2894,.F.);
#2897=ORIENTED_EDGE('',*,*,#2896,.F.);
#2899=ORIENTED_EDGE('',*,*,#2898,.T.);
#2900=EDGE_LOOP('',(#2893,#2895,#2897,#2899));
#2901=FACE_OUTER_BOUND('',#2900,.F.);
#2903=CARTESIAN_POINT('',(-3.E0,1.4E0,-4.2E0));
#2904=DIRECTION('',(0.E0,0.E0,-1.E0));
#2905=DIRECTION('',(1.E0,0.E0,0.E0));
#2906=AXIS2_PLACEMENT_3D('',#2903,#2904,#2905);
#2907=PLANE('',#2906);
#2909=ORIENTED_EDGE('',*,*,#2908,.T.);
#2911=ORIENTED_EDGE('',*,*,#2910,.F.);
#2913=ORIENTED_EDGE('',*,*,#2912,.F.);
#2915=ORIENTED_EDGE('',*,*,#2914,.T.);
#2916=EDGE_LOOP('',(#2909,#2911,#2913,#2915));
#2917=FACE_OUTER_BOUND('',#2916,.F.);
#2919=CARTESIAN_POINT('',(-3.E0,1.4E0,-4.2E0));
#2920=DIRECTION('',(0.E0,0.E0,-1.E0));
#2921=DIRECTION('',(1.E0,0.E0,0.E0));
#2922=AXIS2_PLACEMENT_3D('',#2919,#2920,#2921);
#2923=PLANE('',#2922);
#2925=ORIENTED_EDGE('',*,*,#2924,.F.);
#2927=ORIENTED_EDGE('',*,*,#2926,.T.);
#2929=ORIENTED_EDGE('',*,*,#2928,.F.);
#2931=ORIENTED_EDGE('',*,*,#2930,.T.);
#2933=ORIENTED_EDGE('',*,*,#2932,.F.);
#2935=ORIENTED_EDGE('',*,*,#2934,.T.);
#2937=ORIENTED_EDGE('',*,*,#2936,.F.);
#2938=ORIENTED_EDGE('',*,*,#2831,.F.);
#2940=ORIENTED_EDGE('',*,*,#2939,.T.);
#2942=ORIENTED_EDGE('',*,*,#2941,.F.);
#2943=EDGE_LOOP('',(#2925,#2927,#2929,#2931,#2933,#2935,#2937,#2938,#2940,
#2942));
#2944=FACE_OUTER_BOUND('',#2943,.F.);
#2946=CARTESIAN_POINT('',(-3.E0,1.4E0,-4.2E0));
#2947=DIRECTION('',(0.E0,0.E0,-1.E0));
#2948=DIRECTION('',(1.E0,0.E0,0.E0));
#2949=AXIS2_PLACEMENT_3D('',#2946,#2947,#2948);
#2950=PLANE('',#2949);
#2952=ORIENTED_EDGE('',*,*,#2951,.T.);
#2954=ORIENTED_EDGE('',*,*,#2953,.F.);
#2956=ORIENTED_EDGE('',*,*,#2955,.F.);
#2958=ORIENTED_EDGE('',*,*,#2957,.T.);
#2959=EDGE_LOOP('',(#2952,#2954,#2956,#2958));
#2960=FACE_OUTER_BOUND('',#2959,.F.);
#2962=CARTESIAN_POINT('',(-1.6E0,1.4E0,0.E0));
#2963=DIRECTION('',(-1.E0,0.E0,0.E0));
#2964=DIRECTION('',(0.E0,0.E0,1.E0));
#2965=AXIS2_PLACEMENT_3D('',#2962,#2963,#2964);
#2966=PLANE('',#2965);
#2968=ORIENTED_EDGE('',*,*,#2967,.T.);
#2970=ORIENTED_EDGE('',*,*,#2969,.F.);
#2972=ORIENTED_EDGE('',*,*,#2971,.F.);
#2974=ORIENTED_EDGE('',*,*,#2973,.F.);
#2976=ORIENTED_EDGE('',*,*,#2975,.F.);
#2978=ORIENTED_EDGE('',*,*,#2977,.F.);
#2980=ORIENTED_EDGE('',*,*,#2979,.F.);
#2982=ORIENTED_EDGE('',*,*,#2981,.F.);
#2984=ORIENTED_EDGE('',*,*,#2983,.F.);
#2986=ORIENTED_EDGE('',*,*,#2985,.F.);
#2988=ORIENTED_EDGE('',*,*,#2987,.F.);
#2990=ORIENTED_EDGE('',*,*,#2989,.F.);
#2991=ORIENTED_EDGE('',*,*,#2865,.F.);
#2992=EDGE_LOOP('',(#2968,#2970,#2972,#2974,#2976,#2978,#2980,#2982,#2984,#2986,
#2988,#2990,#2991));
#2993=FACE_OUTER_BOUND('',#2992,.F.);
#2995=CARTESIAN_POINT('',(-1.6E0,1.4E0,0.E0));
#2996=DIRECTION('',(-1.E0,0.E0,0.E0));
#2997=DIRECTION('',(0.E0,0.E0,1.E0));
#2998=AXIS2_PLACEMENT_3D('',#2995,#2996,#2997);
#2999=PLANE('',#2998);
#3001=ORIENTED_EDGE('',*,*,#3000,.T.);
#3003=ORIENTED_EDGE('',*,*,#3002,.F.);
#3005=ORIENTED_EDGE('',*,*,#3004,.F.);
#3007=ORIENTED_EDGE('',*,*,#3006,.F.);
#3009=ORIENTED_EDGE('',*,*,#3008,.F.);
#3010=EDGE_LOOP('',(#3001,#3003,#3005,#3007,#3009));
#3011=FACE_OUTER_BOUND('',#3010,.F.);
#3013=CARTESIAN_POINT('',(0.E0,-1.4E0,0.E0));
#3014=DIRECTION('',(0.E0,-1.E0,0.E0));
#3015=DIRECTION('',(1.E0,0.E0,0.E0));
#3016=AXIS2_PLACEMENT_3D('',#3013,#3014,#3015);
#3017=PLANE('',#3016);
#3019=ORIENTED_EDGE('',*,*,#3018,.T.);
#3021=ORIENTED_EDGE('',*,*,#3020,.T.);
#3023=ORIENTED_EDGE('',*,*,#3022,.F.);
#3024=ORIENTED_EDGE('',*,*,#2957,.F.);
#3026=ORIENTED_EDGE('',*,*,#3025,.T.);
#3028=ORIENTED_EDGE('',*,*,#3027,.T.);
#3030=ORIENTED_EDGE('',*,*,#3029,.F.);
#3031=ORIENTED_EDGE('',*,*,#2914,.F.);
#3033=ORIENTED_EDGE('',*,*,#3032,.T.);
#3035=ORIENTED_EDGE('',*,*,#3034,.T.);
#3037=ORIENTED_EDGE('',*,*,#3036,.F.);
#3038=ORIENTED_EDGE('',*,*,#2898,.F.);
#3040=ORIENTED_EDGE('',*,*,#3039,.T.);
#3042=ORIENTED_EDGE('',*,*,#3041,.T.);
#3043=ORIENTED_EDGE('',*,*,#2967,.F.);
#3044=ORIENTED_EDGE('',*,*,#2882,.F.);
#3046=ORIENTED_EDGE('',*,*,#3045,.F.);
#3048=ORIENTED_EDGE('',*,*,#3047,.T.);
#3050=ORIENTED_EDGE('',*,*,#3049,.T.);
#3052=ORIENTED_EDGE('',*,*,#3051,.F.);
#3054=ORIENTED_EDGE('',*,*,#3053,.T.);
#3056=ORIENTED_EDGE('',*,*,#3055,.T.);
#3058=ORIENTED_EDGE('',*,*,#3057,.F.);
#3060=ORIENTED_EDGE('',*,*,#3059,.F.);
#3062=ORIENTED_EDGE('',*,*,#3061,.F.);
#3064=ORIENTED_EDGE('',*,*,#3063,.F.);
#3066=ORIENTED_EDGE('',*,*,#3065,.F.);
#3067=ORIENTED_EDGE('',*,*,#2926,.F.);
#3068=EDGE_LOOP('',(#3019,#3021,#3023,#3024,#3026,#3028,#3030,#3031,#3033,#3035,
#3037,#3038,#3040,#3042,#3043,#3044,#3046,#3048,#3050,#3052,#3054,#3056,#3058,
#3060,#3062,#3064,#3066,#3067));
#3069=FACE_OUTER_BOUND('',#3068,.F.);
#3071=CARTESIAN_POINT('',(1.6E0,1.4E0,0.E0));
#3072=DIRECTION('',(-1.E0,0.E0,0.E0));
#3073=DIRECTION('',(0.E0,0.E0,1.E0));
#3074=AXIS2_PLACEMENT_3D('',#3071,#3072,#3073);
#3075=PLANE('',#3074);
#3077=ORIENTED_EDGE('',*,*,#3076,.T.);
#3079=ORIENTED_EDGE('',*,*,#3078,.F.);
#3081=ORIENTED_EDGE('',*,*,#3080,.T.);
#3083=ORIENTED_EDGE('',*,*,#3082,.T.);
#3085=ORIENTED_EDGE('',*,*,#3084,.T.);
#3086=EDGE_LOOP('',(#3077,#3079,#3081,#3083,#3085));
#3087=FACE_OUTER_BOUND('',#3086,.F.);
#3089=CARTESIAN_POINT('',(1.6E0,1.4E0,0.E0));
#3090=DIRECTION('',(-1.E0,0.E0,0.E0));
#3091=DIRECTION('',(0.E0,0.E0,1.E0));
#3092=AXIS2_PLACEMENT_3D('',#3089,#3090,#3091);
#3093=PLANE('',#3092);
#3094=ORIENTED_EDGE('',*,*,#3018,.F.);
#3095=ORIENTED_EDGE('',*,*,#2924,.T.);
#3097=ORIENTED_EDGE('',*,*,#3096,.T.);
#3099=ORIENTED_EDGE('',*,*,#3098,.T.);
#3101=ORIENTED_EDGE('',*,*,#3100,.T.);
#3103=ORIENTED_EDGE('',*,*,#3102,.T.);
#3105=ORIENTED_EDGE('',*,*,#3104,.T.);
#3107=ORIENTED_EDGE('',*,*,#3106,.T.);
#3109=ORIENTED_EDGE('',*,*,#3108,.T.);
#3111=ORIENTED_EDGE('',*,*,#3110,.T.);
#3113=ORIENTED_EDGE('',*,*,#3112,.T.);
#3115=ORIENTED_EDGE('',*,*,#3114,.T.);
#3117=ORIENTED_EDGE('',*,*,#3116,.T.);
#3118=EDGE_LOOP('',(#3094,#3095,#3097,#3099,#3101,#3103,#3105,#3107,#3109,#3111,
#3113,#3115,#3117));
#3119=FACE_OUTER_BOUND('',#3118,.F.);
#3121=CARTESIAN_POINT('',(1.6E0,7.497341223456E-1,-2.960199266002E0));
#3122=DIRECTION('',(-1.E0,0.E0,0.E0));
#3123=DIRECTION('',(0.E0,0.E0,1.E0));
#3124=AXIS2_PLACEMENT_3D('',#3121,#3122,#3123);
#3125=CYLINDRICAL_SURFACE('',#3124,1.497341223456E-1);
#3126=ORIENTED_EDGE('',*,*,#3076,.F.);
#3128=ORIENTED_EDGE('',*,*,#3127,.T.);
#3130=ORIENTED_EDGE('',*,*,#3129,.T.);
#3132=ORIENTED_EDGE('',*,*,#3131,.F.);
#3133=EDGE_LOOP('',(#3126,#3128,#3130,#3132));
#3134=FACE_OUTER_BOUND('',#3133,.F.);
#3136=CARTESIAN_POINT('',(1.6E0,6.E-1,-1.35E0));
#3137=DIRECTION('',(0.E0,1.E0,0.E0));
#3138=DIRECTION('',(0.E0,0.E0,-1.E0));
#3139=AXIS2_PLACEMENT_3D('',#3136,#3137,#3138);
#3140=PLANE('',#3139);
#3141=ORIENTED_EDGE('',*,*,#3084,.F.);
#3143=ORIENTED_EDGE('',*,*,#3142,.T.);
#3145=ORIENTED_EDGE('',*,*,#3144,.T.);
#3146=ORIENTED_EDGE('',*,*,#3127,.F.);
#3147=EDGE_LOOP('',(#3141,#3143,#3145,#3146));
#3148=FACE_OUTER_BOUND('',#3147,.F.);
#3150=CARTESIAN_POINT('',(1.6E0,2.193594763471E-1,-1.35E0));
#3151=DIRECTION('',(0.E0,0.E0,1.E0));
#3152=DIRECTION('',(0.E0,1.E0,0.E0));
#3153=AXIS2_PLACEMENT_3D('',#3150,#3151,#3152);
#3154=PLANE('',#3153);
#3155=ORIENTED_EDGE('',*,*,#3082,.F.);
#3157=ORIENTED_EDGE('',*,*,#3156,.T.);
#3159=ORIENTED_EDGE('',*,*,#3158,.T.);
#3160=ORIENTED_EDGE('',*,*,#3142,.F.);
#3161=EDGE_LOOP('',(#3155,#3157,#3159,#3160));
#3162=FACE_OUTER_BOUND('',#3161,.F.);
#3164=CARTESIAN_POINT('',(1.6E0,1.294210116644E-1,-3.E0));
#3165=DIRECTION('',(0.E0,-9.985177324254E-1,5.442736473501E-2));
#3166=DIRECTION('',(0.E0,5.442736473501E-2,9.985177324254E-1));
#3167=AXIS2_PLACEMENT_3D('',#3164,#3165,#3166);
#3168=PLANE('',#3167);
#3169=ORIENTED_EDGE('',*,*,#3080,.F.);
#3171=ORIENTED_EDGE('',*,*,#3170,.T.);
#3173=ORIENTED_EDGE('',*,*,#3172,.T.);
#3174=ORIENTED_EDGE('',*,*,#3156,.F.);
#3175=EDGE_LOOP('',(#3169,#3171,#3173,#3174));
#3176=FACE_OUTER_BOUND('',#3175,.F.);
#3178=CARTESIAN_POINT('',(0.E0,1.4E0,-3.E0));
#3179=DIRECTION('',(0.E0,0.E0,1.E0));
#3180=DIRECTION('',(1.E0,0.E0,0.E0));
#3181=AXIS2_PLACEMENT_3D('',#3178,#3179,#3180);
#3182=PLANE('',#3181);
#3184=ORIENTED_EDGE('',*,*,#3183,.F.);
#3186=ORIENTED_EDGE('',*,*,#3185,.F.);
#3188=ORIENTED_EDGE('',*,*,#3187,.F.);
#3190=ORIENTED_EDGE('',*,*,#3189,.F.);
#3191=EDGE_LOOP('',(#3184,#3186,#3188,#3190));
#3192=FACE_OUTER_BOUND('',#3191,.F.);
#3194=ORIENTED_EDGE('',*,*,#3193,.T.);
#3196=ORIENTED_EDGE('',*,*,#3195,.T.);
#3197=ORIENTED_EDGE('',*,*,#3000,.F.);
#3199=ORIENTED_EDGE('',*,*,#3198,.F.);
#3200=EDGE_LOOP('',(#3194,#3196,#3197,#3199));
#3201=FACE_BOUND('',#3200,.F.);
#3203=ORIENTED_EDGE('',*,*,#3202,.T.);
#3205=ORIENTED_EDGE('',*,*,#3204,.T.);
#3207=ORIENTED_EDGE('',*,*,#3206,.F.);
#3209=ORIENTED_EDGE('',*,*,#3208,.F.);
#3210=EDGE_LOOP('',(#3203,#3205,#3207,#3209));
#3211=FACE_BOUND('',#3210,.F.);
#3213=ORIENTED_EDGE('',*,*,#3212,.T.);
#3215=ORIENTED_EDGE('',*,*,#3214,.T.);
#3217=ORIENTED_EDGE('',*,*,#3216,.F.);
#3219=ORIENTED_EDGE('',*,*,#3218,.F.);
#3220=EDGE_LOOP('',(#3213,#3215,#3217,#3219));
#3221=FACE_BOUND('',#3220,.F.);
#3222=ORIENTED_EDGE('',*,*,#3078,.T.);
#3223=ORIENTED_EDGE('',*,*,#3131,.T.);
#3225=ORIENTED_EDGE('',*,*,#3224,.F.);
#3226=ORIENTED_EDGE('',*,*,#3170,.F.);
#3227=EDGE_LOOP('',(#3222,#3223,#3225,#3226));
#3228=FACE_BOUND('',#3227,.F.);
#3230=CARTESIAN_POINT('',(-2.2E0,1.05E0,0.E0));
#3231=DIRECTION('',(-1.E0,0.E0,0.E0));
#3232=DIRECTION('',(0.E0,-1.E0,0.E0));
#3233=AXIS2_PLACEMENT_3D('',#3230,#3231,#3232);
#3234=PLANE('',#3233);
#3236=ORIENTED_EDGE('',*,*,#3235,.T.);
#3238=ORIENTED_EDGE('',*,*,#3237,.T.);
#3239=ORIENTED_EDGE('',*,*,#3183,.T.);
#3241=ORIENTED_EDGE('',*,*,#3240,.F.);
#3243=ORIENTED_EDGE('',*,*,#3242,.T.);
#3245=ORIENTED_EDGE('',*,*,#3244,.T.);
#3247=ORIENTED_EDGE('',*,*,#3246,.T.);
#3249=ORIENTED_EDGE('',*,*,#3248,.F.);
#3250=EDGE_LOOP('',(#3236,#3238,#3239,#3241,#3243,#3245,#3247,#3249));
#3251=FACE_OUTER_BOUND('',#3250,.F.);
#3253=CARTESIAN_POINT('',(-2.275E0,8.E-1,-7.5E-2));
#3254=DIRECTION('',(7.071067811865E-1,0.E0,7.071067811865E-1));
#3255=DIRECTION('',(7.071067811865E-1,0.E0,-7.071067811865E-1));
#3256=AXIS2_PLACEMENT_3D('',#3253,#3254,#3255);
#3257=PLANE('',#3256);
#3259=ORIENTED_EDGE('',*,*,#3258,.T.);
#3261=ORIENTED_EDGE('',*,*,#3260,.T.);
#3263=ORIENTED_EDGE('',*,*,#3262,.F.);
#3264=ORIENTED_EDGE('',*,*,#3235,.F.);
#3265=EDGE_LOOP('',(#3259,#3261,#3263,#3264));
#3266=FACE_OUTER_BOUND('',#3265,.F.);
#3268=CARTESIAN_POINT('',(-2.2E0,5.5E-1,0.E0));
#3269=DIRECTION('',(0.E0,1.E0,0.E0));
#3270=DIRECTION('',(-1.E0,0.E0,0.E0));
#3271=AXIS2_PLACEMENT_3D('',#3268,#3269,#3270);
#3272=PLANE('',#3271);
#3273=ORIENTED_EDGE('',*,*,#3258,.F.);
#3274=ORIENTED_EDGE('',*,*,#3248,.T.);
#3276=ORIENTED_EDGE('',*,*,#3275,.T.);
#3278=ORIENTED_EDGE('',*,*,#3277,.F.);
#3280=ORIENTED_EDGE('',*,*,#3279,.F.);
#3281=EDGE_LOOP('',(#3273,#3274,#3276,#3278,#3280));
#3282=FACE_OUTER_BOUND('',#3281,.F.);
#3284=CARTESIAN_POINT('',(0.E0,1.4E0,-2.5E0));
#3285=DIRECTION('',(0.E0,0.E0,1.E0));
#3286=DIRECTION('',(1.E0,0.E0,0.E0));
#3287=AXIS2_PLACEMENT_3D('',#3284,#3285,#3286);
#3288=PLANE('',#3287);
#3289=ORIENTED_EDGE('',*,*,#3246,.F.);
#3291=ORIENTED_EDGE('',*,*,#3290,.F.);
#3293=ORIENTED_EDGE('',*,*,#3292,.F.);
#3294=ORIENTED_EDGE('',*,*,#3275,.F.);
#3295=EDGE_LOOP('',(#3289,#3291,#3293,#3294));
#3296=FACE_OUTER_BOUND('',#3295,.F.);
#3298=CARTESIAN_POINT('',(0.E0,1.4E0,-2.5E0));
#3299=DIRECTION('',(0.E0,0.E0,1.E0));
#3300=DIRECTION('',(1.E0,0.E0,0.E0));
#3301=AXIS2_PLACEMENT_3D('',#3298,#3299,#3300);
#3302=PLANE('',#3301);
#3304=ORIENTED_EDGE('',*,*,#3303,.T.);
#3306=ORIENTED_EDGE('',*,*,#3305,.F.);
#3308=ORIENTED_EDGE('',*,*,#3307,.F.);
#3310=ORIENTED_EDGE('',*,*,#3309,.F.);
#3311=EDGE_LOOP('',(#3304,#3306,#3308,#3310));
#3312=FACE_OUTER_BOUND('',#3311,.F.);
#3314=CARTESIAN_POINT('',(-2.55E0,-1.E-1,0.E0));
#3315=DIRECTION('',(0.E0,-1.E0,0.E0));
#3316=DIRECTION('',(1.E0,0.E0,0.E0));
#3317=AXIS2_PLACEMENT_3D('',#3314,#3315,#3316);
#3318=PLANE('',#3317);
#3320=ORIENTED_EDGE('',*,*,#3319,.F.);
#3322=ORIENTED_EDGE('',*,*,#3321,.F.);
#3324=ORIENTED_EDGE('',*,*,#3323,.T.);
#3325=ORIENTED_EDGE('',*,*,#3290,.T.);
#3326=ORIENTED_EDGE('',*,*,#3244,.F.);
#3327=EDGE_LOOP('',(#3320,#3322,#3324,#3325,#3326));
#3328=FACE_OUTER_BOUND('',#3327,.F.);
#3330=CARTESIAN_POINT('',(-2.275E0,-6.25E-1,-7.5E-2));
#3331=DIRECTION('',(7.071067811865E-1,0.E0,7.071067811865E-1));
#3332=DIRECTION('',(7.071067811865E-1,0.E0,-7.071067811865E-1));
#3333=AXIS2_PLACEMENT_3D('',#3330,#3331,#3332);
#3334=PLANE('',#3333);
#3335=ORIENTED_EDGE('',*,*,#3319,.T.);
#3336=ORIENTED_EDGE('',*,*,#3242,.F.);
#3338=ORIENTED_EDGE('',*,*,#3337,.T.);
#3340=ORIENTED_EDGE('',*,*,#3339,.T.);
#3341=EDGE_LOOP('',(#3335,#3336,#3338,#3340));
#3342=FACE_OUTER_BOUND('',#3341,.F.);
#3344=CARTESIAN_POINT('',(0.E0,-1.225E0,-7.5E-2));
#3345=DIRECTION('',(0.E0,7.071067811865E-1,7.071067811865E-1));
#3346=DIRECTION('',(0.E0,7.071067811865E-1,-7.071067811865E-1));
#3347=AXIS2_PLACEMENT_3D('',#3344,#3345,#3346);
#3348=PLANE('',#3347);
#3350=ORIENTED_EDGE('',*,*,#3349,.T.);
#3351=ORIENTED_EDGE('',*,*,#3337,.F.);
#3353=ORIENTED_EDGE('',*,*,#3352,.F.);
#3355=ORIENTED_EDGE('',*,*,#3354,.T.);
#3356=EDGE_LOOP('',(#3350,#3351,#3353,#3355));
#3357=FACE_OUTER_BOUND('',#3356,.F.);
#3359=CARTESIAN_POINT('',(3.E0,1.4E0,0.E0));
#3360=DIRECTION('',(0.E0,0.E0,1.E0));
#3361=DIRECTION('',(-1.E0,0.E0,0.E0));
#3362=AXIS2_PLACEMENT_3D('',#3359,#3360,#3361);
#3363=PLANE('',#3362);
#3364=ORIENTED_EDGE('',*,*,#3059,.T.);
#3366=ORIENTED_EDGE('',*,*,#3365,.T.);
#3368=ORIENTED_EDGE('',*,*,#3367,.T.);
#3370=ORIENTED_EDGE('',*,*,#3369,.F.);
#3371=ORIENTED_EDGE('',*,*,#3051,.T.);
#3373=ORIENTED_EDGE('',*,*,#3372,.F.);
#3375=ORIENTED_EDGE('',*,*,#3374,.F.);
#3377=ORIENTED_EDGE('',*,*,#3376,.F.);
#3378=ORIENTED_EDGE('',*,*,#2839,.F.);
#3380=ORIENTED_EDGE('',*,*,#3379,.T.);
#3382=ORIENTED_EDGE('',*,*,#3381,.T.);
#3384=ORIENTED_EDGE('',*,*,#3383,.T.);
#3385=EDGE_LOOP('',(#3364,#3366,#3368,#3370,#3371,#3373,#3375,#3377,#3378,#3380,
#3382,#3384));
#3386=FACE_OUTER_BOUND('',#3385,.F.);
#3387=ORIENTED_EDGE('',*,*,#3260,.F.);
#3388=ORIENTED_EDGE('',*,*,#3279,.T.);
#3390=ORIENTED_EDGE('',*,*,#3389,.T.);
#3391=ORIENTED_EDGE('',*,*,#3321,.T.);
#3392=ORIENTED_EDGE('',*,*,#3339,.F.);
#3393=ORIENTED_EDGE('',*,*,#3349,.F.);
#3395=ORIENTED_EDGE('',*,*,#3394,.F.);
#3397=ORIENTED_EDGE('',*,*,#3396,.T.);
#3399=ORIENTED_EDGE('',*,*,#3398,.T.);
#3401=ORIENTED_EDGE('',*,*,#3400,.T.);
#3403=ORIENTED_EDGE('',*,*,#3402,.F.);
#3405=ORIENTED_EDGE('',*,*,#3404,.F.);
#3406=EDGE_LOOP('',(#3387,#3388,#3390,#3391,#3392,#3393,#3395,#3397,#3399,#3401,
#3403,#3405));
#3407=FACE_BOUND('',#3406,.F.);
#3409=CARTESIAN_POINT('',(2.25E0,-1.4E0,-3.3E0));
#3410=DIRECTION('',(1.E0,0.E0,0.E0));
#3411=DIRECTION('',(0.E0,0.E0,1.E0));
#3412=AXIS2_PLACEMENT_3D('',#3409,#3410,#3411);
#3413=PLANE('',#3412);
#3414=ORIENTED_EDGE('',*,*,#3057,.T.);
#3416=ORIENTED_EDGE('',*,*,#3415,.T.);
#3418=ORIENTED_EDGE('',*,*,#3417,.T.);
#3419=ORIENTED_EDGE('',*,*,#3365,.F.);
#3420=EDGE_LOOP('',(#3414,#3416,#3418,#3419));
#3421=FACE_OUTER_BOUND('',#3420,.F.);
#3423=CARTESIAN_POINT('',(-2.25E0,-1.4E0,-3.3E0));
#3424=DIRECTION('',(0.E0,0.E0,-1.E0));
#3425=DIRECTION('',(1.E0,0.E0,0.E0));
#3426=AXIS2_PLACEMENT_3D('',#3423,#3424,#3425);
#3427=PLANE('',#3426);
#3428=ORIENTED_EDGE('',*,*,#3055,.F.);
#3430=ORIENTED_EDGE('',*,*,#3429,.T.);
#3432=ORIENTED_EDGE('',*,*,#3431,.T.);
#3433=ORIENTED_EDGE('',*,*,#3415,.F.);
#3434=EDGE_LOOP('',(#3428,#3430,#3432,#3433));
#3435=FACE_OUTER_BOUND('',#3434,.F.);
#3437=CARTESIAN_POINT('',(-2.25E0,-1.4E0,0.E0));
#3438=DIRECTION('',(-1.E0,0.E0,0.E0));
#3439=DIRECTION('',(0.E0,0.E0,-1.E0));
#3440=AXIS2_PLACEMENT_3D('',#3437,#3438,#3439);
#3441=PLANE('',#3440);
#3442=ORIENTED_EDGE('',*,*,#3053,.F.);
#3443=ORIENTED_EDGE('',*,*,#3369,.T.);
#3445=ORIENTED_EDGE('',*,*,#3444,.T.);
#3446=ORIENTED_EDGE('',*,*,#3429,.F.);
#3447=EDGE_LOOP('',(#3442,#3443,#3445,#3446));
#3448=FACE_OUTER_BOUND('',#3447,.F.);
#3450=CARTESIAN_POINT('',(0.E0,-1.5E0,0.E0));
#3451=DIRECTION('',(0.E0,-1.E0,0.E0));
#3452=DIRECTION('',(-1.E0,0.E0,0.E0));
#3453=AXIS2_PLACEMENT_3D('',#3450,#3451,#3452);
#3454=PLANE('',#3453);
#3455=ORIENTED_EDGE('',*,*,#3367,.F.);
#3456=ORIENTED_EDGE('',*,*,#3417,.F.);
#3457=ORIENTED_EDGE('',*,*,#3431,.F.);
#3458=ORIENTED_EDGE('',*,*,#3444,.F.);
#3459=EDGE_LOOP('',(#3455,#3456,#3457,#3458));
#3460=FACE_OUTER_BOUND('',#3459,.F.);
#3462=CARTESIAN_POINT('',(-2.49E0,1.4E0,0.E0));
#3463=DIRECTION('',(1.E0,0.E0,0.E0));
#3464=DIRECTION('',(0.E0,0.E0,-1.E0));
#3465=AXIS2_PLACEMENT_3D('',#3462,#3463,#3464);
#3466=PLANE('',#3465);
#3468=ORIENTED_EDGE('',*,*,#3467,.F.);
#3470=ORIENTED_EDGE('',*,*,#3469,.F.);
#3472=ORIENTED_EDGE('',*,*,#3471,.F.);
#3473=ORIENTED_EDGE('',*,*,#2872,.F.);
#3474=ORIENTED_EDGE('',*,*,#2845,.T.);
#3476=ORIENTED_EDGE('',*,*,#3475,.T.);
#3477=EDGE_LOOP('',(#3468,#3470,#3472,#3473,#3474,#3476));
#3478=FACE_OUTER_BOUND('',#3477,.F.);
#3480=CARTESIAN_POINT('',(-2.49E0,1.4E0,0.E0));
#3481=DIRECTION('',(1.E0,0.E0,0.E0));
#3482=DIRECTION('',(0.E0,0.E0,-1.E0));
#3483=AXIS2_PLACEMENT_3D('',#3480,#3481,#3482);
#3484=PLANE('',#3483);
#3486=ORIENTED_EDGE('',*,*,#3485,.F.);
#3488=ORIENTED_EDGE('',*,*,#3487,.T.);
#3490=ORIENTED_EDGE('',*,*,#3489,.T.);
#3491=ORIENTED_EDGE('',*,*,#2876,.F.);
#3493=ORIENTED_EDGE('',*,*,#3492,.F.);
#3495=ORIENTED_EDGE('',*,*,#3494,.F.);
#3496=EDGE_LOOP('',(#3486,#3488,#3490,#3491,#3493,#3495));
#3497=FACE_OUTER_BOUND('',#3496,.F.);
#3499=CARTESIAN_POINT('',(-2.49E0,1.4E0,0.E0));
#3500=DIRECTION('',(1.E0,0.E0,0.E0));
#3501=DIRECTION('',(0.E0,0.E0,-1.E0));
#3502=AXIS2_PLACEMENT_3D('',#3499,#3500,#3501);
#3503=PLANE('',#3502);
#3505=ORIENTED_EDGE('',*,*,#3504,.T.);
#3507=ORIENTED_EDGE('',*,*,#3506,.F.);
#3509=ORIENTED_EDGE('',*,*,#3508,.F.);
#3511=ORIENTED_EDGE('',*,*,#3510,.T.);
#3512=ORIENTED_EDGE('',*,*,#3372,.T.);
#3513=ORIENTED_EDGE('',*,*,#3049,.F.);
#3515=ORIENTED_EDGE('',*,*,#3514,.T.);
#3516=EDGE_LOOP('',(#3505,#3507,#3509,#3511,#3512,#3513,#3515));
#3517=FACE_OUTER_BOUND('',#3516,.F.);
#3519=CARTESIAN_POINT('',(-2.49E0,1.150000000674E0,-3.25E0));
#3520=DIRECTION('',(1.E0,0.E0,0.E0));
#3521=DIRECTION('',(0.E0,0.E0,-1.E0));
#3522=AXIS2_PLACEMENT_3D('',#3519,#3520,#3521);
#3523=CYLINDRICAL_SURFACE('',#3522,1.5E-1);
#3525=ORIENTED_EDGE('',*,*,#3524,.F.);
#3527=ORIENTED_EDGE('',*,*,#3526,.F.);
#3528=ORIENTED_EDGE('',*,*,#3467,.T.);
#3530=ORIENTED_EDGE('',*,*,#3529,.F.);
#3531=EDGE_LOOP('',(#3525,#3527,#3528,#3530));
#3532=FACE_OUTER_BOUND('',#3531,.F.);
#3534=CARTESIAN_POINT('',(-2.69E0,1.4E0,0.E0));
#3535=DIRECTION('',(1.E0,0.E0,0.E0));
#3536=DIRECTION('',(0.E0,0.E0,-1.E0));
#3537=AXIS2_PLACEMENT_3D('',#3534,#3535,#3536);
#3538=PLANE('',#3537);
#3540=ORIENTED_EDGE('',*,*,#3539,.T.);
#3542=ORIENTED_EDGE('',*,*,#3541,.F.);
#3544=ORIENTED_EDGE('',*,*,#3543,.T.);
#3546=ORIENTED_EDGE('',*,*,#3545,.T.);
#3548=ORIENTED_EDGE('',*,*,#3547,.T.);
#3550=ORIENTED_EDGE('',*,*,#3549,.T.);
#3552=ORIENTED_EDGE('',*,*,#3551,.T.);
#3554=ORIENTED_EDGE('',*,*,#3553,.T.);
#3556=ORIENTED_EDGE('',*,*,#3555,.T.);
#3558=ORIENTED_EDGE('',*,*,#3557,.T.);
#3560=ORIENTED_EDGE('',*,*,#3559,.T.);
#3562=ORIENTED_EDGE('',*,*,#3561,.T.);
#3564=ORIENTED_EDGE('',*,*,#3563,.T.);
#3565=ORIENTED_EDGE('',*,*,#3524,.T.);
#3567=ORIENTED_EDGE('',*,*,#3566,.F.);
#3568=EDGE_LOOP('',(#3540,#3542,#3544,#3546,#3548,#3550,#3552,#3554,#3556,#3558,
#3560,#3562,#3564,#3565,#3567));
#3569=FACE_OUTER_BOUND('',#3568,.F.);
#3571=CARTESIAN_POINT('',(-3.E0,1.E0,-3.1E0));
#3572=DIRECTION('',(0.E0,1.E0,0.E0));
#3573=DIRECTION('',(0.E0,0.E0,-1.E0));
#3574=AXIS2_PLACEMENT_3D('',#3571,#3572,#3573);
#3575=PLANE('',#3574);
#3577=ORIENTED_EDGE('',*,*,#3576,.T.);
#3578=ORIENTED_EDGE('',*,*,#3539,.F.);
#3580=ORIENTED_EDGE('',*,*,#3579,.F.);
#3582=ORIENTED_EDGE('',*,*,#3581,.T.);
#3583=EDGE_LOOP('',(#3577,#3578,#3580,#3582));
#3584=FACE_OUTER_BOUND('',#3583,.F.);
#3586=CARTESIAN_POINT('',(-2.845E0,9.E-1,-3.7E0));
#3587=DIRECTION('',(0.E0,7.071067811865E-1,-7.071067811865E-1));
#3588=DIRECTION('',(0.E0,7.071067811865E-1,7.071067811865E-1));
#3589=AXIS2_PLACEMENT_3D('',#3586,#3587,#3588);
#3590=PLANE('',#3589);
#3591=ORIENTED_EDGE('',*,*,#3576,.F.);
#3593=ORIENTED_EDGE('',*,*,#3592,.T.);
#3595=ORIENTED_EDGE('',*,*,#3594,.T.);
#3596=ORIENTED_EDGE('',*,*,#3541,.T.);
#3597=EDGE_LOOP('',(#3591,#3593,#3595,#3596));
#3598=FACE_OUTER_BOUND('',#3597,.F.);
#3600=CARTESIAN_POINT('',(-3.E0,1.4E0,0.E0));
#3601=DIRECTION('',(-1.E0,0.E0,0.E0));
#3602=DIRECTION('',(0.E0,0.E0,-1.E0));
#3603=AXIS2_PLACEMENT_3D('',#3600,#3601,#3602);
#3604=PLANE('',#3603);
#3606=ORIENTED_EDGE('',*,*,#3605,.F.);
#3608=ORIENTED_EDGE('',*,*,#3607,.F.);
#3610=ORIENTED_EDGE('',*,*,#3609,.F.);
#3611=ORIENTED_EDGE('',*,*,#3045,.T.);
#3612=ORIENTED_EDGE('',*,*,#2880,.F.);
#3614=ORIENTED_EDGE('',*,*,#3613,.T.);
#3616=ORIENTED_EDGE('',*,*,#3615,.F.);
#3617=ORIENTED_EDGE('',*,*,#3592,.F.);
#3618=ORIENTED_EDGE('',*,*,#3581,.F.);
#3620=ORIENTED_EDGE('',*,*,#3619,.F.);
#3621=ORIENTED_EDGE('',*,*,#2841,.F.);
#3622=ORIENTED_EDGE('',*,*,#3376,.T.);
#3624=ORIENTED_EDGE('',*,*,#3623,.T.);
#3626=ORIENTED_EDGE('',*,*,#3625,.F.);
#3627=EDGE_LOOP('',(#3606,#3608,#3610,#3611,#3612,#3614,#3616,#3617,#3618,#3620,
#3621,#3622,#3624,#3626));
#3628=FACE_OUTER_BOUND('',#3627,.F.);
#3630=CARTESIAN_POINT('',(-2.855E0,-9.E-1,-5.E-1));
#3631=DIRECTION('',(0.E0,-7.071067811865E-1,7.071067811865E-1));
#3632=DIRECTION('',(0.E0,-7.071067811865E-1,-7.071067811865E-1));
#3633=AXIS2_PLACEMENT_3D('',#3630,#3631,#3632);
#3634=PLANE('',#3633);
#3635=ORIENTED_EDGE('',*,*,#3605,.T.);
#3637=ORIENTED_EDGE('',*,*,#3636,.T.);
#3639=ORIENTED_EDGE('',*,*,#3638,.T.);
#3641=ORIENTED_EDGE('',*,*,#3640,.T.);
#3643=ORIENTED_EDGE('',*,*,#3642,.F.);
#3644=EDGE_LOOP('',(#3635,#3637,#3639,#3641,#3643));
#3645=FACE_OUTER_BOUND('',#3644,.F.);
#3647=CARTESIAN_POINT('',(-3.E0,-1.E0,-4.E-1));
#3648=DIRECTION('',(0.E0,0.E0,1.E0));
#3649=DIRECTION('',(0.E0,1.E0,0.E0));
#3650=AXIS2_PLACEMENT_3D('',#3647,#3648,#3649);
#3651=PLANE('',#3650);
#3653=ORIENTED_EDGE('',*,*,#3652,.F.);
#3654=ORIENTED_EDGE('',*,*,#3636,.F.);
#3655=ORIENTED_EDGE('',*,*,#3625,.T.);
#3657=ORIENTED_EDGE('',*,*,#3656,.T.);
#3658=EDGE_LOOP('',(#3653,#3654,#3655,#3657));
#3659=FACE_OUTER_BOUND('',#3658,.F.);
#3661=CARTESIAN_POINT('',(-2.76E0,-6.5E-1,-4.5E-1));
#3662=DIRECTION('',(7.071067811865E-1,0.E0,7.071067811865E-1));
#3663=DIRECTION('',(7.071067811865E-1,0.E0,-7.071067811865E-1));
#3664=AXIS2_PLACEMENT_3D('',#3661,#3662,#3663);
#3665=PLANE('',#3664);
#3667=ORIENTED_EDGE('',*,*,#3666,.F.);
#3668=ORIENTED_EDGE('',*,*,#3638,.F.);
#3669=ORIENTED_EDGE('',*,*,#3652,.T.);
#3671=ORIENTED_EDGE('',*,*,#3670,.T.);
#3672=EDGE_LOOP('',(#3667,#3668,#3669,#3671));
#3673=FACE_OUTER_BOUND('',#3672,.F.);
#3675=CARTESIAN_POINT('',(-2.71E0,-1.E0,-4.E-1));
#3676=DIRECTION('',(1.E0,0.E0,0.E0));
#3677=DIRECTION('',(0.E0,1.E0,0.E0));
#3678=AXIS2_PLACEMENT_3D('',#3675,#3676,#3677);
#3679=PLANE('',#3678);
#3681=ORIENTED_EDGE('',*,*,#3680,.F.);
#3683=ORIENTED_EDGE('',*,*,#3682,.F.);
#3685=ORIENTED_EDGE('',*,*,#3684,.F.);
#3686=ORIENTED_EDGE('',*,*,#3640,.F.);
#3687=ORIENTED_EDGE('',*,*,#3666,.T.);
#3689=ORIENTED_EDGE('',*,*,#3688,.T.);
#3690=EDGE_LOOP('',(#3681,#3683,#3685,#3686,#3687,#3689));
#3691=FACE_OUTER_BOUND('',#3690,.F.);
#3693=CARTESIAN_POINT('',(-2.49E0,1.4E0,-6.E-1));
#3694=DIRECTION('',(0.E0,0.E0,-1.E0));
#3695=DIRECTION('',(-1.E0,0.E0,0.E0));
#3696=AXIS2_PLACEMENT_3D('',#3693,#3694,#3695);
#3697=PLANE('',#3696);
#3699=ORIENTED_EDGE('',*,*,#3698,.T.);
#3700=ORIENTED_EDGE('',*,*,#3680,.T.);
#3702=ORIENTED_EDGE('',*,*,#3701,.T.);
#3703=ORIENTED_EDGE('',*,*,#3508,.T.);
#3704=EDGE_LOOP('',(#3699,#3700,#3702,#3703));
#3705=FACE_OUTER_BOUND('',#3704,.F.);
#3707=CARTESIAN_POINT('',(-2.6E0,-9.5E-1,-6.5E-1));
#3708=DIRECTION('',(0.E0,-7.071067811865E-1,7.071067811865E-1));
#3709=DIRECTION('',(0.E0,7.071067811865E-1,7.071067811865E-1));
#3710=AXIS2_PLACEMENT_3D('',#3707,#3708,#3709);
#3711=PLANE('',#3710);
#3712=ORIENTED_EDGE('',*,*,#3698,.F.);
#3713=ORIENTED_EDGE('',*,*,#3506,.T.);
#3715=ORIENTED_EDGE('',*,*,#3714,.T.);
#3716=ORIENTED_EDGE('',*,*,#3682,.T.);
#3717=EDGE_LOOP('',(#3712,#3713,#3715,#3716));
#3718=FACE_OUTER_BOUND('',#3717,.F.);
#3720=CARTESIAN_POINT('',(-3.E0,-1.E0,-1.5E0));
#3721=DIRECTION('',(0.E0,-1.E0,0.E0));
#3722=DIRECTION('',(0.E0,0.E0,1.E0));
#3723=AXIS2_PLACEMENT_3D('',#3720,#3721,#3722);
#3724=PLANE('',#3723);
#3725=ORIENTED_EDGE('',*,*,#3642,.T.);
#3726=ORIENTED_EDGE('',*,*,#3684,.T.);
#3727=ORIENTED_EDGE('',*,*,#3714,.F.);
#3728=ORIENTED_EDGE('',*,*,#3504,.F.);
#3730=ORIENTED_EDGE('',*,*,#3729,.F.);
#3731=ORIENTED_EDGE('',*,*,#3607,.T.);
#3732=EDGE_LOOP('',(#3725,#3726,#3727,#3728,#3730,#3731));
#3733=FACE_OUTER_BOUND('',#3732,.F.);
#3735=CARTESIAN_POINT('',(-3.E0,-1.4E0,-1.5E0));
#3736=DIRECTION('',(0.E0,0.E0,1.E0));
#3737=DIRECTION('',(0.E0,1.E0,0.E0));
#3738=AXIS2_PLACEMENT_3D('',#3735,#3736,#3737);
#3739=PLANE('',#3738);
#3740=ORIENTED_EDGE('',*,*,#3514,.F.);
#3741=ORIENTED_EDGE('',*,*,#3047,.F.);
#3742=ORIENTED_EDGE('',*,*,#3609,.T.);
#3743=ORIENTED_EDGE('',*,*,#3729,.T.);
#3744=EDGE_LOOP('',(#3740,#3741,#3742,#3743));
#3745=FACE_OUTER_BOUND('',#3744,.F.);
#3747=CARTESIAN_POINT('',(-3.E0,-3.E-1,-4.E-1));
#3748=DIRECTION('',(0.E0,-1.E0,0.E0));
#3749=DIRECTION('',(0.E0,0.E0,1.E0));
#3750=AXIS2_PLACEMENT_3D('',#3747,#3748,#3749);
#3751=PLANE('',#3750);
#3752=ORIENTED_EDGE('',*,*,#3688,.F.);
#3753=ORIENTED_EDGE('',*,*,#3670,.F.);
#3754=ORIENTED_EDGE('',*,*,#3656,.F.);
#3755=ORIENTED_EDGE('',*,*,#3623,.F.);
#3756=ORIENTED_EDGE('',*,*,#3374,.T.);
#3757=ORIENTED_EDGE('',*,*,#3510,.F.);
#3758=ORIENTED_EDGE('',*,*,#3701,.F.);
#3759=EDGE_LOOP('',(#3752,#3753,#3754,#3755,#3756,#3757,#3758));
#3760=FACE_OUTER_BOUND('',#3759,.F.);
#3762=CARTESIAN_POINT('',(-3.E0,-1.E-1,-3.8E0));
#3763=DIRECTION('',(0.E0,1.E0,0.E0));
#3764=DIRECTION('',(0.E0,0.E0,-1.E0));
#3765=AXIS2_PLACEMENT_3D('',#3762,#3763,#3764);
#3766=PLANE('',#3765);
#3767=ORIENTED_EDGE('',*,*,#3489,.F.);
#3769=ORIENTED_EDGE('',*,*,#3768,.F.);
#3770=ORIENTED_EDGE('',*,*,#3613,.F.);
#3771=ORIENTED_EDGE('',*,*,#2878,.T.);
#3772=EDGE_LOOP('',(#3767,#3769,#3770,#3771));
#3773=FACE_OUTER_BOUND('',#3772,.F.);
#3775=CARTESIAN_POINT('',(-3.E0,1.E0,-3.8E0));
#3776=DIRECTION('',(0.E0,0.E0,-1.E0));
#3777=DIRECTION('',(0.E0,-1.E0,0.E0));
#3778=AXIS2_PLACEMENT_3D('',#3775,#3776,#3777);
#3779=PLANE('',#3778);
#3780=ORIENTED_EDGE('',*,*,#3594,.F.);
#3781=ORIENTED_EDGE('',*,*,#3615,.T.);
#3782=ORIENTED_EDGE('',*,*,#3768,.T.);
#3783=ORIENTED_EDGE('',*,*,#3487,.F.);
#3785=ORIENTED_EDGE('',*,*,#3784,.F.);
#3786=ORIENTED_EDGE('',*,*,#3543,.F.);
#3787=EDGE_LOOP('',(#3780,#3781,#3782,#3783,#3785,#3786));
#3788=FACE_OUTER_BOUND('',#3787,.F.);
#3790=CARTESIAN_POINT('',(-2.49E0,1.543571476740E-1,-3.95E0));
#3791=DIRECTION('',(1.E0,0.E0,0.E0));
#3792=DIRECTION('',(0.E0,0.E0,-1.E0));
#3793=AXIS2_PLACEMENT_3D('',#3790,#3791,#3792);
#3794=CYLINDRICAL_SURFACE('',#3793,1.5E-1);
#3795=ORIENTED_EDGE('',*,*,#3545,.F.);
#3796=ORIENTED_EDGE('',*,*,#3784,.T.);
#3797=ORIENTED_EDGE('',*,*,#3485,.T.);
#3799=ORIENTED_EDGE('',*,*,#3798,.T.);
#3800=EDGE_LOOP('',(#3795,#3796,#3797,#3799));
#3801=FACE_OUTER_BOUND('',#3800,.F.);
#3803=CARTESIAN_POINT('',(-2.49E0,4.357147000300E-3,-3.95E0));
#3804=DIRECTION('',(0.E0,1.E0,0.E0));
#3805=DIRECTION('',(0.E0,0.E0,-1.E0));
#3806=AXIS2_PLACEMENT_3D('',#3803,#3804,#3805);
#3807=PLANE('',#3806);
#3808=ORIENTED_EDGE('',*,*,#3798,.F.);
#3809=ORIENTED_EDGE('',*,*,#3494,.T.);
#3811=ORIENTED_EDGE('',*,*,#3810,.T.);
#3812=ORIENTED_EDGE('',*,*,#3547,.F.);
#3813=EDGE_LOOP('',(#3808,#3809,#3811,#3812));
#3814=FACE_OUTER_BOUND('',#3813,.F.);
#3816=CARTESIAN_POINT('',(-2.49E0,1.543571470003E-1,-4.099250952224E0));
#3817=DIRECTION('',(1.E0,0.E0,0.E0));
#3818=DIRECTION('',(0.E0,0.E0,-1.E0));
#3819=AXIS2_PLACEMENT_3D('',#3816,#3817,#3818);
#3820=CYLINDRICAL_SURFACE('',#3819,1.5E-1);
#3822=ORIENTED_EDGE('',*,*,#3821,.T.);
#3824=ORIENTED_EDGE('',*,*,#3823,.T.);
#3825=ORIENTED_EDGE('',*,*,#3549,.F.);
#3826=ORIENTED_EDGE('',*,*,#3810,.F.);
#3827=ORIENTED_EDGE('',*,*,#3492,.T.);
#3828=EDGE_LOOP('',(#3822,#3824,#3825,#3826,#3827));
#3829=FACE_OUTER_BOUND('',#3828,.F.);
#3831=CARTESIAN_POINT('',(-2.49E0,1.4E0,0.E0));
#3832=DIRECTION('',(1.E0,0.E0,0.E0));
#3833=DIRECTION('',(0.E0,0.E0,-1.E0));
#3834=AXIS2_PLACEMENT_3D('',#3831,#3832,#3833);
#3835=PLANE('',#3834);
#3836=ORIENTED_EDGE('',*,*,#3821,.F.);
#3837=ORIENTED_EDGE('',*,*,#2874,.T.);
#3839=ORIENTED_EDGE('',*,*,#3838,.F.);
#3841=ORIENTED_EDGE('',*,*,#3840,.F.);
#3843=ORIENTED_EDGE('',*,*,#3842,.F.);
#3845=ORIENTED_EDGE('',*,*,#3844,.F.);
#3847=ORIENTED_EDGE('',*,*,#3846,.F.);
#3849=ORIENTED_EDGE('',*,*,#3848,.F.);
#3850=EDGE_LOOP('',(#3836,#3837,#3839,#3841,#3843,#3845,#3847,#3849));
#3851=FACE_OUTER_BOUND('',#3850,.F.);
#3853=CARTESIAN_POINT('',(-2.49E0,1.150000000674E0,-4.198672055275E0));
#3854=DIRECTION('',(1.E0,0.E0,0.E0));
#3855=DIRECTION('',(0.E0,0.E0,-1.E0));
#3856=AXIS2_PLACEMENT_3D('',#3853,#3854,#3855);
#3857=CYLINDRICAL_SURFACE('',#3856,1.5E-1);
#3858=ORIENTED_EDGE('',*,*,#3838,.T.);
#3859=ORIENTED_EDGE('',*,*,#3471,.T.);
#3861=ORIENTED_EDGE('',*,*,#3860,.T.);
#3862=ORIENTED_EDGE('',*,*,#3561,.F.);
#3864=ORIENTED_EDGE('',*,*,#3863,.F.);
#3865=EDGE_LOOP('',(#3858,#3859,#3861,#3862,#3864));
#3866=FACE_OUTER_BOUND('',#3865,.F.);
#3868=CARTESIAN_POINT('',(-2.49E0,1.3E0,-4.198672055275E0));
#3869=DIRECTION('',(0.E0,-1.E0,0.E0));
#3870=DIRECTION('',(0.E0,0.E0,1.E0));
#3871=AXIS2_PLACEMENT_3D('',#3868,#3869,#3870);
#3872=PLANE('',#3871);
#3873=ORIENTED_EDGE('',*,*,#3526,.T.);
#3874=ORIENTED_EDGE('',*,*,#3563,.F.);
#3875=ORIENTED_EDGE('',*,*,#3860,.F.);
#3876=ORIENTED_EDGE('',*,*,#3469,.T.);
#3877=EDGE_LOOP('',(#3873,#3874,#3875,#3876));
#3878=FACE_OUTER_BOUND('',#3877,.F.);
#3880=CARTESIAN_POINT('',(-2.49E0,6.135687434872E-1,-4.348672055275E0));
#3881=DIRECTION('',(0.E0,0.E0,1.E0));
#3882=DIRECTION('',(0.E0,1.E0,0.E0));
#3883=AXIS2_PLACEMENT_3D('',#3880,#3881,#3882);
#3884=PLANE('',#3883);
#3885=ORIENTED_EDGE('',*,*,#3840,.T.);
#3886=ORIENTED_EDGE('',*,*,#3863,.T.);
#3887=ORIENTED_EDGE('',*,*,#3559,.F.);
#3889=ORIENTED_EDGE('',*,*,#3888,.F.);
#3890=EDGE_LOOP('',(#3885,#3886,#3887,#3889));
#3891=FACE_OUTER_BOUND('',#3890,.F.);
#3893=CARTESIAN_POINT('',(-2.49E0,6.135687434872E-1,-4.198672055275E0));
#3894=DIRECTION('',(1.E0,0.E0,0.E0));
#3895=DIRECTION('',(0.E0,0.E0,-1.E0));
#3896=AXIS2_PLACEMENT_3D('',#3893,#3894,#3895);
#3897=CYLINDRICAL_SURFACE('',#3896,1.5E-1);
#3898=ORIENTED_EDGE('',*,*,#3842,.T.);
#3899=ORIENTED_EDGE('',*,*,#3888,.T.);
#3900=ORIENTED_EDGE('',*,*,#3557,.F.);
#3902=ORIENTED_EDGE('',*,*,#3901,.F.);
#3903=EDGE_LOOP('',(#3898,#3899,#3900,#3902));
#3904=FACE_OUTER_BOUND('',#3903,.F.);
#3906=CARTESIAN_POINT('',(-2.49E0,4.955721831286E-1,-4.292877485939E0));
#3907=DIRECTION('',(0.E0,7.050511619100E-1,7.091564419007E-1));
#3908=DIRECTION('',(0.E0,7.091564419007E-1,-7.050511619100E-1));
#3909=AXIS2_PLACEMENT_3D('',#3906,#3907,#3908);
#3910=PLANE('',#3909);
#3911=ORIENTED_EDGE('',*,*,#3844,.T.);
#3912=ORIENTED_EDGE('',*,*,#3901,.T.);
#3913=ORIENTED_EDGE('',*,*,#3555,.F.);
#3915=ORIENTED_EDGE('',*,*,#3914,.F.);
#3916=EDGE_LOOP('',(#3911,#3912,#3913,#3915));
#3917=FACE_OUTER_BOUND('',#3916,.F.);
#3919=CARTESIAN_POINT('',(-2.49E0,3.898145081685E-1,-4.399250952224E0));
#3920=DIRECTION('',(1.E0,0.E0,0.E0));
#3921=DIRECTION('',(0.E0,0.E0,-1.E0));
#3922=AXIS2_PLACEMENT_3D('',#3919,#3920,#3921);
#3923=CYLINDRICAL_SURFACE('',#3922,1.5E-1);
#3924=ORIENTED_EDGE('',*,*,#3846,.T.);
#3925=ORIENTED_EDGE('',*,*,#3914,.T.);
#3926=ORIENTED_EDGE('',*,*,#3553,.F.);
#3928=ORIENTED_EDGE('',*,*,#3927,.F.);
#3929=EDGE_LOOP('',(#3924,#3925,#3926,#3928));
#3930=FACE_OUTER_BOUND('',#3929,.F.);
#3932=CARTESIAN_POINT('',(-2.49E0,1.543571476740E-1,-4.249250952224E0));
#3933=DIRECTION('',(0.E0,0.E0,1.E0));
#3934=DIRECTION('',(0.E0,1.E0,0.E0));
#3935=AXIS2_PLACEMENT_3D('',#3932,#3933,#3934);
#3936=PLANE('',#3935);
#3937=ORIENTED_EDGE('',*,*,#3848,.T.);
#3938=ORIENTED_EDGE('',*,*,#3927,.T.);
#3939=ORIENTED_EDGE('',*,*,#3551,.F.);
#3940=ORIENTED_EDGE('',*,*,#3823,.F.);
#3941=EDGE_LOOP('',(#3937,#3938,#3939,#3940));
#3942=FACE_OUTER_BOUND('',#3941,.F.);
#3944=CARTESIAN_POINT('',(-3.E0,1.4E0,-3.1E0));
#3945=DIRECTION('',(0.E0,0.E0,-1.E0));
#3946=DIRECTION('',(0.E0,-1.E0,0.E0));
#3947=AXIS2_PLACEMENT_3D('',#3944,#3945,#3946);
#3948=PLANE('',#3947);
#3949=ORIENTED_EDGE('',*,*,#3566,.T.);
#3950=ORIENTED_EDGE('',*,*,#3529,.T.);
#3951=ORIENTED_EDGE('',*,*,#3475,.F.);
#3952=ORIENTED_EDGE('',*,*,#2843,.F.);
#3953=ORIENTED_EDGE('',*,*,#3619,.T.);
#3954=ORIENTED_EDGE('',*,*,#3579,.T.);
#3955=EDGE_LOOP('',(#3949,#3950,#3951,#3952,#3953,#3954));
#3956=FACE_OUTER_BOUND('',#3955,.F.);
#3958=CARTESIAN_POINT('',(3.E0,1.4E0,-4.2E0));
#3959=DIRECTION('',(1.E0,0.E0,0.E0));
#3960=DIRECTION('',(0.E0,0.E0,1.E0));
#3961=AXIS2_PLACEMENT_3D('',#3958,#3959,#3960);
#3962=PLANE('',#3961);
#3964=ORIENTED_EDGE('',*,*,#3963,.F.);
#3966=ORIENTED_EDGE('',*,*,#3965,.T.);
#3968=ORIENTED_EDGE('',*,*,#3967,.F.);
#3969=ORIENTED_EDGE('',*,*,#3379,.F.);
#3970=ORIENTED_EDGE('',*,*,#2837,.F.);
#3972=ORIENTED_EDGE('',*,*,#3971,.T.);
#3974=ORIENTED_EDGE('',*,*,#3973,.T.);
#3976=ORIENTED_EDGE('',*,*,#3975,.F.);
#3978=ORIENTED_EDGE('',*,*,#3977,.T.);
#3980=ORIENTED_EDGE('',*,*,#3979,.F.);
#3981=ORIENTED_EDGE('',*,*,#2928,.T.);
#3982=ORIENTED_EDGE('',*,*,#3065,.T.);
#3984=ORIENTED_EDGE('',*,*,#3983,.T.);
#3986=ORIENTED_EDGE('',*,*,#3985,.T.);
#3987=EDGE_LOOP('',(#3964,#3966,#3968,#3969,#3970,#3972,#3974,#3976,#3978,#3980,
#3981,#3982,#3984,#3986));
#3988=FACE_OUTER_BOUND('',#3987,.F.);
#3990=CARTESIAN_POINT('',(2.855E0,-9.E-1,-5.E-1));
#3991=DIRECTION('',(0.E0,-7.071067811865E-1,7.071067811865E-1));
#3992=DIRECTION('',(0.E0,-7.071067811865E-1,-7.071067811865E-1));
#3993=AXIS2_PLACEMENT_3D('',#3990,#3991,#3992);
#3994=PLANE('',#3993);
#3995=ORIENTED_EDGE('',*,*,#3963,.T.);
#3997=ORIENTED_EDGE('',*,*,#3996,.F.);
#3999=ORIENTED_EDGE('',*,*,#3998,.T.);
#4001=ORIENTED_EDGE('',*,*,#4000,.T.);
#4003=ORIENTED_EDGE('',*,*,#4002,.T.);
#4004=EDGE_LOOP('',(#3995,#3997,#3999,#4001,#4003));
#4005=FACE_OUTER_BOUND('',#4004,.F.);
#4007=CARTESIAN_POINT('',(3.E0,-1.E0,-1.5E0));
#4008=DIRECTION('',(0.E0,1.E0,0.E0));
#4009=DIRECTION('',(0.E0,0.E0,1.E0));
#4010=AXIS2_PLACEMENT_3D('',#4007,#4008,#4009);
#4011=PLANE('',#4010);
#4012=ORIENTED_EDGE('',*,*,#3996,.T.);
#4013=ORIENTED_EDGE('',*,*,#3985,.F.);
#4015=ORIENTED_EDGE('',*,*,#4014,.T.);
#4017=ORIENTED_EDGE('',*,*,#4016,.T.);
#4019=ORIENTED_EDGE('',*,*,#4018,.F.);
#4021=ORIENTED_EDGE('',*,*,#4020,.T.);
#4022=EDGE_LOOP('',(#4012,#4013,#4015,#4017,#4019,#4021));
#4023=FACE_OUTER_BOUND('',#4022,.F.);
#4025=CARTESIAN_POINT('',(3.E0,-1.4E0,-1.5E0));
#4026=DIRECTION('',(0.E0,0.E0,-1.E0));
#4027=DIRECTION('',(0.E0,1.E0,0.E0));
#4028=AXIS2_PLACEMENT_3D('',#4025,#4026,#4027);
#4029=PLANE('',#4028);
#4030=ORIENTED_EDGE('',*,*,#3063,.T.);
#4032=ORIENTED_EDGE('',*,*,#4031,.T.);
#4033=ORIENTED_EDGE('',*,*,#4014,.F.);
#4034=ORIENTED_EDGE('',*,*,#3983,.F.);
#4035=EDGE_LOOP('',(#4030,#4032,#4033,#4034));
#4036=FACE_OUTER_BOUND('',#4035,.F.);
#4038=CARTESIAN_POINT('',(2.49E0,1.4E0,0.E0));
#4039=DIRECTION('',(1.E0,0.E0,0.E0));
#4040=DIRECTION('',(0.E0,0.E0,-1.E0));
#4041=AXIS2_PLACEMENT_3D('',#4038,#4039,#4040);
#4042=PLANE('',#4041);
#4044=ORIENTED_EDGE('',*,*,#4043,.T.);
#4046=ORIENTED_EDGE('',*,*,#4045,.F.);
#4047=ORIENTED_EDGE('',*,*,#2833,.F.);
#4048=ORIENTED_EDGE('',*,*,#2936,.T.);
#4050=ORIENTED_EDGE('',*,*,#4049,.T.);
#4052=ORIENTED_EDGE('',*,*,#4051,.T.);
#4053=EDGE_LOOP('',(#4044,#4046,#4047,#4048,#4050,#4052));
#4054=FACE_OUTER_BOUND('',#4053,.F.);
#4056=CARTESIAN_POINT('',(2.49E0,1.4E0,0.E0));
#4057=DIRECTION('',(1.E0,0.E0,0.E0));
#4058=DIRECTION('',(0.E0,0.E0,-1.E0));
#4059=AXIS2_PLACEMENT_3D('',#4056,#4057,#4058);
#4060=PLANE('',#4059);
#4062=ORIENTED_EDGE('',*,*,#4061,.T.);
#4064=ORIENTED_EDGE('',*,*,#4063,.T.);
#4066=ORIENTED_EDGE('',*,*,#4065,.T.);
#4067=ORIENTED_EDGE('',*,*,#2932,.T.);
#4069=ORIENTED_EDGE('',*,*,#4068,.F.);
#4071=ORIENTED_EDGE('',*,*,#4070,.F.);
#4072=EDGE_LOOP('',(#4062,#4064,#4066,#4067,#4069,#4071));
#4073=FACE_OUTER_BOUND('',#4072,.F.);
#4075=CARTESIAN_POINT('',(2.49E0,1.4E0,0.E0));
#4076=DIRECTION('',(1.E0,0.E0,0.E0));
#4077=DIRECTION('',(0.E0,0.E0,-1.E0));
#4078=AXIS2_PLACEMENT_3D('',#4075,#4076,#4077);
#4079=PLANE('',#4078);
#4081=ORIENTED_EDGE('',*,*,#4080,.T.);
#4083=ORIENTED_EDGE('',*,*,#4082,.F.);
#4084=ORIENTED_EDGE('',*,*,#4016,.F.);
#4085=ORIENTED_EDGE('',*,*,#4031,.F.);
#4086=ORIENTED_EDGE('',*,*,#3061,.T.);
#4087=ORIENTED_EDGE('',*,*,#3383,.F.);
#4089=ORIENTED_EDGE('',*,*,#4088,.T.);
#4090=EDGE_LOOP('',(#4081,#4083,#4084,#4085,#4086,#4087,#4089));
#4091=FACE_OUTER_BOUND('',#4090,.F.);
#4093=CARTESIAN_POINT('',(2.49E0,1.150000000674E0,-3.25E0));
#4094=DIRECTION('',(1.E0,0.E0,0.E0));
#4095=DIRECTION('',(0.E0,0.E0,-1.E0));
#4096=AXIS2_PLACEMENT_3D('',#4093,#4094,#4095);
#4097=CYLINDRICAL_SURFACE('',#4096,1.5E-1);
#4099=ORIENTED_EDGE('',*,*,#4098,.F.);
#4100=ORIENTED_EDGE('',*,*,#4043,.F.);
#4102=ORIENTED_EDGE('',*,*,#4101,.T.);
#4104=ORIENTED_EDGE('',*,*,#4103,.T.);
#4105=EDGE_LOOP('',(#4099,#4100,#4102,#4104));
#4106=FACE_OUTER_BOUND('',#4105,.F.);
#4108=CARTESIAN_POINT('',(3.E0,1.4E0,-3.1E0));
#4109=DIRECTION('',(0.E0,0.E0,1.E0));
#4110=DIRECTION('',(0.E0,-1.E0,0.E0));
#4111=AXIS2_PLACEMENT_3D('',#4108,#4109,#4110);
#4112=PLANE('',#4111);
#4114=ORIENTED_EDGE('',*,*,#4113,.F.);
#4116=ORIENTED_EDGE('',*,*,#4115,.F.);
#4117=ORIENTED_EDGE('',*,*,#3971,.F.);
#4118=ORIENTED_EDGE('',*,*,#2835,.T.);
#4119=ORIENTED_EDGE('',*,*,#4045,.T.);
#4120=ORIENTED_EDGE('',*,*,#4098,.T.);
#4121=EDGE_LOOP('',(#4114,#4116,#4117,#4118,#4119,#4120));
#4122=FACE_OUTER_BOUND('',#4121,.F.);
#4124=CARTESIAN_POINT('',(2.69E0,1.4E0,0.E0));
#4125=DIRECTION('',(1.E0,0.E0,0.E0));
#4126=DIRECTION('',(0.E0,0.E0,-1.E0));
#4127=AXIS2_PLACEMENT_3D('',#4124,#4125,#4126);
#4128=PLANE('',#4127);
#4130=ORIENTED_EDGE('',*,*,#4129,.F.);
#4132=ORIENTED_EDGE('',*,*,#4131,.F.);
#4134=ORIENTED_EDGE('',*,*,#4133,.F.);
#4135=ORIENTED_EDGE('',*,*,#4113,.T.);
#4136=ORIENTED_EDGE('',*,*,#4103,.F.);
#4138=ORIENTED_EDGE('',*,*,#4137,.F.);
#4140=ORIENTED_EDGE('',*,*,#4139,.F.);
#4142=ORIENTED_EDGE('',*,*,#4141,.F.);
#4144=ORIENTED_EDGE('',*,*,#4143,.F.);
#4146=ORIENTED_EDGE('',*,*,#4145,.F.);
#4148=ORIENTED_EDGE('',*,*,#4147,.F.);
#4150=ORIENTED_EDGE('',*,*,#4149,.F.);
#4152=ORIENTED_EDGE('',*,*,#4151,.F.);
#4154=ORIENTED_EDGE('',*,*,#4153,.F.);
#4156=ORIENTED_EDGE('',*,*,#4155,.F.);
#4157=EDGE_LOOP('',(#4130,#4132,#4134,#4135,#4136,#4138,#4140,#4142,#4144,#4146,
#4148,#4150,#4152,#4154,#4156));
#4158=FACE_OUTER_BOUND('',#4157,.F.);
#4160=CARTESIAN_POINT('',(3.E0,1.E0,-3.8E0));
#4161=DIRECTION('',(0.E0,0.E0,1.E0));
#4162=DIRECTION('',(0.E0,-1.E0,0.E0));
#4163=AXIS2_PLACEMENT_3D('',#4160,#4161,#4162);
#4164=PLANE('',#4163);
#4166=ORIENTED_EDGE('',*,*,#4165,.F.);
#4167=ORIENTED_EDGE('',*,*,#4129,.T.);
#4169=ORIENTED_EDGE('',*,*,#4168,.F.);
#4170=ORIENTED_EDGE('',*,*,#4070,.T.);
#4172=ORIENTED_EDGE('',*,*,#4171,.F.);
#4173=ORIENTED_EDGE('',*,*,#3977,.F.);
#4174=EDGE_LOOP('',(#4166,#4167,#4169,#4170,#4172,#4173));
#4175=FACE_OUTER_BOUND('',#4174,.F.);
#4177=CARTESIAN_POINT('',(2.845E0,9.E-1,-3.7E0));
#4178=DIRECTION('',(0.E0,7.071067811865E-1,-7.071067811865E-1));
#4179=DIRECTION('',(0.E0,7.071067811865E-1,7.071067811865E-1));
#4180=AXIS2_PLACEMENT_3D('',#4177,#4178,#4179);
#4181=PLANE('',#4180);
#4182=ORIENTED_EDGE('',*,*,#3975,.T.);
#4184=ORIENTED_EDGE('',*,*,#4183,.F.);
#4185=ORIENTED_EDGE('',*,*,#4131,.T.);
#4186=ORIENTED_EDGE('',*,*,#4165,.T.);
#4187=EDGE_LOOP('',(#4182,#4184,#4185,#4186));
#4188=FACE_OUTER_BOUND('',#4187,.F.);
#4190=CARTESIAN_POINT('',(3.E0,1.E0,-3.1E0));
#4191=DIRECTION('',(0.E0,-1.E0,0.E0));
#4192=DIRECTION('',(0.E0,0.E0,-1.E0));
#4193=AXIS2_PLACEMENT_3D('',#4190,#4191,#4192);
#4194=PLANE('',#4193);
#4195=ORIENTED_EDGE('',*,*,#4183,.T.);
#4196=ORIENTED_EDGE('',*,*,#3973,.F.);
#4197=ORIENTED_EDGE('',*,*,#4115,.T.);
#4198=ORIENTED_EDGE('',*,*,#4133,.T.);
#4199=EDGE_LOOP('',(#4195,#4196,#4197,#4198));
#4200=FACE_OUTER_BOUND('',#4199,.F.);
#4202=CARTESIAN_POINT('',(2.49E0,1.543571476740E-1,-3.95E0));
#4203=DIRECTION('',(1.E0,0.E0,0.E0));
#4204=DIRECTION('',(0.E0,0.E0,-1.E0));
#4205=AXIS2_PLACEMENT_3D('',#4202,#4203,#4204);
#4206=CYLINDRICAL_SURFACE('',#4205,1.5E-1);
#4207=ORIENTED_EDGE('',*,*,#4168,.T.);
#4208=ORIENTED_EDGE('',*,*,#4155,.T.);
#4210=ORIENTED_EDGE('',*,*,#4209,.F.);
#4211=ORIENTED_EDGE('',*,*,#4061,.F.);
#4212=EDGE_LOOP('',(#4207,#4208,#4210,#4211));
#4213=FACE_OUTER_BOUND('',#4212,.F.);
#4215=CARTESIAN_POINT('',(2.49E0,4.357147000300E-3,-3.95E0));
#4216=DIRECTION('',(0.E0,-1.E0,0.E0));
#4217=DIRECTION('',(0.E0,0.E0,-1.E0));
#4218=AXIS2_PLACEMENT_3D('',#4215,#4216,#4217);
#4219=PLANE('',#4218);
#4220=ORIENTED_EDGE('',*,*,#4063,.F.);
#4221=ORIENTED_EDGE('',*,*,#4209,.T.);
#4222=ORIENTED_EDGE('',*,*,#4153,.T.);
#4224=ORIENTED_EDGE('',*,*,#4223,.F.);
#4225=EDGE_LOOP('',(#4220,#4221,#4222,#4224));
#4226=FACE_OUTER_BOUND('',#4225,.F.);
#4228=CARTESIAN_POINT('',(2.49E0,1.543571470003E-1,-4.099250952224E0));
#4229=DIRECTION('',(1.E0,0.E0,0.E0));
#4230=DIRECTION('',(0.E0,0.E0,-1.E0));
#4231=AXIS2_PLACEMENT_3D('',#4228,#4229,#4230);
#4232=CYLINDRICAL_SURFACE('',#4231,1.5E-1);
#4233=ORIENTED_EDGE('',*,*,#4065,.F.);
#4234=ORIENTED_EDGE('',*,*,#4223,.T.);
#4235=ORIENTED_EDGE('',*,*,#4151,.T.);
#4237=ORIENTED_EDGE('',*,*,#4236,.F.);
#4239=ORIENTED_EDGE('',*,*,#4238,.F.);
#4240=EDGE_LOOP('',(#4233,#4234,#4235,#4237,#4239));
#4241=FACE_OUTER_BOUND('',#4240,.F.);
#4243=CARTESIAN_POINT('',(2.49E0,1.543571476740E-1,-4.249250952224E0));
#4244=DIRECTION('',(0.E0,0.E0,-1.E0));
#4245=DIRECTION('',(0.E0,1.E0,0.E0));
#4246=AXIS2_PLACEMENT_3D('',#4243,#4244,#4245);
#4247=PLANE('',#4246);
#4249=ORIENTED_EDGE('',*,*,#4248,.F.);
#4250=ORIENTED_EDGE('',*,*,#4236,.T.);
#4251=ORIENTED_EDGE('',*,*,#4149,.T.);
#4253=ORIENTED_EDGE('',*,*,#4252,.F.);
#4254=EDGE_LOOP('',(#4249,#4250,#4251,#4253));
#4255=FACE_OUTER_BOUND('',#4254,.F.);
#4257=CARTESIAN_POINT('',(2.49E0,1.4E0,0.E0));
#4258=DIRECTION('',(1.E0,0.E0,0.E0));
#4259=DIRECTION('',(0.E0,0.E0,-1.E0));
#4260=AXIS2_PLACEMENT_3D('',#4257,#4258,#4259);
#4261=PLANE('',#4260);
#4262=ORIENTED_EDGE('',*,*,#2934,.F.);
#4263=ORIENTED_EDGE('',*,*,#4238,.T.);
#4264=ORIENTED_EDGE('',*,*,#4248,.T.);
#4266=ORIENTED_EDGE('',*,*,#4265,.T.);
#4268=ORIENTED_EDGE('',*,*,#4267,.T.);
#4270=ORIENTED_EDGE('',*,*,#4269,.T.);
#4272=ORIENTED_EDGE('',*,*,#4271,.T.);
#4274=ORIENTED_EDGE('',*,*,#4273,.T.);
#4275=EDGE_LOOP('',(#4262,#4263,#4264,#4266,#4268,#4270,#4272,#4274));
#4276=FACE_OUTER_BOUND('',#4275,.F.);
#4278=CARTESIAN_POINT('',(2.49E0,3.898145081685E-1,-4.399250952224E0));
#4279=DIRECTION('',(1.E0,0.E0,0.E0));
#4280=DIRECTION('',(0.E0,0.E0,-1.E0));
#4281=AXIS2_PLACEMENT_3D('',#4278,#4279,#4280);
#4282=CYLINDRICAL_SURFACE('',#4281,1.5E-1);
#4283=ORIENTED_EDGE('',*,*,#4265,.F.);
#4284=ORIENTED_EDGE('',*,*,#4252,.T.);
#4285=ORIENTED_EDGE('',*,*,#4147,.T.);
#4287=ORIENTED_EDGE('',*,*,#4286,.F.);
#4288=EDGE_LOOP('',(#4283,#4284,#4285,#4287));
#4289=FACE_OUTER_BOUND('',#4288,.F.);
#4291=CARTESIAN_POINT('',(2.49E0,4.955721831286E-1,-4.292877485939E0));
#4292=DIRECTION('',(0.E0,-7.050511619100E-1,-7.091564419007E-1));
#4293=DIRECTION('',(0.E0,7.091564419007E-1,-7.050511619100E-1));
#4294=AXIS2_PLACEMENT_3D('',#4291,#4292,#4293);
#4295=PLANE('',#4294);
#4296=ORIENTED_EDGE('',*,*,#4267,.F.);
#4297=ORIENTED_EDGE('',*,*,#4286,.T.);
#4298=ORIENTED_EDGE('',*,*,#4145,.T.);
#4300=ORIENTED_EDGE('',*,*,#4299,.F.);
#4301=EDGE_LOOP('',(#4296,#4297,#4298,#4300));
#4302=FACE_OUTER_BOUND('',#4301,.F.);
#4304=CARTESIAN_POINT('',(2.49E0,6.135687434872E-1,-4.198672055275E0));
#4305=DIRECTION('',(1.E0,0.E0,0.E0));
#4306=DIRECTION('',(0.E0,0.E0,-1.E0));
#4307=AXIS2_PLACEMENT_3D('',#4304,#4305,#4306);
#4308=CYLINDRICAL_SURFACE('',#4307,1.5E-1);
#4309=ORIENTED_EDGE('',*,*,#4269,.F.);
#4310=ORIENTED_EDGE('',*,*,#4299,.T.);
#4311=ORIENTED_EDGE('',*,*,#4143,.T.);
#4313=ORIENTED_EDGE('',*,*,#4312,.F.);
#4314=EDGE_LOOP('',(#4309,#4310,#4311,#4313));
#4315=FACE_OUTER_BOUND('',#4314,.F.);
#4317=CARTESIAN_POINT('',(2.49E0,6.135687434872E-1,-4.348672055275E0));
#4318=DIRECTION('',(0.E0,0.E0,-1.E0));
#4319=DIRECTION('',(0.E0,1.E0,0.E0));
#4320=AXIS2_PLACEMENT_3D('',#4317,#4318,#4319);
#4321=PLANE('',#4320);
#4322=ORIENTED_EDGE('',*,*,#4271,.F.);
#4323=ORIENTED_EDGE('',*,*,#4312,.T.);
#4324=ORIENTED_EDGE('',*,*,#4141,.T.);
#4326=ORIENTED_EDGE('',*,*,#4325,.F.);
#4327=EDGE_LOOP('',(#4322,#4323,#4324,#4326));
#4328=FACE_OUTER_BOUND('',#4327,.F.);
#4330=CARTESIAN_POINT('',(2.49E0,1.150000000674E0,-4.198672055275E0));
#4331=DIRECTION('',(1.E0,0.E0,0.E0));
#4332=DIRECTION('',(0.E0,0.E0,-1.E0));
#4333=AXIS2_PLACEMENT_3D('',#4330,#4331,#4332);
#4334=CYLINDRICAL_SURFACE('',#4333,1.5E-1);
#4335=ORIENTED_EDGE('',*,*,#4049,.F.);
#4336=ORIENTED_EDGE('',*,*,#4273,.F.);
#4337=ORIENTED_EDGE('',*,*,#4325,.T.);
#4338=ORIENTED_EDGE('',*,*,#4139,.T.);
#4340=ORIENTED_EDGE('',*,*,#4339,.F.);
#4341=EDGE_LOOP('',(#4335,#4336,#4337,#4338,#4340));
#4342=FACE_OUTER_BOUND('',#4341,.F.);
#4344=CARTESIAN_POINT('',(2.49E0,1.3E0,-4.198672055275E0));
#4345=DIRECTION('',(0.E0,1.E0,0.E0));
#4346=DIRECTION('',(0.E0,0.E0,1.E0));
#4347=AXIS2_PLACEMENT_3D('',#4344,#4345,#4346);
#4348=PLANE('',#4347);
#4349=ORIENTED_EDGE('',*,*,#4051,.F.);
#4350=ORIENTED_EDGE('',*,*,#4339,.T.);
#4351=ORIENTED_EDGE('',*,*,#4137,.T.);
#4352=ORIENTED_EDGE('',*,*,#4101,.F.);
#4353=EDGE_LOOP('',(#4349,#4350,#4351,#4352));
#4354=FACE_OUTER_BOUND('',#4353,.F.);
#4356=CARTESIAN_POINT('',(3.E0,-1.E-1,-3.8E0));
#4357=DIRECTION('',(0.E0,-1.E0,0.E0));
#4358=DIRECTION('',(0.E0,0.E0,-1.E0));
#4359=AXIS2_PLACEMENT_3D('',#4356,#4357,#4358);
#4360=PLANE('',#4359);
#4361=ORIENTED_EDGE('',*,*,#2930,.F.);
#4362=ORIENTED_EDGE('',*,*,#3979,.T.);
#4363=ORIENTED_EDGE('',*,*,#4171,.T.);
#4364=ORIENTED_EDGE('',*,*,#4068,.T.);
#4365=EDGE_LOOP('',(#4361,#4362,#4363,#4364));
#4366=FACE_OUTER_BOUND('',#4365,.F.);
#4368=CARTESIAN_POINT('',(2.49E0,1.4E0,-6.E-1));
#4369=DIRECTION('',(0.E0,0.E0,1.E0));
#4370=DIRECTION('',(1.E0,0.E0,0.E0));
#4371=AXIS2_PLACEMENT_3D('',#4368,#4369,#4370);
#4372=PLANE('',#4371);
#4374=ORIENTED_EDGE('',*,*,#4373,.T.);
#4375=ORIENTED_EDGE('',*,*,#4080,.F.);
#4377=ORIENTED_EDGE('',*,*,#4376,.F.);
#4379=ORIENTED_EDGE('',*,*,#4378,.F.);
#4380=EDGE_LOOP('',(#4374,#4375,#4377,#4379));
#4381=FACE_OUTER_BOUND('',#4380,.F.);
#4383=CARTESIAN_POINT('',(2.6E0,-9.5E-1,-6.5E-1));
#4384=DIRECTION('',(0.E0,-7.071067811865E-1,7.071067811865E-1));
#4385=DIRECTION('',(0.E0,7.071067811865E-1,7.071067811865E-1));
#4386=AXIS2_PLACEMENT_3D('',#4383,#4384,#4385);
#4387=PLANE('',#4386);
#4388=ORIENTED_EDGE('',*,*,#4373,.F.);
#4390=ORIENTED_EDGE('',*,*,#4389,.T.);
#4391=ORIENTED_EDGE('',*,*,#4018,.T.);
#4392=ORIENTED_EDGE('',*,*,#4082,.T.);
#4393=EDGE_LOOP('',(#4388,#4390,#4391,#4392));
#4394=FACE_OUTER_BOUND('',#4393,.F.);
#4396=CARTESIAN_POINT('',(2.71E0,-1.E0,-4.E-1));
#4397=DIRECTION('',(1.E0,0.E0,0.E0));
#4398=DIRECTION('',(0.E0,1.E0,0.E0));
#4399=AXIS2_PLACEMENT_3D('',#4396,#4397,#4398);
#4400=PLANE('',#4399);
#4401=ORIENTED_EDGE('',*,*,#3998,.F.);
#4402=ORIENTED_EDGE('',*,*,#4020,.F.);
#4403=ORIENTED_EDGE('',*,*,#4389,.F.);
#4404=ORIENTED_EDGE('',*,*,#4378,.T.);
#4406=ORIENTED_EDGE('',*,*,#4405,.F.);
#4408=ORIENTED_EDGE('',*,*,#4407,.T.);
#4409=EDGE_LOOP('',(#4401,#4402,#4403,#4404,#4406,#4408));
#4410=FACE_OUTER_BOUND('',#4409,.F.);
#4412=CARTESIAN_POINT('',(3.E0,-3.E-1,-4.E-1));
#4413=DIRECTION('',(0.E0,1.E0,0.E0));
#4414=DIRECTION('',(0.E0,0.E0,1.E0));
#4415=AXIS2_PLACEMENT_3D('',#4412,#4413,#4414);
#4416=PLANE('',#4415);
#4418=ORIENTED_EDGE('',*,*,#4417,.T.);
#4420=ORIENTED_EDGE('',*,*,#4419,.F.);
#4421=ORIENTED_EDGE('',*,*,#4405,.T.);
#4422=ORIENTED_EDGE('',*,*,#4376,.T.);
#4423=ORIENTED_EDGE('',*,*,#4088,.F.);
#4424=ORIENTED_EDGE('',*,*,#3381,.F.);
#4425=ORIENTED_EDGE('',*,*,#3967,.T.);
#4426=EDGE_LOOP('',(#4418,#4420,#4421,#4422,#4423,#4424,#4425));
#4427=FACE_OUTER_BOUND('',#4426,.F.);
#4429=CARTESIAN_POINT('',(3.E0,-1.E0,-4.E-1));
#4430=DIRECTION('',(0.E0,0.E0,-1.E0));
#4431=DIRECTION('',(0.E0,1.E0,0.E0));
#4432=AXIS2_PLACEMENT_3D('',#4429,#4430,#4431);
#4433=PLANE('',#4432);
#4434=ORIENTED_EDGE('',*,*,#4002,.F.);
#4436=ORIENTED_EDGE('',*,*,#4435,.F.);
#4437=ORIENTED_EDGE('',*,*,#4417,.F.);
#4438=ORIENTED_EDGE('',*,*,#3965,.F.);
#4439=EDGE_LOOP('',(#4434,#4436,#4437,#4438));
#4440=FACE_OUTER_BOUND('',#4439,.F.);
#4442=CARTESIAN_POINT('',(2.76E0,-6.5E-1,-4.5E-1));
#4443=DIRECTION('',(-7.071067811865E-1,0.E0,7.071067811865E-1));
#4444=DIRECTION('',(-7.071067811865E-1,0.E0,-7.071067811865E-1));
#4445=AXIS2_PLACEMENT_3D('',#4442,#4443,#4444);
#4446=PLANE('',#4445);
#4447=ORIENTED_EDGE('',*,*,#4435,.T.);
#4448=ORIENTED_EDGE('',*,*,#4000,.F.);
#4449=ORIENTED_EDGE('',*,*,#4407,.F.);
#4450=ORIENTED_EDGE('',*,*,#4419,.T.);
#4451=EDGE_LOOP('',(#4447,#4448,#4449,#4450));
#4452=FACE_OUTER_BOUND('',#4451,.F.);
#4454=CARTESIAN_POINT('',(-2.55E0,5.5E-1,0.E0));
#4455=DIRECTION('',(-1.E0,0.E0,0.E0));
#4456=DIRECTION('',(0.E0,-1.E0,0.E0));
#4457=AXIS2_PLACEMENT_3D('',#4454,#4455,#4456);
#4458=PLANE('',#4457);
#4459=ORIENTED_EDGE('',*,*,#3389,.F.);
#4460=ORIENTED_EDGE('',*,*,#3277,.T.);
#4461=ORIENTED_EDGE('',*,*,#3292,.T.);
#4462=ORIENTED_EDGE('',*,*,#3323,.F.);
#4463=EDGE_LOOP('',(#4459,#4460,#4461,#4462));
#4464=FACE_OUTER_BOUND('',#4463,.F.);
#4466=CARTESIAN_POINT('',(2.275E0,-6.25E-1,-7.5E-2));
#4467=DIRECTION('',(-7.071067811865E-1,0.E0,7.071067811865E-1));
#4468=DIRECTION('',(-7.071067811865E-1,0.E0,-7.071067811865E-1));
#4469=AXIS2_PLACEMENT_3D('',#4466,#4467,#4468);
#4470=PLANE('',#4469);
#4472=ORIENTED_EDGE('',*,*,#4471,.T.);
#4473=ORIENTED_EDGE('',*,*,#3394,.T.);
#4474=ORIENTED_EDGE('',*,*,#3354,.F.);
#4476=ORIENTED_EDGE('',*,*,#4475,.F.);
#4477=EDGE_LOOP('',(#4472,#4473,#4474,#4476));
#4478=FACE_OUTER_BOUND('',#4477,.F.);
#4480=CARTESIAN_POINT('',(2.2E0,-1.E-1,0.E0));
#4481=DIRECTION('',(0.E0,-1.E0,0.E0));
#4482=DIRECTION('',(1.E0,0.E0,0.E0));
#4483=AXIS2_PLACEMENT_3D('',#4480,#4481,#4482);
#4484=PLANE('',#4483);
#4485=ORIENTED_EDGE('',*,*,#4471,.F.);
#4487=ORIENTED_EDGE('',*,*,#4486,.T.);
#4488=ORIENTED_EDGE('',*,*,#3309,.T.);
#4490=ORIENTED_EDGE('',*,*,#4489,.F.);
#4491=ORIENTED_EDGE('',*,*,#3396,.F.);
#4492=EDGE_LOOP('',(#4485,#4487,#4488,#4490,#4491));
#4493=FACE_OUTER_BOUND('',#4492,.F.);
#4495=CARTESIAN_POINT('',(2.2E0,-1.15E0,0.E0));
#4496=DIRECTION('',(1.E0,0.E0,0.E0));
#4497=DIRECTION('',(0.E0,1.E0,0.E0));
#4498=AXIS2_PLACEMENT_3D('',#4495,#4496,#4497);
#4499=PLANE('',#4498);
#4501=ORIENTED_EDGE('',*,*,#4500,.T.);
#4503=ORIENTED_EDGE('',*,*,#4502,.T.);
#4504=ORIENTED_EDGE('',*,*,#3303,.F.);
#4505=ORIENTED_EDGE('',*,*,#4486,.F.);
#4506=ORIENTED_EDGE('',*,*,#4475,.T.);
#4508=ORIENTED_EDGE('',*,*,#4507,.T.);
#4509=ORIENTED_EDGE('',*,*,#3187,.T.);
#4511=ORIENTED_EDGE('',*,*,#4510,.F.);
#4512=EDGE_LOOP('',(#4501,#4503,#4504,#4505,#4506,#4508,#4509,#4511));
#4513=FACE_OUTER_BOUND('',#4512,.F.);
#4515=CARTESIAN_POINT('',(2.275E0,8.E-1,-7.5E-2));
#4516=DIRECTION('',(-7.071067811865E-1,0.E0,7.071067811865E-1));
#4517=DIRECTION('',(-7.071067811865E-1,0.E0,-7.071067811865E-1));
#4518=AXIS2_PLACEMENT_3D('',#4515,#4516,#4517);
#4519=PLANE('',#4518);
#4521=ORIENTED_EDGE('',*,*,#4520,.T.);
#4522=ORIENTED_EDGE('',*,*,#4500,.F.);
#4524=ORIENTED_EDGE('',*,*,#4523,.T.);
#4525=ORIENTED_EDGE('',*,*,#3402,.T.);
#4526=EDGE_LOOP('',(#4521,#4522,#4524,#4525));
#4527=FACE_OUTER_BOUND('',#4526,.F.);
#4529=CARTESIAN_POINT('',(2.55E0,5.5E-1,0.E0));
#4530=DIRECTION('',(0.E0,1.E0,0.E0));
#4531=DIRECTION('',(-1.E0,0.E0,0.E0));
#4532=AXIS2_PLACEMENT_3D('',#4529,#4530,#4531);
#4533=PLANE('',#4532);
#4534=ORIENTED_EDGE('',*,*,#4520,.F.);
#4535=ORIENTED_EDGE('',*,*,#3400,.F.);
#4537=ORIENTED_EDGE('',*,*,#4536,.T.);
#4538=ORIENTED_EDGE('',*,*,#3305,.T.);
#4539=ORIENTED_EDGE('',*,*,#4502,.F.);
#4540=EDGE_LOOP('',(#4534,#4535,#4537,#4538,#4539));
#4541=FACE_OUTER_BOUND('',#4540,.F.);
#4543=CARTESIAN_POINT('',(2.55E0,-1.E-1,0.E0));
#4544=DIRECTION('',(1.E0,0.E0,0.E0));
#4545=DIRECTION('',(0.E0,1.E0,0.E0));
#4546=AXIS2_PLACEMENT_3D('',#4543,#4544,#4545);
#4547=PLANE('',#4546);
#4548=ORIENTED_EDGE('',*,*,#3398,.F.);
#4549=ORIENTED_EDGE('',*,*,#4489,.T.);
#4550=ORIENTED_EDGE('',*,*,#3307,.T.);
#4551=ORIENTED_EDGE('',*,*,#4536,.F.);
#4552=EDGE_LOOP('',(#4548,#4549,#4550,#4551));
#4553=FACE_OUTER_BOUND('',#4552,.F.);
#4555=CARTESIAN_POINT('',(0.E0,1.125E0,-7.5E-2));
#4556=DIRECTION('',(0.E0,-7.071067811865E-1,7.071067811865E-1));
#4557=DIRECTION('',(0.E0,-7.071067811865E-1,-7.071067811865E-1));
#4558=AXIS2_PLACEMENT_3D('',#4555,#4556,#4557);
#4559=PLANE('',#4558);
#4561=ORIENTED_EDGE('',*,*,#4560,.F.);
#4562=ORIENTED_EDGE('',*,*,#3262,.T.);
#4563=ORIENTED_EDGE('',*,*,#3404,.T.);
#4564=ORIENTED_EDGE('',*,*,#4523,.F.);
#4565=EDGE_LOOP('',(#4561,#4562,#4563,#4564));
#4566=FACE_OUTER_BOUND('',#4565,.F.);
#4568=CARTESIAN_POINT('',(2.2E0,1.05E0,0.E0));
#4569=DIRECTION('',(0.E0,1.E0,0.E0));
#4570=DIRECTION('',(-1.E0,0.E0,0.E0));
#4571=AXIS2_PLACEMENT_3D('',#4568,#4569,#4570);
#4572=PLANE('',#4571);
#4573=ORIENTED_EDGE('',*,*,#4560,.T.);
#4574=ORIENTED_EDGE('',*,*,#4510,.T.);
#4575=ORIENTED_EDGE('',*,*,#3185,.T.);
#4576=ORIENTED_EDGE('',*,*,#3237,.F.);
#4577=EDGE_LOOP('',(#4573,#4574,#4575,#4576));
#4578=FACE_OUTER_BOUND('',#4577,.F.);
#4580=CARTESIAN_POINT('',(-2.2E0,-1.15E0,0.E0));
#4581=DIRECTION('',(0.E0,-1.E0,0.E0));
#4582=DIRECTION('',(1.E0,0.E0,0.E0));
#4583=AXIS2_PLACEMENT_3D('',#4580,#4581,#4582);
#4584=PLANE('',#4583);
#4585=ORIENTED_EDGE('',*,*,#3352,.T.);
#4586=ORIENTED_EDGE('',*,*,#3240,.T.);
#4587=ORIENTED_EDGE('',*,*,#3189,.T.);
#4588=ORIENTED_EDGE('',*,*,#4507,.F.);
#4589=EDGE_LOOP('',(#4585,#4586,#4587,#4588));
#4590=FACE_OUTER_BOUND('',#4589,.F.);
#4592=CARTESIAN_POINT('',(-1.4E0,1.4E0,0.E0));
#4593=DIRECTION('',(-1.E0,0.E0,0.E0));
#4594=DIRECTION('',(0.E0,0.E0,1.E0));
#4595=AXIS2_PLACEMENT_3D('',#4592,#4593,#4594);
#4596=PLANE('',#4595);
#4597=ORIENTED_EDGE('',*,*,#3039,.F.);
#4598=ORIENTED_EDGE('',*,*,#2896,.T.);
#4600=ORIENTED_EDGE('',*,*,#4599,.T.);
#4602=ORIENTED_EDGE('',*,*,#4601,.T.);
#4604=ORIENTED_EDGE('',*,*,#4603,.T.);
#4606=ORIENTED_EDGE('',*,*,#4605,.T.);
#4608=ORIENTED_EDGE('',*,*,#4607,.T.);
#4610=ORIENTED_EDGE('',*,*,#4609,.T.);
#4612=ORIENTED_EDGE('',*,*,#4611,.T.);
#4614=ORIENTED_EDGE('',*,*,#4613,.T.);
#4616=ORIENTED_EDGE('',*,*,#4615,.T.);
#4618=ORIENTED_EDGE('',*,*,#4617,.T.);
#4620=ORIENTED_EDGE('',*,*,#4619,.T.);
#4621=EDGE_LOOP('',(#4597,#4598,#4600,#4602,#4604,#4606,#4608,#4610,#4612,#4614,
#4616,#4618,#4620));
#4622=FACE_OUTER_BOUND('',#4621,.F.);
#4624=CARTESIAN_POINT('',(-1.4E0,1.4E0,0.E0));
#4625=DIRECTION('',(-1.E0,0.E0,0.E0));
#4626=DIRECTION('',(0.E0,0.E0,1.E0));
#4627=AXIS2_PLACEMENT_3D('',#4624,#4625,#4626);
#4628=PLANE('',#4627);
#4629=ORIENTED_EDGE('',*,*,#3193,.F.);
#4631=ORIENTED_EDGE('',*,*,#4630,.T.);
#4633=ORIENTED_EDGE('',*,*,#4632,.T.);
#4635=ORIENTED_EDGE('',*,*,#4634,.T.);
#4637=ORIENTED_EDGE('',*,*,#4636,.T.);
#4638=EDGE_LOOP('',(#4629,#4631,#4633,#4635,#4637));
#4639=FACE_OUTER_BOUND('',#4638,.F.);
#4641=CARTESIAN_POINT('',(0.E0,-5.E-1,0.E0));
#4642=DIRECTION('',(0.E0,1.E0,0.E0));
#4643=DIRECTION('',(1.E0,0.E0,0.E0));
#4644=AXIS2_PLACEMENT_3D('',#4641,#4642,#4643);
#4645=PLANE('',#4644);
#4646=ORIENTED_EDGE('',*,*,#3096,.F.);
#4647=ORIENTED_EDGE('',*,*,#2941,.T.);
#4649=ORIENTED_EDGE('',*,*,#4648,.T.);
#4651=ORIENTED_EDGE('',*,*,#4650,.T.);
#4653=ORIENTED_EDGE('',*,*,#4652,.T.);
#4654=ORIENTED_EDGE('',*,*,#2867,.T.);
#4655=ORIENTED_EDGE('',*,*,#2989,.T.);
#4657=ORIENTED_EDGE('',*,*,#4656,.F.);
#4658=ORIENTED_EDGE('',*,*,#4599,.F.);
#4659=ORIENTED_EDGE('',*,*,#2894,.T.);
#4661=ORIENTED_EDGE('',*,*,#4660,.T.);
#4663=ORIENTED_EDGE('',*,*,#4662,.F.);
#4665=ORIENTED_EDGE('',*,*,#4664,.F.);
#4666=ORIENTED_EDGE('',*,*,#2910,.T.);
#4668=ORIENTED_EDGE('',*,*,#4667,.T.);
#4670=ORIENTED_EDGE('',*,*,#4669,.F.);
#4672=ORIENTED_EDGE('',*,*,#4671,.F.);
#4673=ORIENTED_EDGE('',*,*,#2953,.T.);
#4675=ORIENTED_EDGE('',*,*,#4674,.T.);
#4677=ORIENTED_EDGE('',*,*,#4676,.F.);
#4678=EDGE_LOOP('',(#4646,#4647,#4649,#4651,#4653,#4654,#4655,#4657,#4658,#4659,
#4661,#4663,#4665,#4666,#4668,#4670,#4672,#4673,#4675,#4677));
#4679=FACE_OUTER_BOUND('',#4678,.F.);
#4681=CARTESIAN_POINT('',(2.25E0,1.4E0,-4.2E0));
#4682=DIRECTION('',(1.E0,0.E0,0.E0));
#4683=DIRECTION('',(0.E0,0.E0,-1.E0));
#4684=AXIS2_PLACEMENT_3D('',#4681,#4682,#4683);
#4685=PLANE('',#4684);
#4686=ORIENTED_EDGE('',*,*,#2939,.F.);
#4687=ORIENTED_EDGE('',*,*,#2829,.T.);
#4689=ORIENTED_EDGE('',*,*,#4688,.T.);
#4690=ORIENTED_EDGE('',*,*,#4648,.F.);
#4691=EDGE_LOOP('',(#4686,#4687,#4689,#4690));
#4692=FACE_OUTER_BOUND('',#4691,.F.);
#4694=CARTESIAN_POINT('',(2.25E0,1.4E0,-4.3E0));
#4695=DIRECTION('',(0.E0,0.E0,-1.E0));
#4696=DIRECTION('',(-1.E0,0.E0,0.E0));
#4697=AXIS2_PLACEMENT_3D('',#4694,#4695,#4696);
#4698=PLANE('',#4697);
#4699=ORIENTED_EDGE('',*,*,#2827,.T.);
#4701=ORIENTED_EDGE('',*,*,#4700,.T.);
#4702=ORIENTED_EDGE('',*,*,#4650,.F.);
#4703=ORIENTED_EDGE('',*,*,#4688,.F.);
#4704=EDGE_LOOP('',(#4699,#4701,#4702,#4703));
#4705=FACE_OUTER_BOUND('',#4704,.F.);
#4707=CARTESIAN_POINT('',(-2.25E0,1.4E0,-4.3E0));
#4708=DIRECTION('',(-1.E0,0.E0,0.E0));
#4709=DIRECTION('',(0.E0,0.E0,1.E0));
#4710=AXIS2_PLACEMENT_3D('',#4707,#4708,#4709);
#4711=PLANE('',#4710);
#4712=ORIENTED_EDGE('',*,*,#2869,.T.);
#4713=ORIENTED_EDGE('',*,*,#4652,.F.);
#4714=ORIENTED_EDGE('',*,*,#4700,.F.);
#4715=ORIENTED_EDGE('',*,*,#2825,.T.);
#4716=EDGE_LOOP('',(#4712,#4713,#4714,#4715));
#4717=FACE_OUTER_BOUND('',#4716,.F.);
#4719=CARTESIAN_POINT('',(-1.4E0,-5.E-1,-4.245609462E0));
#4720=DIRECTION('',(0.E0,0.E0,-1.E0));
#4721=DIRECTION('',(0.E0,-1.E0,0.E0));
#4722=AXIS2_PLACEMENT_3D('',#4719,#4720,#4721);
#4723=PLANE('',#4722);
#4724=ORIENTED_EDGE('',*,*,#4656,.T.);
#4725=ORIENTED_EDGE('',*,*,#2987,.T.);
#4727=ORIENTED_EDGE('',*,*,#4726,.F.);
#4728=ORIENTED_EDGE('',*,*,#4601,.F.);
#4729=EDGE_LOOP('',(#4724,#4725,#4727,#4728));
#4730=FACE_OUTER_BOUND('',#4729,.F.);
#4732=CARTESIAN_POINT('',(-1.4E0,-1.285164158188E0,-4.395609462E0));
#4733=DIRECTION('',(-1.E0,0.E0,0.E0));
#4734=DIRECTION('',(0.E0,0.E0,1.E0));
#4735=AXIS2_PLACEMENT_3D('',#4732,#4733,#4734);
#4736=CYLINDRICAL_SURFACE('',#4735,1.5E-1);
#4737=ORIENTED_EDGE('',*,*,#4603,.F.);
#4738=ORIENTED_EDGE('',*,*,#4726,.T.);
#4739=ORIENTED_EDGE('',*,*,#2985,.T.);
#4741=ORIENTED_EDGE('',*,*,#4740,.F.);
#4742=EDGE_LOOP('',(#4737,#4738,#4739,#4741));
#4743=FACE_OUTER_BOUND('',#4742,.F.);
#4745=CARTESIAN_POINT('',(-1.4E0,-1.393723800578E0,-4.292097124358E0));
#4746=DIRECTION('',(0.E0,7.237309492654E-1,-6.900822509494E-1));
#4747=DIRECTION('',(0.E0,-6.900822509494E-1,-7.237309492654E-1));
#4748=AXIS2_PLACEMENT_3D('',#4745,#4746,#4747);
#4749=PLANE('',#4748);
#4750=ORIENTED_EDGE('',*,*,#4605,.F.);
#4751=ORIENTED_EDGE('',*,*,#4740,.T.);
#4752=ORIENTED_EDGE('',*,*,#2983,.T.);
#4754=ORIENTED_EDGE('',*,*,#4753,.F.);
#4755=EDGE_LOOP('',(#4750,#4751,#4752,#4754));
#4756=FACE_OUTER_BOUND('',#4755,.F.);
#4758=CARTESIAN_POINT('',(-1.4E0,-1.512741049974E0,-4.199552311E0));
#4759=DIRECTION('',(-1.E0,0.E0,0.E0));
#4760=DIRECTION('',(0.E0,0.E0,1.E0));
#4761=AXIS2_PLACEMENT_3D('',#4758,#4759,#4760);
#4762=CYLINDRICAL_SURFACE('',#4761,1.5E-1);
#4763=ORIENTED_EDGE('',*,*,#4607,.F.);
#4764=ORIENTED_EDGE('',*,*,#4753,.T.);
#4765=ORIENTED_EDGE('',*,*,#2981,.T.);
#4767=ORIENTED_EDGE('',*,*,#4766,.F.);
#4768=EDGE_LOOP('',(#4763,#4764,#4765,#4767));
#4769=FACE_OUTER_BOUND('',#4768,.F.);
#4771=CARTESIAN_POINT('',(-1.4E0,-1.512741049974E0,-4.349552311E0));
#4772=DIRECTION('',(0.E0,0.E0,-1.E0));
#4773=DIRECTION('',(0.E0,-1.E0,0.E0));
#4774=AXIS2_PLACEMENT_3D('',#4771,#4772,#4773);
#4775=PLANE('',#4774);
#4776=ORIENTED_EDGE('',*,*,#4609,.F.);
#4777=ORIENTED_EDGE('',*,*,#4766,.T.);
#4778=ORIENTED_EDGE('',*,*,#2979,.T.);
#4780=ORIENTED_EDGE('',*,*,#4779,.F.);
#4781=EDGE_LOOP('',(#4776,#4777,#4778,#4780));
#4782=FACE_OUTER_BOUND('',#4781,.F.);
#4784=CARTESIAN_POINT('',(-1.4E0,-2.094986288868E0,-4.249504622437E0));
#4785=DIRECTION('',(-1.E0,0.E0,0.E0));
#4786=DIRECTION('',(0.E0,0.E0,1.E0));
#4787=AXIS2_PLACEMENT_3D('',#4784,#4785,#4786);
#4788=CYLINDRICAL_SURFACE('',#4787,1.000476885635E-1);
#4789=ORIENTED_EDGE('',*,*,#4611,.F.);
#4790=ORIENTED_EDGE('',*,*,#4779,.T.);
#4791=ORIENTED_EDGE('',*,*,#2977,.T.);
#4793=ORIENTED_EDGE('',*,*,#4792,.F.);
#4794=EDGE_LOOP('',(#4789,#4790,#4791,#4793));
#4795=FACE_OUTER_BOUND('',#4794,.F.);
#4797=CARTESIAN_POINT('',(-1.4E0,-2.094986288868E0,-4.149456933873E0));
#4798=DIRECTION('',(0.E0,0.E0,1.E0));
#4799=DIRECTION('',(0.E0,1.E0,0.E0));
#4800=AXIS2_PLACEMENT_3D('',#4797,#4798,#4799);
#4801=PLANE('',#4800);
#4802=ORIENTED_EDGE('',*,*,#4613,.F.);
#4803=ORIENTED_EDGE('',*,*,#4792,.T.);
#4804=ORIENTED_EDGE('',*,*,#2975,.T.);
#4806=ORIENTED_EDGE('',*,*,#4805,.F.);
#4807=EDGE_LOOP('',(#4802,#4803,#4804,#4806));
#4808=FACE_OUTER_BOUND('',#4807,.F.);
#4810=CARTESIAN_POINT('',(-1.4E0,-1.862158836621E0,-3.999456933873E0));
#4811=DIRECTION('',(-1.E0,0.E0,0.E0));
#4812=DIRECTION('',(0.E0,0.E0,1.E0));
#4813=AXIS2_PLACEMENT_3D('',#4810,#4811,#4812);
#4814=CYLINDRICAL_SURFACE('',#4813,1.5E-1);
#4815=ORIENTED_EDGE('',*,*,#4615,.F.);
#4816=ORIENTED_EDGE('',*,*,#4805,.T.);
#4817=ORIENTED_EDGE('',*,*,#2973,.T.);
#4819=ORIENTED_EDGE('',*,*,#4818,.F.);
#4820=EDGE_LOOP('',(#4815,#4816,#4817,#4819));
#4821=FACE_OUTER_BOUND('',#4820,.F.);
#4823=CARTESIAN_POINT('',(-1.4E0,-1.756026843330E0,-4.105456933873E0));
#4824=DIRECTION('',(0.E0,-7.071085871966E-1,7.071049751719E-1));
#4825=DIRECTION('',(0.E0,7.071049751719E-1,7.071085871966E-1));
#4826=AXIS2_PLACEMENT_3D('',#4823,#4824,#4825);
#4827=PLANE('',#4826);
#4828=ORIENTED_EDGE('',*,*,#4617,.F.);
#4829=ORIENTED_EDGE('',*,*,#4818,.T.);
#4830=ORIENTED_EDGE('',*,*,#2971,.T.);
#4832=ORIENTED_EDGE('',*,*,#4831,.F.);
#4833=EDGE_LOOP('',(#4828,#4829,#4830,#4832));
#4834=FACE_OUTER_BOUND('',#4833,.F.);
#4836=CARTESIAN_POINT('',(-1.4E0,-1.384048647150E0,-3.945609580863E0));
#4837=DIRECTION('',(-1.E0,0.E0,0.E0));
#4838=DIRECTION('',(0.E0,0.E0,1.E0));
#4839=AXIS2_PLACEMENT_3D('',#4836,#4837,#4838);
#4840=CYLINDRICAL_SURFACE('',#4839,1.500001181870E-1);
#4841=ORIENTED_EDGE('',*,*,#3041,.F.);
#4842=ORIENTED_EDGE('',*,*,#4619,.F.);
#4843=ORIENTED_EDGE('',*,*,#4831,.T.);
#4844=ORIENTED_EDGE('',*,*,#2969,.T.);
#4845=EDGE_LOOP('',(#4841,#4842,#4843,#4844));
#4846=FACE_OUTER_BOUND('',#4845,.F.);
#4848=CARTESIAN_POINT('',(-6.E-1,1.4E0,0.E0));
#4849=DIRECTION('',(-1.E0,0.E0,0.E0));
#4850=DIRECTION('',(0.E0,0.E0,1.E0));
#4851=AXIS2_PLACEMENT_3D('',#4848,#4849,#4850);
#4852=PLANE('',#4851);
#4854=ORIENTED_EDGE('',*,*,#4853,.F.);
#4856=ORIENTED_EDGE('',*,*,#4855,.F.);
#4858=ORIENTED_EDGE('',*,*,#4857,.F.);
#4860=ORIENTED_EDGE('',*,*,#4859,.F.);
#4861=ORIENTED_EDGE('',*,*,#3206,.T.);
#4862=EDGE_LOOP('',(#4854,#4856,#4858,#4860,#4861));
#4863=FACE_OUTER_BOUND('',#4862,.F.);
#4865=CARTESIAN_POINT('',(-6.E-1,1.4E0,0.E0));
#4866=DIRECTION('',(-1.E0,0.E0,0.E0));
#4867=DIRECTION('',(0.E0,0.E0,1.E0));
#4868=AXIS2_PLACEMENT_3D('',#4865,#4866,#4867);
#4869=PLANE('',#4868);
#4870=ORIENTED_EDGE('',*,*,#3036,.T.);
#4872=ORIENTED_EDGE('',*,*,#4871,.F.);
#4874=ORIENTED_EDGE('',*,*,#4873,.F.);
#4876=ORIENTED_EDGE('',*,*,#4875,.F.);
#4878=ORIENTED_EDGE('',*,*,#4877,.F.);
#4880=ORIENTED_EDGE('',*,*,#4879,.F.);
#4882=ORIENTED_EDGE('',*,*,#4881,.F.);
#4884=ORIENTED_EDGE('',*,*,#4883,.F.);
#4886=ORIENTED_EDGE('',*,*,#4885,.F.);
#4888=ORIENTED_EDGE('',*,*,#4887,.F.);
#4890=ORIENTED_EDGE('',*,*,#4889,.F.);
#4891=ORIENTED_EDGE('',*,*,#4660,.F.);
#4892=ORIENTED_EDGE('',*,*,#2892,.F.);
#4893=EDGE_LOOP('',(#4870,#4872,#4874,#4876,#4878,#4880,#4882,#4884,#4886,#4888,
#4890,#4891,#4892));
#4894=FACE_OUTER_BOUND('',#4893,.F.);
#4896=CARTESIAN_POINT('',(-4.E-1,7.497341223456E-1,-2.960199266002E0));
#4897=DIRECTION('',(-1.E0,0.E0,0.E0));
#4898=DIRECTION('',(0.E0,0.E0,1.E0));
#4899=AXIS2_PLACEMENT_3D('',#4896,#4897,#4898);
#4900=CYLINDRICAL_SURFACE('',#4899,1.497341223456E-1);
#4902=ORIENTED_EDGE('',*,*,#4901,.F.);
#4904=ORIENTED_EDGE('',*,*,#4903,.T.);
#4905=ORIENTED_EDGE('',*,*,#4853,.T.);
#4906=ORIENTED_EDGE('',*,*,#3204,.F.);
#4907=EDGE_LOOP('',(#4902,#4904,#4905,#4906));
#4908=FACE_OUTER_BOUND('',#4907,.F.);
#4910=CARTESIAN_POINT('',(-4.E-1,1.4E0,0.E0));
#4911=DIRECTION('',(-1.E0,0.E0,0.E0));
#4912=DIRECTION('',(0.E0,0.E0,1.E0));
#4913=AXIS2_PLACEMENT_3D('',#4910,#4911,#4912);
#4914=PLANE('',#4913);
#4915=ORIENTED_EDGE('',*,*,#4901,.T.);
#4916=ORIENTED_EDGE('',*,*,#3202,.F.);
#4918=ORIENTED_EDGE('',*,*,#4917,.T.);
#4920=ORIENTED_EDGE('',*,*,#4919,.T.);
#4922=ORIENTED_EDGE('',*,*,#4921,.T.);
#4923=EDGE_LOOP('',(#4915,#4916,#4918,#4920,#4922));
#4924=FACE_OUTER_BOUND('',#4923,.F.);
#4926=CARTESIAN_POINT('',(-4.E-1,1.4E0,0.E0));
#4927=DIRECTION('',(-1.E0,0.E0,0.E0));
#4928=DIRECTION('',(0.E0,0.E0,1.E0));
#4929=AXIS2_PLACEMENT_3D('',#4926,#4927,#4928);
#4930=PLANE('',#4929);
#4931=ORIENTED_EDGE('',*,*,#3032,.F.);
#4932=ORIENTED_EDGE('',*,*,#2912,.T.);
#4933=ORIENTED_EDGE('',*,*,#4664,.T.);
#4935=ORIENTED_EDGE('',*,*,#4934,.T.);
#4937=ORIENTED_EDGE('',*,*,#4936,.T.);
#4939=ORIENTED_EDGE('',*,*,#4938,.T.);
#4941=ORIENTED_EDGE('',*,*,#4940,.T.);
#4943=ORIENTED_EDGE('',*,*,#4942,.T.);
#4945=ORIENTED_EDGE('',*,*,#4944,.T.);
#4947=ORIENTED_EDGE('',*,*,#4946,.T.);
#4949=ORIENTED_EDGE('',*,*,#4948,.T.);
#4951=ORIENTED_EDGE('',*,*,#4950,.T.);
#4953=ORIENTED_EDGE('',*,*,#4952,.T.);
#4954=EDGE_LOOP('',(#4931,#4932,#4933,#4935,#4937,#4939,#4941,#4943,#4945,#4947,
#4949,#4951,#4953));
#4955=FACE_OUTER_BOUND('',#4954,.F.);
#4957=CARTESIAN_POINT('',(-4.E-1,1.294210116644E-1,-3.E0));
#4958=DIRECTION('',(0.E0,-9.985177324254E-1,5.442736473501E-2));
#4959=DIRECTION('',(0.E0,5.442736473501E-2,9.985177324254E-1));
#4960=AXIS2_PLACEMENT_3D('',#4957,#4958,#4959);
#4961=PLANE('',#4960);
#4962=ORIENTED_EDGE('',*,*,#4917,.F.);
#4963=ORIENTED_EDGE('',*,*,#3208,.T.);
#4964=ORIENTED_EDGE('',*,*,#4859,.T.);
#4966=ORIENTED_EDGE('',*,*,#4965,.F.);
#4967=EDGE_LOOP('',(#4962,#4963,#4964,#4966));
#4968=FACE_OUTER_BOUND('',#4967,.F.);
#4970=CARTESIAN_POINT('',(-4.E-1,2.193594763471E-1,-1.35E0));
#4971=DIRECTION('',(0.E0,0.E0,1.E0));
#4972=DIRECTION('',(0.E0,1.E0,0.E0));
#4973=AXIS2_PLACEMENT_3D('',#4970,#4971,#4972);
#4974=PLANE('',#4973);
#4975=ORIENTED_EDGE('',*,*,#4919,.F.);
#4976=ORIENTED_EDGE('',*,*,#4965,.T.);
#4977=ORIENTED_EDGE('',*,*,#4857,.T.);
#4979=ORIENTED_EDGE('',*,*,#4978,.F.);
#4980=EDGE_LOOP('',(#4975,#4976,#4977,#4979));
#4981=FACE_OUTER_BOUND('',#4980,.F.);
#4983=CARTESIAN_POINT('',(-4.E-1,6.E-1,-1.35E0));
#4984=DIRECTION('',(0.E0,1.E0,0.E0));
#4985=DIRECTION('',(0.E0,0.E0,-1.E0));
#4986=AXIS2_PLACEMENT_3D('',#4983,#4984,#4985);
#4987=PLANE('',#4986);
#4988=ORIENTED_EDGE('',*,*,#4921,.F.);
#4989=ORIENTED_EDGE('',*,*,#4978,.T.);
#4990=ORIENTED_EDGE('',*,*,#4855,.T.);
#4991=ORIENTED_EDGE('',*,*,#4903,.F.);
#4992=EDGE_LOOP('',(#4988,#4989,#4990,#4991));
#4993=FACE_OUTER_BOUND('',#4992,.F.);
#4995=CARTESIAN_POINT('',(-4.E-1,-5.E-1,-4.245609462E0));
#4996=DIRECTION('',(0.E0,0.E0,-1.E0));
#4997=DIRECTION('',(0.E0,-1.E0,0.E0));
#4998=AXIS2_PLACEMENT_3D('',#4995,#4996,#4997);
#4999=PLANE('',#4998);
#5000=ORIENTED_EDGE('',*,*,#4662,.T.);
#5001=ORIENTED_EDGE('',*,*,#4889,.T.);
#5003=ORIENTED_EDGE('',*,*,#5002,.F.);
#5004=ORIENTED_EDGE('',*,*,#4934,.F.);
#5005=EDGE_LOOP('',(#5000,#5001,#5003,#5004));
#5006=FACE_OUTER_BOUND('',#5005,.F.);
#5008=CARTESIAN_POINT('',(-4.E-1,-1.285164158188E0,-4.395609462E0));
#5009=DIRECTION('',(-1.E0,0.E0,0.E0));
#5010=DIRECTION('',(0.E0,0.E0,1.E0));
#5011=AXIS2_PLACEMENT_3D('',#5008,#5009,#5010);
#5012=CYLINDRICAL_SURFACE('',#5011,1.5E-1);
#5013=ORIENTED_EDGE('',*,*,#4936,.F.);
#5014=ORIENTED_EDGE('',*,*,#5002,.T.);
#5015=ORIENTED_EDGE('',*,*,#4887,.T.);
#5017=ORIENTED_EDGE('',*,*,#5016,.F.);
#5018=EDGE_LOOP('',(#5013,#5014,#5015,#5017));
#5019=FACE_OUTER_BOUND('',#5018,.F.);
#5021=CARTESIAN_POINT('',(-4.E-1,-1.393723800578E0,-4.292097124358E0));
#5022=DIRECTION('',(0.E0,7.237309492654E-1,-6.900822509494E-1));
#5023=DIRECTION('',(0.E0,-6.900822509494E-1,-7.237309492654E-1));
#5024=AXIS2_PLACEMENT_3D('',#5021,#5022,#5023);
#5025=PLANE('',#5024);
#5026=ORIENTED_EDGE('',*,*,#4938,.F.);
#5027=ORIENTED_EDGE('',*,*,#5016,.T.);
#5028=ORIENTED_EDGE('',*,*,#4885,.T.);
#5030=ORIENTED_EDGE('',*,*,#5029,.F.);
#5031=EDGE_LOOP('',(#5026,#5027,#5028,#5030));
#5032=FACE_OUTER_BOUND('',#5031,.F.);
#5034=CARTESIAN_POINT('',(-4.E-1,-1.512741049974E0,-4.199552311E0));
#5035=DIRECTION('',(-1.E0,0.E0,0.E0));
#5036=DIRECTION('',(0.E0,0.E0,1.E0));
#5037=AXIS2_PLACEMENT_3D('',#5034,#5035,#5036);
#5038=CYLINDRICAL_SURFACE('',#5037,1.5E-1);
#5039=ORIENTED_EDGE('',*,*,#4940,.F.);
#5040=ORIENTED_EDGE('',*,*,#5029,.T.);
#5041=ORIENTED_EDGE('',*,*,#4883,.T.);
#5043=ORIENTED_EDGE('',*,*,#5042,.F.);
#5044=EDGE_LOOP('',(#5039,#5040,#5041,#5043));
#5045=FACE_OUTER_BOUND('',#5044,.F.);
#5047=CARTESIAN_POINT('',(-4.E-1,-1.512741049974E0,-4.349552311E0));
#5048=DIRECTION('',(0.E0,0.E0,-1.E0));
#5049=DIRECTION('',(0.E0,-1.E0,0.E0));
#5050=AXIS2_PLACEMENT_3D('',#5047,#5048,#5049);
#5051=PLANE('',#5050);
#5052=ORIENTED_EDGE('',*,*,#4942,.F.);
#5053=ORIENTED_EDGE('',*,*,#5042,.T.);
#5054=ORIENTED_EDGE('',*,*,#4881,.T.);
#5056=ORIENTED_EDGE('',*,*,#5055,.F.);
#5057=EDGE_LOOP('',(#5052,#5053,#5054,#5056));
#5058=FACE_OUTER_BOUND('',#5057,.F.);
#5060=CARTESIAN_POINT('',(-4.E-1,-2.094986288868E0,-4.249504622437E0));
#5061=DIRECTION('',(-1.E0,0.E0,0.E0));
#5062=DIRECTION('',(0.E0,0.E0,1.E0));
#5063=AXIS2_PLACEMENT_3D('',#5060,#5061,#5062);
#5064=CYLINDRICAL_SURFACE('',#5063,1.000476885635E-1);
#5065=ORIENTED_EDGE('',*,*,#4944,.F.);
#5066=ORIENTED_EDGE('',*,*,#5055,.T.);
#5067=ORIENTED_EDGE('',*,*,#4879,.T.);
#5069=ORIENTED_EDGE('',*,*,#5068,.F.);
#5070=EDGE_LOOP('',(#5065,#5066,#5067,#5069));
#5071=FACE_OUTER_BOUND('',#5070,.F.);
#5073=CARTESIAN_POINT('',(-4.E-1,-2.094986288868E0,-4.149456933873E0));
#5074=DIRECTION('',(0.E0,0.E0,1.E0));
#5075=DIRECTION('',(0.E0,1.E0,0.E0));
#5076=AXIS2_PLACEMENT_3D('',#5073,#5074,#5075);
#5077=PLANE('',#5076);
#5078=ORIENTED_EDGE('',*,*,#4946,.F.);
#5079=ORIENTED_EDGE('',*,*,#5068,.T.);
#5080=ORIENTED_EDGE('',*,*,#4877,.T.);
#5082=ORIENTED_EDGE('',*,*,#5081,.F.);
#5083=EDGE_LOOP('',(#5078,#5079,#5080,#5082));
#5084=FACE_OUTER_BOUND('',#5083,.F.);
#5086=CARTESIAN_POINT('',(-4.E-1,-1.862158836621E0,-3.999456933873E0));
#5087=DIRECTION('',(-1.E0,0.E0,0.E0));
#5088=DIRECTION('',(0.E0,0.E0,1.E0));
#5089=AXIS2_PLACEMENT_3D('',#5086,#5087,#5088);
#5090=CYLINDRICAL_SURFACE('',#5089,1.5E-1);
#5091=ORIENTED_EDGE('',*,*,#4948,.F.);
#5092=ORIENTED_EDGE('',*,*,#5081,.T.);
#5093=ORIENTED_EDGE('',*,*,#4875,.T.);
#5095=ORIENTED_EDGE('',*,*,#5094,.F.);
#5096=EDGE_LOOP('',(#5091,#5092,#5093,#5095));
#5097=FACE_OUTER_BOUND('',#5096,.F.);
#5099=CARTESIAN_POINT('',(-4.E-1,-1.756026843330E0,-4.105456933873E0));
#5100=DIRECTION('',(0.E0,-7.071085871966E-1,7.071049751719E-1));
#5101=DIRECTION('',(0.E0,7.071049751719E-1,7.071085871966E-1));
#5102=AXIS2_PLACEMENT_3D('',#5099,#5100,#5101);
#5103=PLANE('',#5102);
#5104=ORIENTED_EDGE('',*,*,#4950,.F.);
#5105=ORIENTED_EDGE('',*,*,#5094,.T.);
#5106=ORIENTED_EDGE('',*,*,#4873,.T.);
#5108=ORIENTED_EDGE('',*,*,#5107,.F.);
#5109=EDGE_LOOP('',(#5104,#5105,#5106,#5108));
#5110=FACE_OUTER_BOUND('',#5109,.F.);
#5112=CARTESIAN_POINT('',(-4.E-1,-1.384048647150E0,-3.945609580863E0));
#5113=DIRECTION('',(-1.E0,0.E0,0.E0));
#5114=DIRECTION('',(0.E0,0.E0,1.E0));
#5115=AXIS2_PLACEMENT_3D('',#5112,#5113,#5114);
#5116=CYLINDRICAL_SURFACE('',#5115,1.500001181870E-1);
#5117=ORIENTED_EDGE('',*,*,#3034,.F.);
#5118=ORIENTED_EDGE('',*,*,#4952,.F.);
#5119=ORIENTED_EDGE('',*,*,#5107,.T.);
#5120=ORIENTED_EDGE('',*,*,#4871,.T.);
#5121=EDGE_LOOP('',(#5117,#5118,#5119,#5120));
#5122=FACE_OUTER_BOUND('',#5121,.F.);
#5124=CARTESIAN_POINT('',(4.E-1,1.4E0,0.E0));
#5125=DIRECTION('',(-1.E0,0.E0,0.E0));
#5126=DIRECTION('',(0.E0,0.E0,1.E0));
#5127=AXIS2_PLACEMENT_3D('',#5124,#5125,#5126);
#5128=PLANE('',#5127);
#5130=ORIENTED_EDGE('',*,*,#5129,.F.);
#5132=ORIENTED_EDGE('',*,*,#5131,.F.);
#5134=ORIENTED_EDGE('',*,*,#5133,.F.);
#5136=ORIENTED_EDGE('',*,*,#5135,.F.);
#5137=ORIENTED_EDGE('',*,*,#3216,.T.);
#5138=EDGE_LOOP('',(#5130,#5132,#5134,#5136,#5137));
#5139=FACE_OUTER_BOUND('',#5138,.F.);
#5141=CARTESIAN_POINT('',(4.E-1,1.4E0,0.E0));
#5142=DIRECTION('',(-1.E0,0.E0,0.E0));
#5143=DIRECTION('',(0.E0,0.E0,1.E0));
#5144=AXIS2_PLACEMENT_3D('',#5141,#5142,#5143);
#5145=PLANE('',#5144);
#5146=ORIENTED_EDGE('',*,*,#3029,.T.);
#5148=ORIENTED_EDGE('',*,*,#5147,.F.);
#5150=ORIENTED_EDGE('',*,*,#5149,.F.);
#5152=ORIENTED_EDGE('',*,*,#5151,.F.);
#5154=ORIENTED_EDGE('',*,*,#5153,.F.);
#5156=ORIENTED_EDGE('',*,*,#5155,.F.);
#5158=ORIENTED_EDGE('',*,*,#5157,.F.);
#5160=ORIENTED_EDGE('',*,*,#5159,.F.);
#5162=ORIENTED_EDGE('',*,*,#5161,.F.);
#5164=ORIENTED_EDGE('',*,*,#5163,.F.);
#5166=ORIENTED_EDGE('',*,*,#5165,.F.);
#5167=ORIENTED_EDGE('',*,*,#4667,.F.);
#5168=ORIENTED_EDGE('',*,*,#2908,.F.);
#5169=EDGE_LOOP('',(#5146,#5148,#5150,#5152,#5154,#5156,#5158,#5160,#5162,#5164,
#5166,#5167,#5168));
#5170=FACE_OUTER_BOUND('',#5169,.F.);
#5172=CARTESIAN_POINT('',(6.E-1,7.497341223456E-1,-2.960199266002E0));
#5173=DIRECTION('',(-1.E0,0.E0,0.E0));
#5174=DIRECTION('',(0.E0,0.E0,1.E0));
#5175=AXIS2_PLACEMENT_3D('',#5172,#5173,#5174);
#5176=CYLINDRICAL_SURFACE('',#5175,1.497341223456E-1);
#5178=ORIENTED_EDGE('',*,*,#5177,.F.);
#5180=ORIENTED_EDGE('',*,*,#5179,.T.);
#5181=ORIENTED_EDGE('',*,*,#5129,.T.);
#5182=ORIENTED_EDGE('',*,*,#3214,.F.);
#5183=EDGE_LOOP('',(#5178,#5180,#5181,#5182));
#5184=FACE_OUTER_BOUND('',#5183,.F.);
#5186=CARTESIAN_POINT('',(6.E-1,1.4E0,0.E0));
#5187=DIRECTION('',(-1.E0,0.E0,0.E0));
#5188=DIRECTION('',(0.E0,0.E0,1.E0));
#5189=AXIS2_PLACEMENT_3D('',#5186,#5187,#5188);
#5190=PLANE('',#5189);
#5191=ORIENTED_EDGE('',*,*,#5177,.T.);
#5192=ORIENTED_EDGE('',*,*,#3212,.F.);
#5194=ORIENTED_EDGE('',*,*,#5193,.T.);
#5196=ORIENTED_EDGE('',*,*,#5195,.T.);
#5198=ORIENTED_EDGE('',*,*,#5197,.T.);
#5199=EDGE_LOOP('',(#5191,#5192,#5194,#5196,#5198));
#5200=FACE_OUTER_BOUND('',#5199,.F.);
#5202=CARTESIAN_POINT('',(6.E-1,1.4E0,0.E0));
#5203=DIRECTION('',(-1.E0,0.E0,0.E0));
#5204=DIRECTION('',(0.E0,0.E0,1.E0));
#5205=AXIS2_PLACEMENT_3D('',#5202,#5203,#5204);
#5206=PLANE('',#5205);
#5207=ORIENTED_EDGE('',*,*,#3025,.F.);
#5208=ORIENTED_EDGE('',*,*,#2955,.T.);
#5209=ORIENTED_EDGE('',*,*,#4671,.T.);
#5211=ORIENTED_EDGE('',*,*,#5210,.T.);
#5213=ORIENTED_EDGE('',*,*,#5212,.T.);
#5215=ORIENTED_EDGE('',*,*,#5214,.T.);
#5217=ORIENTED_EDGE('',*,*,#5216,.T.);
#5219=ORIENTED_EDGE('',*,*,#5218,.T.);
#5221=ORIENTED_EDGE('',*,*,#5220,.T.);
#5223=ORIENTED_EDGE('',*,*,#5222,.T.);
#5225=ORIENTED_EDGE('',*,*,#5224,.T.);
#5227=ORIENTED_EDGE('',*,*,#5226,.T.);
#5229=ORIENTED_EDGE('',*,*,#5228,.T.);
#5230=EDGE_LOOP('',(#5207,#5208,#5209,#5211,#5213,#5215,#5217,#5219,#5221,#5223,
#5225,#5227,#5229));
#5231=FACE_OUTER_BOUND('',#5230,.F.);
#5233=CARTESIAN_POINT('',(6.E-1,1.294210116644E-1,-3.E0));
#5234=DIRECTION('',(0.E0,-9.985177324254E-1,5.442736473501E-2));
#5235=DIRECTION('',(0.E0,5.442736473501E-2,9.985177324254E-1));
#5236=AXIS2_PLACEMENT_3D('',#5233,#5234,#5235);
#5237=PLANE('',#5236);
#5238=ORIENTED_EDGE('',*,*,#5193,.F.);
#5239=ORIENTED_EDGE('',*,*,#3218,.T.);
#5240=ORIENTED_EDGE('',*,*,#5135,.T.);
#5242=ORIENTED_EDGE('',*,*,#5241,.F.);
#5243=EDGE_LOOP('',(#5238,#5239,#5240,#5242));
#5244=FACE_OUTER_BOUND('',#5243,.F.);
#5246=CARTESIAN_POINT('',(6.E-1,2.193594763471E-1,-1.35E0));
#5247=DIRECTION('',(0.E0,0.E0,1.E0));
#5248=DIRECTION('',(0.E0,1.E0,0.E0));
#5249=AXIS2_PLACEMENT_3D('',#5246,#5247,#5248);
#5250=PLANE('',#5249);
#5251=ORIENTED_EDGE('',*,*,#5195,.F.);
#5252=ORIENTED_EDGE('',*,*,#5241,.T.);
#5253=ORIENTED_EDGE('',*,*,#5133,.T.);
#5255=ORIENTED_EDGE('',*,*,#5254,.F.);
#5256=EDGE_LOOP('',(#5251,#5252,#5253,#5255));
#5257=FACE_OUTER_BOUND('',#5256,.F.);
#5259=CARTESIAN_POINT('',(6.E-1,6.E-1,-1.35E0));
#5260=DIRECTION('',(0.E0,1.E0,0.E0));
#5261=DIRECTION('',(0.E0,0.E0,-1.E0));
#5262=AXIS2_PLACEMENT_3D('',#5259,#5260,#5261);
#5263=PLANE('',#5262);
#5264=ORIENTED_EDGE('',*,*,#5197,.F.);
#5265=ORIENTED_EDGE('',*,*,#5254,.T.);
#5266=ORIENTED_EDGE('',*,*,#5131,.T.);
#5267=ORIENTED_EDGE('',*,*,#5179,.F.);
#5268=EDGE_LOOP('',(#5264,#5265,#5266,#5267));
#5269=FACE_OUTER_BOUND('',#5268,.F.);
#5271=CARTESIAN_POINT('',(6.E-1,-5.E-1,-4.245609462E0));
#5272=DIRECTION('',(0.E0,0.E0,-1.E0));
#5273=DIRECTION('',(0.E0,-1.E0,0.E0));
#5274=AXIS2_PLACEMENT_3D('',#5271,#5272,#5273);
#5275=PLANE('',#5274);
#5276=ORIENTED_EDGE('',*,*,#4669,.T.);
#5277=ORIENTED_EDGE('',*,*,#5165,.T.);
#5279=ORIENTED_EDGE('',*,*,#5278,.F.);
#5280=ORIENTED_EDGE('',*,*,#5210,.F.);
#5281=EDGE_LOOP('',(#5276,#5277,#5279,#5280));
#5282=FACE_OUTER_BOUND('',#5281,.F.);
#5284=CARTESIAN_POINT('',(6.E-1,-1.285164158188E0,-4.395609462E0));
#5285=DIRECTION('',(-1.E0,0.E0,0.E0));
#5286=DIRECTION('',(0.E0,0.E0,1.E0));
#5287=AXIS2_PLACEMENT_3D('',#5284,#5285,#5286);
#5288=CYLINDRICAL_SURFACE('',#5287,1.5E-1);
#5289=ORIENTED_EDGE('',*,*,#5212,.F.);
#5290=ORIENTED_EDGE('',*,*,#5278,.T.);
#5291=ORIENTED_EDGE('',*,*,#5163,.T.);
#5293=ORIENTED_EDGE('',*,*,#5292,.F.);
#5294=EDGE_LOOP('',(#5289,#5290,#5291,#5293));
#5295=FACE_OUTER_BOUND('',#5294,.F.);
#5297=CARTESIAN_POINT('',(6.E-1,-1.393723800578E0,-4.292097124358E0));
#5298=DIRECTION('',(0.E0,7.237309492654E-1,-6.900822509494E-1));
#5299=DIRECTION('',(0.E0,-6.900822509494E-1,-7.237309492654E-1));
#5300=AXIS2_PLACEMENT_3D('',#5297,#5298,#5299);
#5301=PLANE('',#5300);
#5302=ORIENTED_EDGE('',*,*,#5214,.F.);
#5303=ORIENTED_EDGE('',*,*,#5292,.T.);
#5304=ORIENTED_EDGE('',*,*,#5161,.T.);
#5306=ORIENTED_EDGE('',*,*,#5305,.F.);
#5307=EDGE_LOOP('',(#5302,#5303,#5304,#5306));
#5308=FACE_OUTER_BOUND('',#5307,.F.);
#5310=CARTESIAN_POINT('',(6.E-1,-1.512741049974E0,-4.199552311E0));
#5311=DIRECTION('',(-1.E0,0.E0,0.E0));
#5312=DIRECTION('',(0.E0,0.E0,1.E0));
#5313=AXIS2_PLACEMENT_3D('',#5310,#5311,#5312);
#5314=CYLINDRICAL_SURFACE('',#5313,1.5E-1);
#5315=ORIENTED_EDGE('',*,*,#5216,.F.);
#5316=ORIENTED_EDGE('',*,*,#5305,.T.);
#5317=ORIENTED_EDGE('',*,*,#5159,.T.);
#5319=ORIENTED_EDGE('',*,*,#5318,.F.);
#5320=EDGE_LOOP('',(#5315,#5316,#5317,#5319));
#5321=FACE_OUTER_BOUND('',#5320,.F.);
#5323=CARTESIAN_POINT('',(6.E-1,-1.512741049974E0,-4.349552311E0));
#5324=DIRECTION('',(0.E0,0.E0,-1.E0));
#5325=DIRECTION('',(0.E0,-1.E0,0.E0));
#5326=AXIS2_PLACEMENT_3D('',#5323,#5324,#5325);
#5327=PLANE('',#5326);
#5328=ORIENTED_EDGE('',*,*,#5218,.F.);
#5329=ORIENTED_EDGE('',*,*,#5318,.T.);
#5330=ORIENTED_EDGE('',*,*,#5157,.T.);
#5332=ORIENTED_EDGE('',*,*,#5331,.F.);
#5333=EDGE_LOOP('',(#5328,#5329,#5330,#5332));
#5334=FACE_OUTER_BOUND('',#5333,.F.);
#5336=CARTESIAN_POINT('',(6.E-1,-2.094986288868E0,-4.249504622437E0));
#5337=DIRECTION('',(-1.E0,0.E0,0.E0));
#5338=DIRECTION('',(0.E0,0.E0,1.E0));
#5339=AXIS2_PLACEMENT_3D('',#5336,#5337,#5338);
#5340=CYLINDRICAL_SURFACE('',#5339,1.000476885635E-1);
#5341=ORIENTED_EDGE('',*,*,#5220,.F.);
#5342=ORIENTED_EDGE('',*,*,#5331,.T.);
#5343=ORIENTED_EDGE('',*,*,#5155,.T.);
#5345=ORIENTED_EDGE('',*,*,#5344,.F.);
#5346=EDGE_LOOP('',(#5341,#5342,#5343,#5345));
#5347=FACE_OUTER_BOUND('',#5346,.F.);
#5349=CARTESIAN_POINT('',(6.E-1,-2.094986288868E0,-4.149456933873E0));
#5350=DIRECTION('',(0.E0,0.E0,1.E0));
#5351=DIRECTION('',(0.E0,1.E0,0.E0));
#5352=AXIS2_PLACEMENT_3D('',#5349,#5350,#5351);
#5353=PLANE('',#5352);
#5354=ORIENTED_EDGE('',*,*,#5222,.F.);
#5355=ORIENTED_EDGE('',*,*,#5344,.T.);
#5356=ORIENTED_EDGE('',*,*,#5153,.T.);
#5358=ORIENTED_EDGE('',*,*,#5357,.F.);
#5359=EDGE_LOOP('',(#5354,#5355,#5356,#5358));
#5360=FACE_OUTER_BOUND('',#5359,.F.);
#5362=CARTESIAN_POINT('',(6.E-1,-1.862158836621E0,-3.999456933873E0));
#5363=DIRECTION('',(-1.E0,0.E0,0.E0));
#5364=DIRECTION('',(0.E0,0.E0,1.E0));
#5365=AXIS2_PLACEMENT_3D('',#5362,#5363,#5364);
#5366=CYLINDRICAL_SURFACE('',#5365,1.5E-1);
#5367=ORIENTED_EDGE('',*,*,#5224,.F.);
#5368=ORIENTED_EDGE('',*,*,#5357,.T.);
#5369=ORIENTED_EDGE('',*,*,#5151,.T.);
#5371=ORIENTED_EDGE('',*,*,#5370,.F.);
#5372=EDGE_LOOP('',(#5367,#5368,#5369,#5371));
#5373=FACE_OUTER_BOUND('',#5372,.F.);
#5375=CARTESIAN_POINT('',(6.E-1,-1.756026843330E0,-4.105456933873E0));
#5376=DIRECTION('',(0.E0,-7.071085871966E-1,7.071049751719E-1));
#5377=DIRECTION('',(0.E0,7.071049751719E-1,7.071085871966E-1));
#5378=AXIS2_PLACEMENT_3D('',#5375,#5376,#5377);
#5379=PLANE('',#5378);
#5380=ORIENTED_EDGE('',*,*,#5226,.F.);
#5381=ORIENTED_EDGE('',*,*,#5370,.T.);
#5382=ORIENTED_EDGE('',*,*,#5149,.T.);
#5384=ORIENTED_EDGE('',*,*,#5383,.F.);
#5385=EDGE_LOOP('',(#5380,#5381,#5382,#5384));
#5386=FACE_OUTER_BOUND('',#5385,.F.);
#5388=CARTESIAN_POINT('',(6.E-1,-1.384048647150E0,-3.945609580863E0));
#5389=DIRECTION('',(-1.E0,0.E0,0.E0));
#5390=DIRECTION('',(0.E0,0.E0,1.E0));
#5391=AXIS2_PLACEMENT_3D('',#5388,#5389,#5390);
#5392=CYLINDRICAL_SURFACE('',#5391,1.500001181870E-1);
#5393=ORIENTED_EDGE('',*,*,#3027,.F.);
#5394=ORIENTED_EDGE('',*,*,#5228,.F.);
#5395=ORIENTED_EDGE('',*,*,#5383,.T.);
#5396=ORIENTED_EDGE('',*,*,#5147,.T.);
#5397=EDGE_LOOP('',(#5393,#5394,#5395,#5396));
#5398=FACE_OUTER_BOUND('',#5397,.F.);
#5400=CARTESIAN_POINT('',(1.4E0,1.4E0,0.E0));
#5401=DIRECTION('',(-1.E0,0.E0,0.E0));
#5402=DIRECTION('',(0.E0,0.E0,1.E0));
#5403=AXIS2_PLACEMENT_3D('',#5400,#5401,#5402);
#5404=PLANE('',#5403);
#5405=ORIENTED_EDGE('',*,*,#3129,.F.);
#5406=ORIENTED_EDGE('',*,*,#3144,.F.);
#5407=ORIENTED_EDGE('',*,*,#3158,.F.);
#5408=ORIENTED_EDGE('',*,*,#3172,.F.);
#5409=ORIENTED_EDGE('',*,*,#3224,.T.);
#5410=EDGE_LOOP('',(#5405,#5406,#5407,#5408,#5409));
#5411=FACE_OUTER_BOUND('',#5410,.F.);
#5413=CARTESIAN_POINT('',(1.4E0,1.4E0,0.E0));
#5414=DIRECTION('',(-1.E0,0.E0,0.E0));
#5415=DIRECTION('',(0.E0,0.E0,1.E0));
#5416=AXIS2_PLACEMENT_3D('',#5413,#5414,#5415);
#5417=PLANE('',#5416);
#5418=ORIENTED_EDGE('',*,*,#3022,.T.);
#5420=ORIENTED_EDGE('',*,*,#5419,.F.);
#5422=ORIENTED_EDGE('',*,*,#5421,.F.);
#5424=ORIENTED_EDGE('',*,*,#5423,.F.);
#5426=ORIENTED_EDGE('',*,*,#5425,.F.);
#5428=ORIENTED_EDGE('',*,*,#5427,.F.);
#5430=ORIENTED_EDGE('',*,*,#5429,.F.);
#5432=ORIENTED_EDGE('',*,*,#5431,.F.);
#5434=ORIENTED_EDGE('',*,*,#5433,.F.);
#5436=ORIENTED_EDGE('',*,*,#5435,.F.);
#5438=ORIENTED_EDGE('',*,*,#5437,.F.);
#5439=ORIENTED_EDGE('',*,*,#4674,.F.);
#5440=ORIENTED_EDGE('',*,*,#2951,.F.);
#5441=EDGE_LOOP('',(#5418,#5420,#5422,#5424,#5426,#5428,#5430,#5432,#5434,#5436,
#5438,#5439,#5440));
#5442=FACE_OUTER_BOUND('',#5441,.F.);
#5444=CARTESIAN_POINT('',(1.6E0,-1.384048647150E0,-3.945609580863E0));
#5445=DIRECTION('',(-1.E0,0.E0,0.E0));
#5446=DIRECTION('',(0.E0,0.E0,1.E0));
#5447=AXIS2_PLACEMENT_3D('',#5444,#5445,#5446);
#5448=CYLINDRICAL_SURFACE('',#5447,1.500001181870E-1);
#5449=ORIENTED_EDGE('',*,*,#3020,.F.);
#5450=ORIENTED_EDGE('',*,*,#3116,.F.);
#5452=ORIENTED_EDGE('',*,*,#5451,.T.);
#5453=ORIENTED_EDGE('',*,*,#5419,.T.);
#5454=EDGE_LOOP('',(#5449,#5450,#5452,#5453));
#5455=FACE_OUTER_BOUND('',#5454,.F.);
#5457=CARTESIAN_POINT('',(1.6E0,-1.756026843330E0,-4.105456933873E0));
#5458=DIRECTION('',(0.E0,-7.071085871966E-1,7.071049751719E-1));
#5459=DIRECTION('',(0.E0,7.071049751719E-1,7.071085871966E-1));
#5460=AXIS2_PLACEMENT_3D('',#5457,#5458,#5459);
#5461=PLANE('',#5460);
#5462=ORIENTED_EDGE('',*,*,#3114,.F.);
#5464=ORIENTED_EDGE('',*,*,#5463,.T.);
#5465=ORIENTED_EDGE('',*,*,#5421,.T.);
#5466=ORIENTED_EDGE('',*,*,#5451,.F.);
#5467=EDGE_LOOP('',(#5462,#5464,#5465,#5466));
#5468=FACE_OUTER_BOUND('',#5467,.F.);
#5470=CARTESIAN_POINT('',(1.6E0,-1.862158836621E0,-3.999456933873E0));
#5471=DIRECTION('',(-1.E0,0.E0,0.E0));
#5472=DIRECTION('',(0.E0,0.E0,1.E0));
#5473=AXIS2_PLACEMENT_3D('',#5470,#5471,#5472);
#5474=CYLINDRICAL_SURFACE('',#5473,1.5E-1);
#5475=ORIENTED_EDGE('',*,*,#3112,.F.);
#5477=ORIENTED_EDGE('',*,*,#5476,.T.);
#5478=ORIENTED_EDGE('',*,*,#5423,.T.);
#5479=ORIENTED_EDGE('',*,*,#5463,.F.);
#5480=EDGE_LOOP('',(#5475,#5477,#5478,#5479));
#5481=FACE_OUTER_BOUND('',#5480,.F.);
#5483=CARTESIAN_POINT('',(1.6E0,-2.094986288868E0,-4.149456933873E0));
#5484=DIRECTION('',(0.E0,0.E0,1.E0));
#5485=DIRECTION('',(0.E0,1.E0,0.E0));
#5486=AXIS2_PLACEMENT_3D('',#5483,#5484,#5485);
#5487=PLANE('',#5486);
#5488=ORIENTED_EDGE('',*,*,#3110,.F.);
#5490=ORIENTED_EDGE('',*,*,#5489,.T.);
#5491=ORIENTED_EDGE('',*,*,#5425,.T.);
#5492=ORIENTED_EDGE('',*,*,#5476,.F.);
#5493=EDGE_LOOP('',(#5488,#5490,#5491,#5492));
#5494=FACE_OUTER_BOUND('',#5493,.F.);
#5496=CARTESIAN_POINT('',(1.6E0,-2.094986288868E0,-4.249504622437E0));
#5497=DIRECTION('',(-1.E0,0.E0,0.E0));
#5498=DIRECTION('',(0.E0,0.E0,1.E0));
#5499=AXIS2_PLACEMENT_3D('',#5496,#5497,#5498);
#5500=CYLINDRICAL_SURFACE('',#5499,1.000476885635E-1);
#5501=ORIENTED_EDGE('',*,*,#3108,.F.);
#5503=ORIENTED_EDGE('',*,*,#5502,.T.);
#5504=ORIENTED_EDGE('',*,*,#5427,.T.);
#5505=ORIENTED_EDGE('',*,*,#5489,.F.);
#5506=EDGE_LOOP('',(#5501,#5503,#5504,#5505));
#5507=FACE_OUTER_BOUND('',#5506,.F.);
#5509=CARTESIAN_POINT('',(1.6E0,-1.512741049974E0,-4.349552311E0));
#5510=DIRECTION('',(0.E0,0.E0,-1.E0));
#5511=DIRECTION('',(0.E0,-1.E0,0.E0));
#5512=AXIS2_PLACEMENT_3D('',#5509,#5510,#5511);
#5513=PLANE('',#5512);
#5514=ORIENTED_EDGE('',*,*,#3106,.F.);
#5516=ORIENTED_EDGE('',*,*,#5515,.T.);
#5517=ORIENTED_EDGE('',*,*,#5429,.T.);
#5518=ORIENTED_EDGE('',*,*,#5502,.F.);
#5519=EDGE_LOOP('',(#5514,#5516,#5517,#5518));
#5520=FACE_OUTER_BOUND('',#5519,.F.);
#5522=CARTESIAN_POINT('',(1.6E0,-1.512741049974E0,-4.199552311E0));
#5523=DIRECTION('',(-1.E0,0.E0,0.E0));
#5524=DIRECTION('',(0.E0,0.E0,1.E0));
#5525=AXIS2_PLACEMENT_3D('',#5522,#5523,#5524);
#5526=CYLINDRICAL_SURFACE('',#5525,1.5E-1);
#5527=ORIENTED_EDGE('',*,*,#3104,.F.);
#5529=ORIENTED_EDGE('',*,*,#5528,.T.);
#5530=ORIENTED_EDGE('',*,*,#5431,.T.);
#5531=ORIENTED_EDGE('',*,*,#5515,.F.);
#5532=EDGE_LOOP('',(#5527,#5529,#5530,#5531));
#5533=FACE_OUTER_BOUND('',#5532,.F.);
#5535=CARTESIAN_POINT('',(1.6E0,-1.393723800578E0,-4.292097124358E0));
#5536=DIRECTION('',(0.E0,7.237309492654E-1,-6.900822509494E-1));
#5537=DIRECTION('',(0.E0,-6.900822509494E-1,-7.237309492654E-1));
#5538=AXIS2_PLACEMENT_3D('',#5535,#5536,#5537);
#5539=PLANE('',#5538);
#5540=ORIENTED_EDGE('',*,*,#3102,.F.);
#5542=ORIENTED_EDGE('',*,*,#5541,.T.);
#5543=ORIENTED_EDGE('',*,*,#5433,.T.);
#5544=ORIENTED_EDGE('',*,*,#5528,.F.);
#5545=EDGE_LOOP('',(#5540,#5542,#5543,#5544));
#5546=FACE_OUTER_BOUND('',#5545,.F.);
#5548=CARTESIAN_POINT('',(1.6E0,-1.285164158188E0,-4.395609462E0));
#5549=DIRECTION('',(-1.E0,0.E0,0.E0));
#5550=DIRECTION('',(0.E0,0.E0,1.E0));
#5551=AXIS2_PLACEMENT_3D('',#5548,#5549,#5550);
#5552=CYLINDRICAL_SURFACE('',#5551,1.5E-1);
#5553=ORIENTED_EDGE('',*,*,#3100,.F.);
#5555=ORIENTED_EDGE('',*,*,#5554,.T.);
#5556=ORIENTED_EDGE('',*,*,#5435,.T.);
#5557=ORIENTED_EDGE('',*,*,#5541,.F.);
#5558=EDGE_LOOP('',(#5553,#5555,#5556,#5557));
#5559=FACE_OUTER_BOUND('',#5558,.F.);
#5561=CARTESIAN_POINT('',(1.6E0,-5.E-1,-4.245609462E0));
#5562=DIRECTION('',(0.E0,0.E0,-1.E0));
#5563=DIRECTION('',(0.E0,-1.E0,0.E0));
#5564=AXIS2_PLACEMENT_3D('',#5561,#5562,#5563);
#5565=PLANE('',#5564);
#5566=ORIENTED_EDGE('',*,*,#4676,.T.);
#5567=ORIENTED_EDGE('',*,*,#5437,.T.);
#5568=ORIENTED_EDGE('',*,*,#5554,.F.);
#5569=ORIENTED_EDGE('',*,*,#3098,.F.);
#5570=EDGE_LOOP('',(#5566,#5567,#5568,#5569));
#5571=FACE_OUTER_BOUND('',#5570,.F.);
#5573=CARTESIAN_POINT('',(-1.4E0,1.294210116644E-1,-3.E0));
#5574=DIRECTION('',(0.E0,-9.985177324254E-1,5.442736473501E-2));
#5575=DIRECTION('',(0.E0,5.442736473501E-2,9.985177324254E-1));
#5576=AXIS2_PLACEMENT_3D('',#5573,#5574,#5575);
#5577=PLANE('',#5576);
#5578=ORIENTED_EDGE('',*,*,#3198,.T.);
#5579=ORIENTED_EDGE('',*,*,#3008,.T.);
#5581=ORIENTED_EDGE('',*,*,#5580,.F.);
#5582=ORIENTED_EDGE('',*,*,#4630,.F.);
#5583=EDGE_LOOP('',(#5578,#5579,#5581,#5582));
#5584=FACE_OUTER_BOUND('',#5583,.F.);
#5586=CARTESIAN_POINT('',(-1.4E0,2.193594763471E-1,-1.35E0));
#5587=DIRECTION('',(0.E0,0.E0,1.E0));
#5588=DIRECTION('',(0.E0,1.E0,0.E0));
#5589=AXIS2_PLACEMENT_3D('',#5586,#5587,#5588);
#5590=PLANE('',#5589);
#5591=ORIENTED_EDGE('',*,*,#4632,.F.);
#5592=ORIENTED_EDGE('',*,*,#5580,.T.);
#5593=ORIENTED_EDGE('',*,*,#3006,.T.);
#5595=ORIENTED_EDGE('',*,*,#5594,.F.);
#5596=EDGE_LOOP('',(#5591,#5592,#5593,#5595));
#5597=FACE_OUTER_BOUND('',#5596,.F.);
#5599=CARTESIAN_POINT('',(-1.4E0,6.E-1,-1.35E0));
#5600=DIRECTION('',(0.E0,1.E0,0.E0));
#5601=DIRECTION('',(0.E0,0.E0,-1.E0));
#5602=AXIS2_PLACEMENT_3D('',#5599,#5600,#5601);
#5603=PLANE('',#5602);
#5604=ORIENTED_EDGE('',*,*,#4634,.F.);
#5605=ORIENTED_EDGE('',*,*,#5594,.T.);
#5606=ORIENTED_EDGE('',*,*,#3004,.T.);
#5608=ORIENTED_EDGE('',*,*,#5607,.F.);
#5609=EDGE_LOOP('',(#5604,#5605,#5606,#5608));
#5610=FACE_OUTER_BOUND('',#5609,.F.);
#5612=CARTESIAN_POINT('',(-1.4E0,7.497341223456E-1,-2.960199266002E0));
#5613=DIRECTION('',(-1.E0,0.E0,0.E0));
#5614=DIRECTION('',(0.E0,0.E0,1.E0));
#5615=AXIS2_PLACEMENT_3D('',#5612,#5613,#5614);
#5616=CYLINDRICAL_SURFACE('',#5615,1.497341223456E-1);
#5617=ORIENTED_EDGE('',*,*,#3195,.F.);
#5618=ORIENTED_EDGE('',*,*,#4636,.F.);
#5619=ORIENTED_EDGE('',*,*,#5607,.T.);
#5620=ORIENTED_EDGE('',*,*,#3002,.T.);
#5621=EDGE_LOOP('',(#5617,#5618,#5619,#5620));
#5622=FACE_OUTER_BOUND('',#5621,.F.);
#5624=CARTESIAN_POINT('',(0.E0,1.6E0,-1.4E0));
#5625=DIRECTION('',(0.E0,8.682431421245E-1,4.961389383568E-1));
#5626=DIRECTION('',(0.E0,4.961389383568E-1,-8.682431421245E-1));
#5627=AXIS2_PLACEMENT_3D('',#5624,#5625,#5626);
#5628=PLANE('',#5627);
#5630=ORIENTED_EDGE('',*,*,#5629,.T.);
#5632=ORIENTED_EDGE('',*,*,#5631,.F.);
#5634=ORIENTED_EDGE('',*,*,#5633,.T.);
#5635=ORIENTED_EDGE('',*,*,#2849,.T.);
#5636=EDGE_LOOP('',(#5630,#5632,#5634,#5635));
#5637=FACE_OUTER_BOUND('',#5636,.F.);
#5639=CARTESIAN_POINT('',(-2.E0,1.8E0,-1.9E0));
#5640=DIRECTION('',(-1.E0,0.E0,0.E0));
#5641=DIRECTION('',(0.E0,-1.E0,0.E0));
#5642=AXIS2_PLACEMENT_3D('',#5639,#5640,#5641);
#5643=PLANE('',#5642);
#5644=ORIENTED_EDGE('',*,*,#5629,.F.);
#5645=ORIENTED_EDGE('',*,*,#2855,.F.);
#5647=ORIENTED_EDGE('',*,*,#5646,.F.);
#5649=ORIENTED_EDGE('',*,*,#5648,.T.);
#5650=EDGE_LOOP('',(#5644,#5645,#5647,#5649));
#5651=FACE_OUTER_BOUND('',#5650,.F.);
#5653=CARTESIAN_POINT('',(0.E0,0.E0,-1.9E0));
#5654=DIRECTION('',(0.E0,0.E0,1.E0));
#5655=DIRECTION('',(1.E0,0.E0,0.E0));
#5656=AXIS2_PLACEMENT_3D('',#5653,#5654,#5655);
#5657=PLANE('',#5656);
#5658=ORIENTED_EDGE('',*,*,#2853,.T.);
#5660=ORIENTED_EDGE('',*,*,#5659,.T.);
#5662=ORIENTED_EDGE('',*,*,#5661,.T.);
#5663=ORIENTED_EDGE('',*,*,#5646,.T.);
#5664=EDGE_LOOP('',(#5658,#5660,#5662,#5663));
#5665=FACE_OUTER_BOUND('',#5664,.F.);
#5667=CARTESIAN_POINT('',(2.E0,1.4E0,-1.9E0));
#5668=DIRECTION('',(1.E0,0.E0,0.E0));
#5669=DIRECTION('',(0.E0,1.E0,0.E0));
#5670=AXIS2_PLACEMENT_3D('',#5667,#5668,#5669);
#5671=PLANE('',#5670);
#5672=ORIENTED_EDGE('',*,*,#5633,.F.);
#5674=ORIENTED_EDGE('',*,*,#5673,.F.);
#5675=ORIENTED_EDGE('',*,*,#5659,.F.);
#5676=ORIENTED_EDGE('',*,*,#2851,.T.);
#5677=EDGE_LOOP('',(#5672,#5674,#5675,#5676));
#5678=FACE_OUTER_BOUND('',#5677,.F.);
#5680=CARTESIAN_POINT('',(2.E0,1.8E0,-1.9E0));
#5681=DIRECTION('',(0.E0,1.E0,0.E0));
#5682=DIRECTION('',(-1.E0,0.E0,0.E0));
#5683=AXIS2_PLACEMENT_3D('',#5680,#5681,#5682);
#5684=PLANE('',#5683);
#5685=ORIENTED_EDGE('',*,*,#5631,.T.);
#5686=ORIENTED_EDGE('',*,*,#5648,.F.);
#5687=ORIENTED_EDGE('',*,*,#5661,.F.);
#5688=ORIENTED_EDGE('',*,*,#5673,.T.);
#5689=EDGE_LOOP('',(#5685,#5686,#5687,#5688));
#5690=FACE_OUTER_BOUND('',#5689,.F.);
#5692=CLOSED_SHELL('',(#2859,#2886,#2902,#2918,#2945,#2961,#2994,#3012,#3070,
#3088,#3120,#3135,#3149,#3163,#3177,#3229,#3252,#3267,#3283,#3297,#3313,#3329,
#3343,#3358,#3408,#3422,#3436,#3449,#3461,#3479,#3498,#3518,#3533,#3570,#3585,
#3599,#3629,#3646,#3660,#3674,#3692,#3706,#3719,#3734,#3746,#3761,#3774,#3789,
#3802,#3815,#3830,#3852,#3867,#3879,#3892,#3905,#3918,#3931,#3943,#3957,#3989,
#4006,#4024,#4037,#4055,#4074,#4092,#4107,#4123,#4159,#4176,#4189,#4201,#4214,
#4227,#4242,#4256,#4277,#4290,#4303,#4316,#4329,#4343,#4355,#4367,#4382,#4395,
#4411,#4428,#4441,#4453,#4465,#4479,#4494,#4514,#4528,#4542,#4554,#4567,#4579,
#4591,#4623,#4640,#4680,#4693,#4706,#4718,#4731,#4744,#4757,#4770,#4783,#4796,
#4809,#4822,#4835,#4847,#4864,#4895,#4909,#4925,#4956,#4969,#4982,#4994,#5007,
#5020,#5033,#5046,#5059,#5072,#5085,#5098,#5111,#5123,#5140,#5171,#5185,#5201,
#5232,#5245,#5258,#5270,#5283,#5296,#5309,#5322,#5335,#5348,#5361,#5374,#5387,
#5399,#5412,#5443,#5456,#5469,#5482,#5495,#5508,#5521,#5534,#5547,#5560,#5572,
#5585,#5598,#5611,#5623,#5638,#5652,#5666,#5679,#5691));
#5693=MANIFOLD_SOLID_BREP('',#5692);
#5696=PLANE_ANGLE_MEASURE_WITH_UNIT(PLANE_ANGLE_MEASURE(1.745329251994E-2),
#5695);
#5697=(CONVERSION_BASED_UNIT('DEGREE',#5696)NAMED_UNIT(*)PLANE_ANGLE_UNIT());
#5699=UNCERTAINTY_MEASURE_WITH_UNIT(LENGTH_MEASURE(7.015520075965E-4),#5694,
'distance_accuracy_value',
'Maximum model space distance between geometric entities at asserted connectivities');
#5702=APPLICATION_CONTEXT('automotive_design');
#5703=APPLICATION_PROTOCOL_DEFINITION('international standard',
'automotive_design',2001,#5702);
#5704=PRODUCT_DEFINITION_CONTEXT('part definition',#5702,'design');
#5705=PRODUCT_CONTEXT('',#5702,'mechanical');
#5706=PRODUCT('C-2367197-4','C-2367197-4','NOT SPECIFIED',(#5705));
#5707=PRODUCT_DEFINITION_FORMATION('1','LAST_VERSION',#5706);
#5715=DERIVED_UNIT_ELEMENT(#5714,2.E0);
#5716=DERIVED_UNIT((#5715));
#5717=MEASURE_REPRESENTATION_ITEM('surface area measure',AREA_MEASURE(
1.677122089967E2),#5716);
#5722=DERIVED_UNIT_ELEMENT(#5721,3.E0);
#5723=DERIVED_UNIT((#5722));
#5724=MEASURE_REPRESENTATION_ITEM('volume measure',VOLUME_MEASURE(
4.261841713353E1),#5723);
#5728=CARTESIAN_POINT('centre point',(0.E0,2.451055212491E-2,
-2.581368489625E0));
#5733=DERIVED_UNIT_ELEMENT(#5732,2.E0);
#5734=DERIVED_UNIT((#5733));
#5735=MEASURE_REPRESENTATION_ITEM('surface area measure',AREA_MEASURE(
1.677122089967E2),#5734);
#5740=DERIVED_UNIT_ELEMENT(#5739,3.E0);
#5741=DERIVED_UNIT((#5740));
#5742=MEASURE_REPRESENTATION_ITEM('volume measure',VOLUME_MEASURE(
4.261841713353E1),#5741);
#5746=CARTESIAN_POINT('centre point',(0.E0,2.451055212491E-2,
-2.581368489625E0));
#5751=PRODUCT_RELATED_PRODUCT_CATEGORY('part','',(#5706));
#5753=GENERAL_PROPERTY('','PART_NO','user defined attribute');
#5754=GENERAL_PROPERTY_ASSOCIATION('user defined attribute','',#5753,#5752);
#5755=DESCRIPTIVE_REPRESENTATION_ITEM('PART_NO','2367197');
#5759=GENERAL_PROPERTY('','DWG_TITLE','user defined attribute');
#5760=GENERAL_PROPERTY_ASSOCIATION('user defined attribute','',#5759,#5758);
#5761=DESCRIPTIVE_REPRESENTATION_ITEM('DWG_TITLE',
'1.00P WTB BOARD SIDE VERTICAL TYPE');
#5765=GENERAL_PROPERTY('','DWG_TITLE_2','user defined attribute');
#5766=GENERAL_PROPERTY_ASSOCIATION('user defined attribute','',#5765,#5764);
#5767=DESCRIPTIVE_REPRESENTATION_ITEM('DWG_TITLE_2','WITH LATCH');
#5771=GENERAL_PROPERTY('','DESC','user defined attribute');
#5772=GENERAL_PROPERTY_ASSOCIATION('user defined attribute','',#5771,#5770);
#5773=DESCRIPTIVE_REPRESENTATION_ITEM('DESC',
'1.00P WTB BOARD SIDE VERTICAL TYPE WITH LATCH');
#5777=GENERAL_PROPERTY('','DOC_STATUS','user defined attribute');
#5778=GENERAL_PROPERTY_ASSOCIATION('user defined attribute','',#5777,#5776);
#5779=DESCRIPTIVE_REPRESENTATION_ITEM('DOC_STATUS','Active');
#5783=GENERAL_PROPERTY('','PROI_CREATED_BY','user defined attribute');
#5784=GENERAL_PROPERTY_ASSOCIATION('user defined attribute','',#5783,#5782);
#5785=DESCRIPTIVE_REPRESENTATION_ITEM('PROI_CREATED_BY','US0T7353');
#5789=GENERAL_PROPERTY('','PROI_CREATED_ON','user defined attribute');
#5790=GENERAL_PROPERTY_ASSOCIATION('user defined attribute','',#5789,#5788);
#5791=DESCRIPTIVE_REPRESENTATION_ITEM('PROI_CREATED_ON','1/26/2009 5:36:15 PM');
#5795=GENERAL_PROPERTY('','PROI_LOCATION','user defined attribute');
#5796=GENERAL_PROPERTY_ASSOCIATION('user defined attribute','',#5795,#5794);
#5797=DESCRIPTIVE_REPRESENTATION_ITEM('PROI_LOCATION',
'Root Folder/EMCS MOD SVCS/GPL-289');
#5801=GENERAL_PROPERTY('','PTC_COMMON_NAME','user defined attribute');
#5802=GENERAL_PROPERTY_ASSOCIATION('user defined attribute','',#5801,#5800);
#5803=DESCRIPTIVE_REPRESENTATION_ITEM('PTC_COMMON_NAME','c-2367197-4.prt');
#5807=GENERAL_PROPERTY('','DWG_SIZE_P','user defined attribute');
#5808=GENERAL_PROPERTY_ASSOCIATION('user defined attribute','',#5807,#5806);
#5809=DESCRIPTIVE_REPRESENTATION_ITEM('DWG_SIZE_P','');
#5813=GENERAL_PROPERTY('','MOD_NUM','user defined attribute');
#5814=GENERAL_PROPERTY_ASSOCIATION('user defined attribute','',#5813,#5812);
#5815=DESCRIPTIVE_REPRESENTATION_ITEM('MOD_NUM','MOD60555');
#5819=GENERAL_PROPERTY('','PTC_ORGANIZATION_ID','user defined attribute');
#5820=GENERAL_PROPERTY_ASSOCIATION('user defined attribute','',#5819,#5818);
#5821=DESCRIPTIVE_REPRESENTATION_ITEM('PTC_ORGANIZATION_ID','TE');
#5825=GENERAL_PROPERTY('','PTC_WM_REVISION','user defined attribute');
#5826=GENERAL_PROPERTY_ASSOCIATION('user defined attribute','',#5825,#5824);
#5827=DESCRIPTIVE_REPRESENTATION_ITEM('PTC_WM_REVISION','A1');
#5831=GENERAL_PROPERTY('','PTC_WM_ITERATION','user defined attribute');
#5832=GENERAL_PROPERTY_ASSOCIATION('user defined attribute','',#5831,#5830);
#5833=DESCRIPTIVE_REPRESENTATION_ITEM('PTC_WM_ITERATION','1');
#5837=GENERAL_PROPERTY('','PTC_WM_VERSION','user defined attribute');
#5838=GENERAL_PROPERTY_ASSOCIATION('user defined attribute','',#5837,#5836);
#5839=DESCRIPTIVE_REPRESENTATION_ITEM('PTC_WM_VERSION','A1.1');
#5843=GENERAL_PROPERTY('','PTC_WM_LIFECYCLE_STATE','user defined attribute');
#5844=GENERAL_PROPERTY_ASSOCIATION('user defined attribute','',#5843,#5842);
#5845=DESCRIPTIVE_REPRESENTATION_ITEM('PTC_WM_LIFECYCLE_STATE','Released');
#5849=GENERAL_PROPERTY('','PTC_WM_LIFECYCLE','user defined attribute');
#5850=GENERAL_PROPERTY_ASSOCIATION('user defined attribute','',#5849,#5848);
#5851=DESCRIPTIVE_REPRESENTATION_ITEM('PTC_WM_LIFECYCLE',
'TE Standard Lifecycle - Restricted Access');
#5855=GENERAL_PROPERTY('','PTC_WM_LOCATION','user defined attribute');
#5856=GENERAL_PROPERTY_ASSOCIATION('user defined attribute','',#5855,#5854);
#5857=DESCRIPTIVE_REPRESENTATION_ITEM('PTC_WM_LOCATION',
'/Libraries/CVM Library/Documentation/GPL-289');
#5861=GENERAL_PROPERTY('','PTC_WM_CREATED_BY','user defined attribute');
#5862=GENERAL_PROPERTY_ASSOCIATION('user defined attribute','',#5861,#5860);
#5863=DESCRIPTIVE_REPRESENTATION_ITEM('PTC_WM_CREATED_BY',
'Locondro, Joseph D.');
#5867=GENERAL_PROPERTY('','PTC_WM_CREATED_ON','user defined attribute');
#5868=GENERAL_PROPERTY_ASSOCIATION('user defined attribute','',#5867,#5866);
#5869=DESCRIPTIVE_REPRESENTATION_ITEM('PTC_WM_CREATED_ON',
'27-Jan-09 04:06:15 AM');
#5873=GENERAL_PROPERTY('','PTC_WM_MODIFIED_BY','user defined attribute');
#5874=GENERAL_PROPERTY_ASSOCIATION('user defined attribute','',#5873,#5872);
#5875=DESCRIPTIVE_REPRESENTATION_ITEM('PTC_WM_MODIFIED_BY','Root, John');
#5879=GENERAL_PROPERTY('','PTC_WM_MODIFIED_ON','user defined attribute');
#5880=GENERAL_PROPERTY_ASSOCIATION('user defined attribute','',#5879,#5878);
#5881=DESCRIPTIVE_REPRESENTATION_ITEM('PTC_WM_MODIFIED_ON',
'28-Jan-09 08:56:09 PM');
#5885=GENERAL_PROPERTY('','PTC_WM_TEAM','user defined attribute');
#5886=GENERAL_PROPERTY_ASSOCIATION('user defined attribute','',#5885,#5884);
#5887=DESCRIPTIVE_REPRESENTATION_ITEM('PTC_WM_TEAM','Default');
#5891=GENERAL_PROPERTY('','DOC_NUMBER','user defined attribute');
#5892=GENERAL_PROPERTY_ASSOCIATION('user defined attribute','',#5891,#5890);
#5893=DESCRIPTIVE_REPRESENTATION_ITEM('DOC_NUMBER','g-1734595.prt');
#5897=GENERAL_PROPERTY('','EXPORT_RESTRICTED','user defined attribute');
#5898=GENERAL_PROPERTY_ASSOCIATION('user defined attribute','',#5897,#5896);
#5899=DESCRIPTIVE_REPRESENTATION_ITEM('EXPORT_RESTRICTED','NULL');
#5903=GENERAL_PROPERTY('','PART_REV','user defined attribute');
#5904=GENERAL_PROPERTY_ASSOCIATION('user defined attribute','',#5903,#5902);
#5905=DESCRIPTIVE_REPRESENTATION_ITEM('PART_REV','3');
#5909=GENERAL_PROPERTY('','COMMENTS','user defined attribute');
#5910=GENERAL_PROPERTY_ASSOCIATION('user defined attribute','',#5909,#5908);
#5911=DESCRIPTIVE_REPRESENTATION_ITEM('COMMENTS','-');
#1=DRAUGHTING_PRE_DEFINED_COLOUR('black');
#2=COLOUR_RGB('',0.E0,0.E0,3.6E-1);
#3=COLOUR_RGB('',0.E0,0.E0,4.8E-1);
#4=DRAUGHTING_PRE_DEFINED_COLOUR('blue');
#5=COLOUR_RGB('',0.E0,5.8824E-2,4.58824E-1);
#6=COLOUR_RGB('',0.E0,1.80392E-1,4.78431E-1);
#7=COLOUR_RGB('',0.E0,3.6E-1,9.E-2);
#8=COLOUR_RGB('',0.E0,3.6E-1,2.7E-1);
#9=COLOUR_RGB('',0.E0,5.6E-1,6.4E-1);
#10=COLOUR_RGB('',0.E0,5.8E-1,8.E-1);
#11=COLOUR_RGB('',0.E0,7.1E-1,6.6E-1);
#12=COLOUR_RGB('',0.E0,7.13E-1,0.E0);
#13=COLOUR_RGB('',0.E0,9.5E-1,8.4E-1);
#14=DRAUGHTING_PRE_DEFINED_COLOUR('green');
#15=DRAUGHTING_PRE_DEFINED_COLOUR('cyan');
#16=COLOUR_RGB('',1.1765E-2,1.9608E-2,3.9216E-2);
#17=COLOUR_RGB('',4.E-2,0.E0,1.6E-1);
#18=COLOUR_RGB('',3.9216E-2,2.19608E-1,1.21569E-1);
#19=COLOUR_RGB('',3.9216E-2,3.60784E-1,2.E-1);
#20=COLOUR_RGB('',5.098E-2,7.0588E-2,1.01961E-1);
#21=COLOUR_RGB('',9.E-2,0.E0,1.2E-1);
#22=COLOUR_RGB('',9.0196E-2,1.60784E-1,1.09804E-1);
#23=COLOUR_RGB('',9.0196E-2,3.80392E-1,6.70588E-1);
#24=COLOUR_RGB('',1.E-1,0.E0,2.5E-1);
#25=COLOUR_RGB('',1.01961E-1,4.78431E-1,3.88235E-1);
#26=COLOUR_RGB('',1.09804E-1,1.4902E-1,9.0196E-2);
#27=COLOUR_RGB('',1.4902E-1,3.09804E-1,5.29412E-1);
#28=COLOUR_RGB('',1.4902E-1,4.E-1,1.60784E-1);
#29=COLOUR_RGB('',1.6E-1,3.2E-2,0.E0);
#30=COLOUR_RGB('',1.60784E-1,4.5098E-1,7.21569E-1);
#31=COLOUR_RGB('',1.6E-1,4.6E-1,6.5E-1);
#32=COLOUR_RGB('',1.6E-1,1.E0,1.6E-1);
#33=COLOUR_RGB('',2.E-1,3.2E-2,0.E0);
#34=COLOUR_RGB('',2.11765E-1,4.11765E-1,1.4902E-1);
#35=COLOUR_RGB('',2.39216E-1,2.39216E-1,2.31373E-1);
#36=COLOUR_RGB('',2.39216E-1,2.70588E-1,1.80392E-1);
#37=COLOUR_RGB('',2.5098E-1,2.90196E-1,3.29412E-1);
#38=COLOUR_RGB('',2.90196E-1,4.31373E-1,2.E-1);
#39=COLOUR_RGB('',3.1E-1,3.1E-1,5.6E-1);
#40=COLOUR_RGB('',3.09804E-1,6.58824E-1,2.E-1);
#41=COLOUR_RGB('',3.2E-1,1.5E-1,0.E0);
#42=COLOUR_RGB('',3.60784E-1,3.1373E-2,1.68627E-1);
#43=COLOUR_RGB('',3.68627E-1,2.E-1,1.21569E-1);
#44=COLOUR_RGB('',3.88235E-1,2.39216E-1,6.11765E-1);
#45=COLOUR_RGB('',4.E-1,4.E-1,4.E-1);
#46=COLOUR_RGB('',4.11765E-1,5.8824E-2,7.8431E-2);
#47=COLOUR_RGB('',4.11765E-1,3.29412E-1,2.19608E-1);
#48=COLOUR_RGB('',4.2E-1,4.2E-1,1.E0);
#49=COLOUR_RGB('',4.4E-1,8.5E-1,1.E0);
#50=COLOUR_RGB('',4.58824E-1,4.5098E-1,3.09804E-1);
#51=COLOUR_RGB('',4.70588E-1,5.09804E-1,5.4902E-1);
#52=COLOUR_RGB('',4.78431E-1,4.90196E-1,4.58824E-1);
#53=COLOUR_RGB('',4.90196E-1,3.60784E-1,2.19608E-1);
#54=COLOUR_RGB('',4.9E-1,4.9E-1,0.E0);
#55=COLOUR_RGB('',4.9E-1,1.E0,0.E0);
#56=COLOUR_RGB('',5.E-1,0.E0,0.E0);
#57=COLOUR_RGB('',5.E-1,0.E0,2.3E-1);
#58=COLOUR_RGB('',5.E-1,5.E-1,5.E-1);
#59=COLOUR_RGB('',5.21569E-1,2.19608E-1,1.68627E-1);
#60=COLOUR_RGB('',5.3E-1,0.E0,0.E0);
#61=COLOUR_RGB('',5.29412E-1,5.80392E-1,6.5098E-1);
#62=COLOUR_RGB('',5.4E-1,0.E0,4.4E-1);
#63=COLOUR_RGB('',5.5E-1,3.E-1,0.E0);
#64=COLOUR_RGB('',5.6E-1,1.E-1,5.E-2);
#65=COLOUR_RGB('',5.60784E-1,5.80392E-1,6.19608E-1);
#66=COLOUR_RGB('',5.68627E-1,5.8824E-2,4.E-1);
#67=COLOUR_RGB('',5.8E-1,2.2E-1,1.E-2);
#68=COLOUR_RGB('',5.88235E-1,1.21569E-1,1.09804E-1);
#69=COLOUR_RGB('',6.E-1,6.E-1,6.E-1);
#70=COLOUR_RGB('',6.11765E-1,5.60784E-1,3.80392E-1);
#71=COLOUR_RGB('',6.11765E-1,6.11765E-1,6.5098E-1);
#72=COLOUR_RGB('',6.2E-1,0.E0,5.5E-1);
#73=COLOUR_RGB('',6.19608E-1,6.39216E-1,6.90196E-1);
#74=COLOUR_RGB('',6.35294E-1,6.86275E-1,7.4902E-1);
#75=COLOUR_RGB('',6.4E-1,0.E0,2.5E-1);
#76=COLOUR_RGB('',6.4E-1,1.E-2,0.E0);
#77=COLOUR_RGB('',6.39216E-1,5.4902E-1,4.78431E-1);
#78=COLOUR_RGB('',6.5098E-1,6.70588E-1,7.09804E-1);
#79=COLOUR_RGB('',6.70588E-1,1.21569E-1,1.09804E-1);
#80=COLOUR_RGB('',6.78431E-1,4.78431E-1,3.09804E-1);
#81=COLOUR_RGB('',6.8E-1,7.5E-1,1.E0);
#82=COLOUR_RGB('',7.09804E-1,7.0588E-2,2.E-1);
#83=COLOUR_RGB('',7.1E-1,3.1E-1,0.E0);
#84=COLOUR_RGB('',7.2E-1,7.2E-1,7.2E-1);
#85=COLOUR_RGB('',7.29412E-1,7.41176E-1,7.29412E-1);
#86=COLOUR_RGB('',7.41176E-1,7.29412E-1,6.70588E-1);
#87=COLOUR_RGB('',7.4E-1,1.E0,2.6E-1);
#88=COLOUR_RGB('',7.5E-1,3.E-2,0.E0);
#89=COLOUR_RGB('',7.4902E-1,8.90196E-1,7.29412E-1);
#90=COLOUR_RGB('',7.6E-1,0.E0,4.7E-1);
#91=COLOUR_RGB('',7.80392E-1,9.0196E-2,7.0588E-2);
#92=COLOUR_RGB('',7.88235E-1,2.19608E-1,5.4902E-1);
#93=COLOUR_RGB('',8.1E-1,4.E-2,0.E0);
#94=COLOUR_RGB('',8.1E-1,6.1E-1,0.E0);
#95=COLOUR_RGB('',8.2E-1,4.E-2,6.6E-1);
#96=COLOUR_RGB('',8.31373E-1,8.5098E-1,8.58824E-1);
#97=COLOUR_RGB('',8.5098E-1,7.29412E-1,5.4902E-1);
#98=COLOUR_RGB('',8.5E-1,8.5E-1,8.5E-1);
#99=COLOUR_RGB('',8.78431E-1,3.68627E-1,1.21569E-1);
#100=COLOUR_RGB('',8.784E-1,9.49E-1,1.E0);
#101=COLOUR_RGB('',8.90196E-1,5.88235E-1,1.41176E-1);
#102=COLOUR_RGB('',9.E-1,1.E0,0.E0);
#103=COLOUR_RGB('',9.09804E-1,6.11765E-1,7.09804E-1);
#104=COLOUR_RGB('',9.37E-1,7.85E-1,0.E0);
#105=COLOUR_RGB('',9.41176E-1,9.29412E-1,9.01961E-1);
#106=COLOUR_RGB('',9.5E-1,2.2E-1,8.1E-1);
#107=COLOUR_RGB('',9.6E-1,3.7E-1,3.E-1);
#108=COLOUR_RGB('',9.6E-1,7.1E-1,3.75E-1);
#109=COLOUR_RGB('',9.80392E-1,1.E0,1.E0);
#110=COLOUR_RGB('',9.88235E-1,1.09804E-1,7.8431E-2);
#111=COLOUR_RGB('',9.88235E-1,7.21569E-1,1.29412E-1);
#112=COLOUR_RGB('',9.88235E-1,9.21569E-1,8.E-1);
#113=DRAUGHTING_PRE_DEFINED_COLOUR('red');
#114=COLOUR_RGB('',1.E0,0.E0,6.1E-1);
#115=COLOUR_RGB('',1.E0,4.E-2,0.E0);
#116=COLOUR_RGB('',1.E0,2.3E-1,0.E0);
#117=COLOUR_RGB('',1.E0,3.5E-1,5.2E-1);
#118=COLOUR_RGB('',1.E0,3.6E-1,0.E0);
#119=COLOUR_RGB('',1.E0,3.88235E-1,2.11765E-1);
#120=COLOUR_RGB('',1.E0,4.9E-1,3.7E-1);
#121=COLOUR_RGB('',1.E0,5.E-1,0.E0);
#122=COLOUR_RGB('',1.E0,5.6E-1,7.8E-1);
#123=COLOUR_RGB('',1.E0,6.4E-1,4.9E-1);
#124=COLOUR_RGB('',1.E0,6.7E-1,0.E0);
#125=COLOUR_RGB('',1.E0,7.6E-1,6.5E-1);
#126=COLOUR_RGB('',1.E0,8.39216E-1,3.01961E-1);
#127=COLOUR_RGB('',1.E0,8.6E-1,4.E-2);
#128=COLOUR_RGB('',1.E0,9.60784E-1,2.58824E-1);
#129=COLOUR_RGB('',1.E0,9.60784E-1,8.90196E-1);
#130=COLOUR_RGB('',1.E0,9.8E-1,7.2E-1);
#131=DRAUGHTING_PRE_DEFINED_COLOUR('yellow');
#132=COLOUR_RGB('',1.E0,1.E0,3.9216E-2);
#133=DRAUGHTING_PRE_DEFINED_COLOUR('white');
#298=CIRCLE('',#297,1.500001181870E-1);
#307=CIRCLE('',#306,1.5E-1);
#316=CIRCLE('',#315,1.000476885635E-1);
#325=CIRCLE('',#324,1.5E-1);
#334=CIRCLE('',#333,1.5E-1);
#343=CIRCLE('',#342,1.497341223456E-1);
#472=CIRCLE('',#471,1.497341223456E-1);
#493=CIRCLE('',#492,1.5E-1);
#502=CIRCLE('',#501,1.5E-1);
#511=CIRCLE('',#510,1.000476885635E-1);
#520=CIRCLE('',#519,1.5E-1);
#529=CIRCLE('',#528,1.500001181870E-1);
#794=CIRCLE('',#793,1.5E-1);
#803=CIRCLE('',#802,1.5E-1);
#812=CIRCLE('',#811,1.5E-1);
#825=CIRCLE('',#824,1.5E-1);
#850=CIRCLE('',#849,1.5E-1);
#859=CIRCLE('',#858,1.5E-1);
#868=CIRCLE('',#867,1.5E-1);
#877=CIRCLE('',#876,1.5E-1);
#886=CIRCLE('',#885,1.5E-1);
#895=CIRCLE('',#894,1.5E-1);
#1056=CIRCLE('',#1055,1.5E-1);
#1061=CIRCLE('',#1060,1.5E-1);
#1070=CIRCLE('',#1069,1.5E-1);
#1079=CIRCLE('',#1078,1.5E-1);
#1188=CIRCLE('',#1187,1.5E-1);
#1197=CIRCLE('',#1196,1.5E-1);
#1206=CIRCLE('',#1205,1.5E-1);
#1215=CIRCLE('',#1214,1.5E-1);
#1252=CIRCLE('',#1251,1.5E-1);
#1261=CIRCLE('',#1260,1.5E-1);
#1270=CIRCLE('',#1269,1.5E-1);
#1279=CIRCLE('',#1278,1.5E-1);
#1288=CIRCLE('',#1287,1.5E-1);
#1297=CIRCLE('',#1296,1.5E-1);
#1342=CIRCLE('',#1341,1.5E-1);
#1351=CIRCLE('',#1350,1.5E-1);
#1360=CIRCLE('',#1359,1.5E-1);
#1369=CIRCLE('',#1368,1.5E-1);
#1526=CIRCLE('',#1525,1.5E-1);
#1535=CIRCLE('',#1534,1.5E-1);
#1544=CIRCLE('',#1543,1.000476885635E-1);
#1553=CIRCLE('',#1552,1.5E-1);
#1562=CIRCLE('',#1561,1.500001181870E-1);
#1579=CIRCLE('',#1578,1.497341223456E-1);
#1688=CIRCLE('',#1687,1.497341223456E-1);
#1705=CIRCLE('',#1704,1.500001181870E-1);
#1714=CIRCLE('',#1713,1.5E-1);
#1723=CIRCLE('',#1722,1.000476885635E-1);
#1732=CIRCLE('',#1731,1.5E-1);
#1741=CIRCLE('',#1740,1.5E-1);
#1754=CIRCLE('',#1753,1.497341223456E-1);
#1775=CIRCLE('',#1774,1.5E-1);
#1784=CIRCLE('',#1783,1.5E-1);
#1793=CIRCLE('',#1792,1.000476885635E-1);
#1802=CIRCLE('',#1801,1.5E-1);
#1811=CIRCLE('',#1810,1.500001181870E-1);
#1860=CIRCLE('',#1859,1.497341223456E-1);
#1877=CIRCLE('',#1876,1.500001181870E-1);
#1886=CIRCLE('',#1885,1.5E-1);
#1895=CIRCLE('',#1894,1.000476885635E-1);
#1904=CIRCLE('',#1903,1.5E-1);
#1913=CIRCLE('',#1912,1.5E-1);
#1926=CIRCLE('',#1925,1.497341223456E-1);
#1947=CIRCLE('',#1946,1.5E-1);
#1956=CIRCLE('',#1955,1.5E-1);
#1965=CIRCLE('',#1964,1.000476885635E-1);
#1974=CIRCLE('',#1973,1.5E-1);
#1983=CIRCLE('',#1982,1.500001181870E-1);
#2032=CIRCLE('',#2031,1.497341223456E-1);
#2049=CIRCLE('',#2048,1.500001181870E-1);
#2058=CIRCLE('',#2057,1.5E-1);
#2067=CIRCLE('',#2066,1.000476885635E-1);
#2076=CIRCLE('',#2075,1.5E-1);
#2085=CIRCLE('',#2084,1.5E-1);
#2823=EDGE_CURVE('',#2606,#2258,#137,.T.);
#2825=EDGE_CURVE('',#2251,#2258,#141,.T.);
#2827=EDGE_CURVE('',#2250,#2251,#145,.T.);
#2829=EDGE_CURVE('',#2262,#2250,#149,.T.);
#2831=EDGE_CURVE('',#2262,#2208,#153,.T.);
#2833=EDGE_CURVE('',#2208,#2209,#157,.T.);
#2835=EDGE_CURVE('',#2211,#2209,#161,.T.);
#2837=EDGE_CURVE('',#2211,#2172,#165,.T.);
#2839=EDGE_CURVE('',#2172,#2173,#169,.T.);
#2841=EDGE_CURVE('',#2173,#2609,#173,.T.);
#2843=EDGE_CURVE('',#2609,#2607,#177,.T.);
#2845=EDGE_CURVE('',#2606,#2607,#181,.T.);
#2849=EDGE_CURVE('',#2271,#2266,#185,.T.);
#2851=EDGE_CURVE('',#2247,#2271,#189,.T.);
#2853=EDGE_CURVE('',#2246,#2247,#193,.T.);
#2855=EDGE_CURVE('',#2246,#2266,#197,.T.);
#2859=ADVANCED_FACE('',(#2848,#2858),#2822,.F.);
#2865=EDGE_CURVE('',#2354,#2359,#201,.T.);
#2867=EDGE_CURVE('',#2259,#2359,#205,.T.);
#2869=EDGE_CURVE('',#2258,#2259,#209,.T.);
#2872=EDGE_CURVE('',#2606,#2595,#213,.T.);
#2874=EDGE_CURVE('',#2593,#2595,#217,.T.);
#2876=EDGE_CURVE('',#2593,#2547,#221,.T.);
#2878=EDGE_CURVE('',#2619,#2547,#225,.T.);
#2880=EDGE_CURVE('',#2619,#2369,#229,.T.);
#2882=EDGE_CURVE('',#2369,#2354,#419,.T.);
#2886=ADVANCED_FACE('',(#2885),#2864,.T.);
#2892=EDGE_CURVE('',#2440,#2445,#233,.T.);
#2894=EDGE_CURVE('',#2357,#2445,#237,.T.);
#2896=EDGE_CURVE('',#2350,#2357,#241,.T.);
#2898=EDGE_CURVE('',#2350,#2440,#403,.T.);
#2902=ADVANCED_FACE('',(#2901),#2891,.T.);
#2908=EDGE_CURVE('',#2456,#2461,#245,.T.);
#2910=EDGE_CURVE('',#2443,#2461,#249,.T.);
#2912=EDGE_CURVE('',#2436,#2443,#253,.T.);
#2914=EDGE_CURVE('',#2436,#2456,#387,.T.);
#2918=ADVANCED_FACE('',(#2917),#2907,.T.);
#2924=EDGE_CURVE('',#2468,#2475,#257,.T.);
#2926=EDGE_CURVE('',#2468,#2235,#467,.T.);
#2928=EDGE_CURVE('',#2220,#2235,#1155,.T.);
#2930=EDGE_CURVE('',#2220,#2221,#261,.T.);
#2932=EDGE_CURVE('',#2526,#2221,#265,.T.);
#2934=EDGE_CURVE('',#2526,#2527,#269,.T.);
#2936=EDGE_CURVE('',#2208,#2527,#273,.T.);
#2939=EDGE_CURVE('',#2262,#2263,#277,.T.);
#2941=EDGE_CURVE('',#2475,#2263,#281,.T.);
#2945=ADVANCED_FACE('',(#2944),#2923,.T.);
#2951=EDGE_CURVE('',#2472,#2477,#285,.T.);
#2953=EDGE_CURVE('',#2459,#2477,#289,.T.);
#2955=EDGE_CURVE('',#2452,#2459,#293,.T.);
#2957=EDGE_CURVE('',#2452,#2472,#371,.T.);
#2961=ADVANCED_FACE('',(#2960),#2950,.T.);
#2967=EDGE_CURVE('',#2354,#2355,#415,.T.);
#2969=EDGE_CURVE('',#2709,#2355,#298,.T.);
#2971=EDGE_CURVE('',#2707,#2709,#302,.T.);
#2973=EDGE_CURVE('',#2705,#2707,#307,.T.);
#2975=EDGE_CURVE('',#2703,#2705,#311,.T.);
#2977=EDGE_CURVE('',#2701,#2703,#316,.T.);
#2979=EDGE_CURVE('',#2699,#2701,#320,.T.);
#2981=EDGE_CURVE('',#2697,#2699,#325,.T.);
#2983=EDGE_CURVE('',#2695,#2697,#329,.T.);
#2985=EDGE_CURVE('',#2694,#2695,#334,.T.);
#2987=EDGE_CURVE('',#2373,#2694,#338,.T.);
#2989=EDGE_CURVE('',#2359,#2373,#1599,.T.);
#2994=ADVANCED_FACE('',(#2993),#2966,.T.);
#3000=EDGE_CURVE('',#2366,#2367,#569,.T.);
#3002=EDGE_CURVE('',#2347,#2367,#343,.T.);
#3004=EDGE_CURVE('',#2345,#2347,#347,.T.);
#3006=EDGE_CURVE('',#2344,#2345,#351,.T.);
#3008=EDGE_CURVE('',#2366,#2344,#355,.T.);
#3012=ADVANCED_FACE('',(#3011),#2999,.T.);
#3018=EDGE_CURVE('',#2468,#2469,#359,.T.);
#3020=EDGE_CURVE('',#2469,#2473,#363,.T.);
#3022=EDGE_CURVE('',#2472,#2473,#367,.T.);
#3025=EDGE_CURVE('',#2452,#2453,#375,.T.);
#3027=EDGE_CURVE('',#2453,#2457,#379,.T.);
#3029=EDGE_CURVE('',#2456,#2457,#383,.T.);
#3032=EDGE_CURVE('',#2436,#2437,#391,.T.);
#3034=EDGE_CURVE('',#2437,#2441,#395,.T.);
#3036=EDGE_CURVE('',#2440,#2441,#399,.T.);
#3039=EDGE_CURVE('',#2350,#2351,#407,.T.);
#3041=EDGE_CURVE('',#2351,#2355,#411,.T.);
#3045=EDGE_CURVE('',#2613,#2369,#423,.T.);
#3047=EDGE_CURVE('',#2613,#2542,#427,.T.);
#3049=EDGE_CURVE('',#2542,#2611,#431,.T.);
#3051=EDGE_CURVE('',#2330,#2611,#435,.T.);
#3053=EDGE_CURVE('',#2330,#2331,#439,.T.);
#3055=EDGE_CURVE('',#2331,#2333,#443,.T.);
#3057=EDGE_CURVE('',#2335,#2333,#447,.T.);
#3059=EDGE_CURVE('',#2215,#2335,#451,.T.);
#3061=EDGE_CURVE('',#2214,#2215,#455,.T.);
#3063=EDGE_CURVE('',#2217,#2214,#459,.T.);
#3065=EDGE_CURVE('',#2235,#2217,#463,.T.);
#3070=ADVANCED_FACE('',(#3069),#3017,.T.);
#3076=EDGE_CURVE('',#2419,#2427,#472,.T.);
#3078=EDGE_CURVE('',#2429,#2427,#609,.T.);
#3080=EDGE_CURVE('',#2429,#2416,#476,.T.);
#3082=EDGE_CURVE('',#2416,#2417,#480,.T.);
#3084=EDGE_CURVE('',#2417,#2419,#484,.T.);
#3088=ADVANCED_FACE('',(#3087),#3075,.F.);
#3096=EDGE_CURVE('',#2475,#2479,#1583,.T.);
#3098=EDGE_CURVE('',#2479,#2784,#488,.T.);
#3100=EDGE_CURVE('',#2784,#2785,#493,.T.);
#3102=EDGE_CURVE('',#2785,#2787,#497,.T.);
#3104=EDGE_CURVE('',#2787,#2789,#502,.T.);
#3106=EDGE_CURVE('',#2789,#2791,#506,.T.);
#3108=EDGE_CURVE('',#2791,#2793,#511,.T.);
#3110=EDGE_CURVE('',#2793,#2795,#515,.T.);
#3112=EDGE_CURVE('',#2795,#2797,#520,.T.);
#3114=EDGE_CURVE('',#2797,#2799,#524,.T.);
#3116=EDGE_CURVE('',#2799,#2469,#529,.T.);
#3120=ADVANCED_FACE('',(#3119),#3093,.F.);
#3127=EDGE_CURVE('',#2419,#2425,#533,.T.);
#3129=EDGE_CURVE('',#2425,#2431,#2032,.T.);
#3131=EDGE_CURVE('',#2427,#2431,#613,.T.);
#3135=ADVANCED_FACE('',(#3134),#3125,.F.);
#3142=EDGE_CURVE('',#2417,#2423,#537,.T.);
#3144=EDGE_CURVE('',#2423,#2425,#2036,.T.);
#3149=ADVANCED_FACE('',(#3148),#3140,.T.);
#3156=EDGE_CURVE('',#2416,#2422,#541,.T.);
#3158=EDGE_CURVE('',#2422,#2423,#2040,.T.);
#3163=ADVANCED_FACE('',(#3162),#3154,.T.);
#3170=EDGE_CURVE('',#2429,#2433,#621,.T.);
#3172=EDGE_CURVE('',#2433,#2422,#2044,.T.);
#3177=ADVANCED_FACE('',(#3176),#3168,.T.);
#3183=EDGE_CURVE('',#2176,#2177,#545,.T.);
#3185=EDGE_CURVE('',#2181,#2176,#549,.T.);
#3187=EDGE_CURVE('',#2179,#2181,#553,.T.);
#3189=EDGE_CURVE('',#2177,#2179,#557,.T.);
#3193=EDGE_CURVE('',#2362,#2363,#561,.T.);
#3195=EDGE_CURVE('',#2363,#2367,#565,.T.);
#3198=EDGE_CURVE('',#2362,#2366,#573,.T.);
#3202=EDGE_CURVE('',#2389,#2387,#577,.T.);
#3204=EDGE_CURVE('',#2387,#2391,#581,.T.);
#3206=EDGE_CURVE('',#2393,#2391,#585,.T.);
#3208=EDGE_CURVE('',#2389,#2393,#589,.T.);
#3212=EDGE_CURVE('',#2409,#2407,#593,.T.);
#3214=EDGE_CURVE('',#2407,#2411,#597,.T.);
#3216=EDGE_CURVE('',#2413,#2411,#601,.T.);
#3218=EDGE_CURVE('',#2409,#2413,#605,.T.);
#3224=EDGE_CURVE('',#2433,#2431,#617,.T.);
#3229=ADVANCED_FACE('',(#3192,#3201,#3211,#3221,#3228),#3182,.T.);
#3235=EDGE_CURVE('',#2274,#2279,#625,.T.);
#3237=EDGE_CURVE('',#2279,#2176,#629,.T.);
#3240=EDGE_CURVE('',#2299,#2177,#1517,.T.);
#3242=EDGE_CURVE('',#2299,#2303,#633,.T.);
#3244=EDGE_CURVE('',#2303,#2200,#637,.T.);
#3246=EDGE_CURVE('',#2200,#2201,#641,.T.);
#3248=EDGE_CURVE('',#2274,#2201,#645,.T.);
#3252=ADVANCED_FACE('',(#3251),#3234,.F.);
#3258=EDGE_CURVE('',#2274,#2275,#653,.T.);
#3260=EDGE_CURVE('',#2275,#2277,#717,.T.);
#3262=EDGE_CURVE('',#2279,#2277,#649,.T.);
#3267=ADVANCED_FACE('',(#3266),#3257,.T.);
#3275=EDGE_CURVE('',#2201,#2184,#665,.T.);
#3277=EDGE_CURVE('',#2192,#2184,#1453,.T.);
#3279=EDGE_CURVE('',#2275,#2192,#721,.T.);
#3283=ADVANCED_FACE('',(#3282),#3272,.F.);
#3290=EDGE_CURVE('',#2185,#2200,#657,.T.);
#3292=EDGE_CURVE('',#2184,#2185,#661,.T.);
#3297=ADVANCED_FACE('',(#3296),#3288,.T.);
#3303=EDGE_CURVE('',#2204,#2205,#1473,.T.);
#3305=EDGE_CURVE('',#2189,#2205,#669,.T.);
#3307=EDGE_CURVE('',#2188,#2189,#673,.T.);
#3309=EDGE_CURVE('',#2204,#2188,#677,.T.);
#3313=ADVANCED_FACE('',(#3312),#3302,.T.);
#3319=EDGE_CURVE('',#2302,#2303,#681,.T.);
#3321=EDGE_CURVE('',#2193,#2302,#729,.T.);
#3323=EDGE_CURVE('',#2193,#2185,#685,.T.);
#3329=ADVANCED_FACE('',(#3328),#3318,.F.);
#3337=EDGE_CURVE('',#2299,#2297,#689,.T.);
#3339=EDGE_CURVE('',#2297,#2302,#733,.T.);
#3343=ADVANCED_FACE('',(#3342),#3334,.T.);
#3349=EDGE_CURVE('',#2293,#2297,#737,.T.);
#3352=EDGE_CURVE('',#2295,#2299,#1513,.T.);
#3354=EDGE_CURVE('',#2295,#2293,#1457,.T.);
#3358=ADVANCED_FACE('',(#3357),#3348,.T.);
#3365=EDGE_CURVE('',#2335,#2322,#693,.T.);
#3367=EDGE_CURVE('',#2322,#2323,#777,.T.);
#3369=EDGE_CURVE('',#2330,#2323,#773,.T.);
#3372=EDGE_CURVE('',#2623,#2611,#697,.T.);
#3374=EDGE_CURVE('',#2616,#2623,#701,.T.);
#3376=EDGE_CURVE('',#2173,#2616,#947,.T.);
#3379=EDGE_CURVE('',#2172,#2226,#705,.T.);
#3381=EDGE_CURVE('',#2226,#2233,#709,.T.);
#3383=EDGE_CURVE('',#2233,#2215,#713,.T.);
#3389=EDGE_CURVE('',#2192,#2193,#725,.T.);
#3394=EDGE_CURVE('',#2291,#2293,#741,.T.);
#3396=EDGE_CURVE('',#2291,#2196,#745,.T.);
#3398=EDGE_CURVE('',#2196,#2197,#749,.T.);
#3400=EDGE_CURVE('',#2197,#2286,#753,.T.);
#3402=EDGE_CURVE('',#2283,#2286,#757,.T.);
#3404=EDGE_CURVE('',#2277,#2283,#761,.T.);
#3408=ADVANCED_FACE('',(#3386,#3407),#3363,.T.);
#3415=EDGE_CURVE('',#2333,#2327,#765,.T.);
#3417=EDGE_CURVE('',#2327,#2322,#781,.T.);
#3422=ADVANCED_FACE('',(#3421),#3413,.T.);
#3429=EDGE_CURVE('',#2331,#2325,#769,.T.);
#3431=EDGE_CURVE('',#2325,#2327,#785,.T.);
#3436=ADVANCED_FACE('',(#3435),#3427,.T.);
#3444=EDGE_CURVE('',#2323,#2325,#789,.T.);
#3449=ADVANCED_FACE('',(#3448),#3441,.T.);
#3461=ADVANCED_FACE('',(#3460),#3454,.T.);
#3467=EDGE_CURVE('',#2597,#2625,#794,.T.);
#3469=EDGE_CURVE('',#2603,#2597,#798,.T.);
#3471=EDGE_CURVE('',#2595,#2603,#803,.T.);
#3475=EDGE_CURVE('',#2607,#2625,#807,.T.);
#3479=ADVANCED_FACE('',(#3478),#3466,.F.);
#3485=EDGE_CURVE('',#2627,#2599,#812,.T.);
#3487=EDGE_CURVE('',#2627,#2546,#816,.T.);
#3489=EDGE_CURVE('',#2546,#2547,#820,.T.);
#3492=EDGE_CURVE('',#2601,#2593,#825,.T.);
#3494=EDGE_CURVE('',#2599,#2601,#829,.T.);
#3498=ADVANCED_FACE('',(#3497),#3484,.F.);
#3504=EDGE_CURVE('',#2543,#2664,#833,.T.);
#3506=EDGE_CURVE('',#2660,#2664,#999,.T.);
#3508=EDGE_CURVE('',#2555,#2660,#995,.T.);
#3510=EDGE_CURVE('',#2555,#2623,#837,.T.);
#3514=EDGE_CURVE('',#2542,#2543,#841,.T.);
#3518=ADVANCED_FACE('',(#3517),#3503,.F.);
#3524=EDGE_CURVE('',#2587,#2589,#895,.T.);
#3526=EDGE_CURVE('',#2597,#2587,#845,.T.);
#3529=EDGE_CURVE('',#2589,#2625,#1119,.T.);
#3533=ADVANCED_FACE('',(#3532),#3523,.T.);
#3539=EDGE_CURVE('',#2629,#2653,#903,.T.);
#3541=EDGE_CURVE('',#2657,#2653,#911,.T.);
#3543=EDGE_CURVE('',#2657,#2591,#1043,.T.);
#3545=EDGE_CURVE('',#2591,#2570,#850,.T.);
#3547=EDGE_CURVE('',#2570,#2571,#854,.T.);
#3549=EDGE_CURVE('',#2571,#2573,#859,.T.);
#3551=EDGE_CURVE('',#2573,#2575,#863,.T.);
#3553=EDGE_CURVE('',#2575,#2577,#868,.T.);
#3555=EDGE_CURVE('',#2577,#2579,#872,.T.);
#3557=EDGE_CURVE('',#2579,#2581,#877,.T.);
#3559=EDGE_CURVE('',#2581,#2583,#881,.T.);
#3561=EDGE_CURVE('',#2583,#2585,#886,.T.);
#3563=EDGE_CURVE('',#2585,#2587,#890,.T.);
#3566=EDGE_CURVE('',#2629,#2589,#1115,.T.);
#3570=ADVANCED_FACE('',(#3569),#3538,.F.);
#3576=EDGE_CURVE('',#2652,#2653,#899,.T.);
#3579=EDGE_CURVE('',#2621,#2629,#907,.T.);
#3581=EDGE_CURVE('',#2621,#2652,#939,.T.);
#3585=ADVANCED_FACE('',(#3584),#3575,.T.);
#3592=EDGE_CURVE('',#2652,#2655,#935,.T.);
#3594=EDGE_CURVE('',#2655,#2657,#1035,.T.);
#3599=ADVANCED_FACE('',(#3598),#3590,.T.);
#3605=EDGE_CURVE('',#2646,#2647,#915,.T.);
#3607=EDGE_CURVE('',#2549,#2646,#919,.T.);
#3609=EDGE_CURVE('',#2613,#2549,#923,.T.);
#3613=EDGE_CURVE('',#2619,#2551,#927,.T.);
#3615=EDGE_CURVE('',#2655,#2551,#931,.T.);
#3619=EDGE_CURVE('',#2609,#2621,#943,.T.);
#3623=EDGE_CURVE('',#2616,#2617,#951,.T.);
#3625=EDGE_CURVE('',#2647,#2617,#955,.T.);
#3629=ADVANCED_FACE('',(#3628),#3604,.T.);
#3636=EDGE_CURVE('',#2647,#2642,#963,.T.);
#3638=EDGE_CURVE('',#2642,#2638,#967,.T.);
#3640=EDGE_CURVE('',#2638,#2649,#975,.T.);
#3642=EDGE_CURVE('',#2646,#2649,#1007,.T.);
#3646=ADVANCED_FACE('',(#3645),#3634,.T.);
#3652=EDGE_CURVE('',#2642,#2643,#959,.T.);
#3656=EDGE_CURVE('',#2617,#2643,#1027,.T.);
#3660=ADVANCED_FACE('',(#3659),#3651,.T.);
#3666=EDGE_CURVE('',#2638,#2639,#979,.T.);
#3670=EDGE_CURVE('',#2643,#2639,#971,.T.);
#3674=ADVANCED_FACE('',(#3673),#3665,.T.);
#3680=EDGE_CURVE('',#2661,#2554,#987,.T.);
#3682=EDGE_CURVE('',#2665,#2661,#1003,.T.);
#3684=EDGE_CURVE('',#2649,#2665,#1011,.T.);
#3688=EDGE_CURVE('',#2639,#2554,#1023,.T.);
#3692=ADVANCED_FACE('',(#3691),#3679,.T.);
#3698=EDGE_CURVE('',#2660,#2661,#983,.T.);
#3701=EDGE_CURVE('',#2554,#2555,#991,.T.);
#3706=ADVANCED_FACE('',(#3705),#3697,.F.);
#3714=EDGE_CURVE('',#2664,#2665,#1015,.T.);
#3719=ADVANCED_FACE('',(#3718),#3711,.T.);
#3729=EDGE_CURVE('',#2549,#2543,#1019,.T.);
#3734=ADVANCED_FACE('',(#3733),#3724,.T.);
#3746=ADVANCED_FACE('',(#3745),#3739,.T.);
#3761=ADVANCED_FACE('',(#3760),#3751,.T.);
#3768=EDGE_CURVE('',#2551,#2546,#1031,.T.);
#3774=ADVANCED_FACE('',(#3773),#3766,.T.);
#3784=EDGE_CURVE('',#2591,#2627,#1039,.T.);
#3789=ADVANCED_FACE('',(#3788),#3779,.T.);
#3798=EDGE_CURVE('',#2599,#2570,#1047,.T.);
#3802=ADVANCED_FACE('',(#3801),#3794,.T.);
#3810=EDGE_CURVE('',#2601,#2571,#1051,.T.);
#3815=ADVANCED_FACE('',(#3814),#3807,.F.);
#3821=EDGE_CURVE('',#2593,#2558,#1056,.T.);
#3823=EDGE_CURVE('',#2558,#2573,#1111,.T.);
#3830=ADVANCED_FACE('',(#3829),#3820,.T.);
#3838=EDGE_CURVE('',#2567,#2595,#1061,.T.);
#3840=EDGE_CURVE('',#2565,#2567,#1065,.T.);
#3842=EDGE_CURVE('',#2563,#2565,#1070,.T.);
#3844=EDGE_CURVE('',#2561,#2563,#1074,.T.);
#3846=EDGE_CURVE('',#2559,#2561,#1079,.T.);
#3848=EDGE_CURVE('',#2558,#2559,#1083,.T.);
#3852=ADVANCED_FACE('',(#3851),#3835,.T.);
#3860=EDGE_CURVE('',#2603,#2585,#1091,.T.);
#3863=EDGE_CURVE('',#2567,#2583,#1087,.T.);
#3867=ADVANCED_FACE('',(#3866),#3857,.T.);
#3879=ADVANCED_FACE('',(#3878),#3872,.F.);
#3888=EDGE_CURVE('',#2565,#2581,#1095,.T.);
#3892=ADVANCED_FACE('',(#3891),#3884,.F.);
#3901=EDGE_CURVE('',#2563,#2579,#1099,.T.);
#3905=ADVANCED_FACE('',(#3904),#3897,.T.);
#3914=EDGE_CURVE('',#2561,#2577,#1103,.T.);
#3918=ADVANCED_FACE('',(#3917),#3910,.F.);
#3927=EDGE_CURVE('',#2559,#2575,#1107,.T.);
#3931=ADVANCED_FACE('',(#3930),#3923,.F.);
#3943=ADVANCED_FACE('',(#3942),#3936,.F.);
#3957=ADVANCED_FACE('',(#3956),#3948,.T.);
#3963=EDGE_CURVE('',#2306,#2307,#1123,.T.);
#3965=EDGE_CURVE('',#2306,#2227,#1127,.T.);
#3967=EDGE_CURVE('',#2226,#2227,#1131,.T.);
#3971=EDGE_CURVE('',#2211,#2231,#1135,.T.);
#3973=EDGE_CURVE('',#2231,#2315,#1139,.T.);
#3975=EDGE_CURVE('',#2314,#2315,#1143,.T.);
#3977=EDGE_CURVE('',#2314,#2229,#1147,.T.);
#3979=EDGE_CURVE('',#2220,#2229,#1151,.T.);
#3983=EDGE_CURVE('',#2217,#2223,#1159,.T.);
#3985=EDGE_CURVE('',#2223,#2307,#1163,.T.);
#3989=ADVANCED_FACE('',(#3988),#3962,.T.);
#3996=EDGE_CURVE('',#2309,#2307,#1171,.T.);
#3998=EDGE_CURVE('',#2309,#2635,#1425,.T.);
#4000=EDGE_CURVE('',#2635,#2311,#1167,.T.);
#4002=EDGE_CURVE('',#2311,#2306,#1441,.T.);
#4006=ADVANCED_FACE('',(#4005),#3994,.T.);
#4014=EDGE_CURVE('',#2223,#2237,#1175,.T.);
#4016=EDGE_CURVE('',#2237,#2673,#1227,.T.);
#4018=EDGE_CURVE('',#2672,#2673,#1179,.T.);
#4020=EDGE_CURVE('',#2672,#2309,#1183,.T.);
#4024=ADVANCED_FACE('',(#4023),#4011,.F.);
#4031=EDGE_CURVE('',#2214,#2237,#1231,.T.);
#4037=ADVANCED_FACE('',(#4036),#4029,.F.);
#4043=EDGE_CURVE('',#2529,#2523,#1188,.T.);
#4045=EDGE_CURVE('',#2209,#2523,#1192,.T.);
#4049=EDGE_CURVE('',#2527,#2535,#1197,.T.);
#4051=EDGE_CURVE('',#2535,#2529,#1201,.T.);
#4055=ADVANCED_FACE('',(#4054),#4042,.T.);
#4061=EDGE_CURVE('',#2516,#2531,#1206,.T.);
#4063=EDGE_CURVE('',#2531,#2533,#1210,.T.);
#4065=EDGE_CURVE('',#2533,#2526,#1215,.T.);
#4068=EDGE_CURVE('',#2239,#2221,#1219,.T.);
#4070=EDGE_CURVE('',#2516,#2239,#1223,.T.);
#4074=ADVANCED_FACE('',(#4073),#4060,.T.);
#4080=EDGE_CURVE('',#2539,#2669,#1405,.T.);
#4082=EDGE_CURVE('',#2673,#2669,#1421,.T.);
#4088=EDGE_CURVE('',#2233,#2539,#1235,.T.);
#4092=ADVANCED_FACE('',(#4091),#4079,.T.);
#4098=EDGE_CURVE('',#2523,#2521,#1247,.T.);
#4101=EDGE_CURVE('',#2529,#2513,#1239,.T.);
#4103=EDGE_CURVE('',#2513,#2521,#1252,.T.);
#4107=ADVANCED_FACE('',(#4106),#4097,.T.);
#4113=EDGE_CURVE('',#2520,#2521,#1243,.T.);
#4115=EDGE_CURVE('',#2231,#2520,#1321,.T.);
#4123=ADVANCED_FACE('',(#4122),#4112,.F.);
#4129=EDGE_CURVE('',#2319,#2517,#1305,.T.);
#4131=EDGE_CURVE('',#2317,#2319,#1313,.T.);
#4133=EDGE_CURVE('',#2520,#2317,#1325,.T.);
#4137=EDGE_CURVE('',#2511,#2513,#1256,.T.);
#4139=EDGE_CURVE('',#2509,#2511,#1261,.T.);
#4141=EDGE_CURVE('',#2507,#2509,#1265,.T.);
#4143=EDGE_CURVE('',#2505,#2507,#1270,.T.);
#4145=EDGE_CURVE('',#2503,#2505,#1274,.T.);
#4147=EDGE_CURVE('',#2501,#2503,#1279,.T.);
#4149=EDGE_CURVE('',#2499,#2501,#1283,.T.);
#4151=EDGE_CURVE('',#2497,#2499,#1288,.T.);
#4153=EDGE_CURVE('',#2496,#2497,#1292,.T.);
#4155=EDGE_CURVE('',#2517,#2496,#1297,.T.);
#4159=ADVANCED_FACE('',(#4158),#4128,.T.);
#4165=EDGE_CURVE('',#2319,#2314,#1301,.T.);
#4168=EDGE_CURVE('',#2516,#2517,#1309,.T.);
#4171=EDGE_CURVE('',#2229,#2239,#1397,.T.);
#4176=ADVANCED_FACE('',(#4175),#4164,.F.);
#4183=EDGE_CURVE('',#2317,#2315,#1317,.T.);
#4189=ADVANCED_FACE('',(#4188),#4181,.T.);
#4201=ADVANCED_FACE('',(#4200),#4194,.F.);
#4209=EDGE_CURVE('',#2531,#2496,#1329,.T.);
#4214=ADVANCED_FACE('',(#4213),#4206,.T.);
#4223=EDGE_CURVE('',#2533,#2497,#1333,.T.);
#4227=ADVANCED_FACE('',(#4226),#4219,.T.);
#4236=EDGE_CURVE('',#2484,#2499,#1337,.T.);
#4238=EDGE_CURVE('',#2526,#2484,#1342,.T.);
#4242=ADVANCED_FACE('',(#4241),#4232,.T.);
#4248=EDGE_CURVE('',#2484,#2485,#1346,.T.);
#4252=EDGE_CURVE('',#2485,#2501,#1373,.T.);
#4256=ADVANCED_FACE('',(#4255),#4247,.T.);
#4265=EDGE_CURVE('',#2485,#2487,#1351,.T.);
#4267=EDGE_CURVE('',#2487,#2489,#1355,.T.);
#4269=EDGE_CURVE('',#2489,#2491,#1360,.T.);
#4271=EDGE_CURVE('',#2491,#2493,#1364,.T.);
#4273=EDGE_CURVE('',#2493,#2527,#1369,.T.);
#4277=ADVANCED_FACE('',(#4276),#4261,.F.);
#4286=EDGE_CURVE('',#2487,#2503,#1377,.T.);
#4290=ADVANCED_FACE('',(#4289),#4282,.F.);
#4299=EDGE_CURVE('',#2489,#2505,#1381,.T.);
#4303=ADVANCED_FACE('',(#4302),#4295,.T.);
#4312=EDGE_CURVE('',#2491,#2507,#1385,.T.);
#4316=ADVANCED_FACE('',(#4315),#4308,.T.);
#4325=EDGE_CURVE('',#2493,#2509,#1389,.T.);
#4329=ADVANCED_FACE('',(#4328),#4321,.T.);
#4339=EDGE_CURVE('',#2535,#2511,#1393,.T.);
#4343=ADVANCED_FACE('',(#4342),#4334,.T.);
#4355=ADVANCED_FACE('',(#4354),#4348,.T.);
#4367=ADVANCED_FACE('',(#4366),#4360,.F.);
#4373=EDGE_CURVE('',#2668,#2669,#1401,.T.);
#4376=EDGE_CURVE('',#2538,#2539,#1409,.T.);
#4378=EDGE_CURVE('',#2668,#2538,#1413,.T.);
#4382=ADVANCED_FACE('',(#4381),#4372,.T.);
#4389=EDGE_CURVE('',#2668,#2672,#1417,.T.);
#4395=ADVANCED_FACE('',(#4394),#4387,.T.);
#4405=EDGE_CURVE('',#2634,#2538,#1437,.T.);
#4407=EDGE_CURVE('',#2634,#2635,#1429,.T.);
#4411=ADVANCED_FACE('',(#4410),#4400,.F.);
#4417=EDGE_CURVE('',#2227,#2631,#1433,.T.);
#4419=EDGE_CURVE('',#2634,#2631,#1449,.T.);
#4428=ADVANCED_FACE('',(#4427),#4416,.F.);
#4435=EDGE_CURVE('',#2631,#2311,#1445,.T.);
#4441=ADVANCED_FACE('',(#4440),#4433,.F.);
#4453=ADVANCED_FACE('',(#4452),#4446,.T.);
#4465=ADVANCED_FACE('',(#4464),#4458,.F.);
#4471=EDGE_CURVE('',#2290,#2291,#1461,.T.);
#4475=EDGE_CURVE('',#2290,#2295,#1481,.T.);
#4479=ADVANCED_FACE('',(#4478),#4470,.T.);
#4486=EDGE_CURVE('',#2290,#2204,#1477,.T.);
#4489=EDGE_CURVE('',#2196,#2188,#1497,.T.);
#4494=ADVANCED_FACE('',(#4493),#4484,.F.);
#4500=EDGE_CURVE('',#2281,#2287,#1465,.T.);
#4502=EDGE_CURVE('',#2287,#2205,#1469,.T.);
#4507=EDGE_CURVE('',#2295,#2179,#1485,.T.);
#4510=EDGE_CURVE('',#2281,#2181,#1509,.T.);
#4514=ADVANCED_FACE('',(#4513),#4499,.F.);
#4520=EDGE_CURVE('',#2286,#2287,#1489,.T.);
#4523=EDGE_CURVE('',#2281,#2283,#1501,.T.);
#4528=ADVANCED_FACE('',(#4527),#4519,.T.);
#4536=EDGE_CURVE('',#2197,#2189,#1493,.T.);
#4542=ADVANCED_FACE('',(#4541),#4533,.F.);
#4554=ADVANCED_FACE('',(#4553),#4547,.F.);
#4560=EDGE_CURVE('',#2279,#2281,#1505,.T.);
#4567=ADVANCED_FACE('',(#4566),#4559,.T.);
#4579=ADVANCED_FACE('',(#4578),#4572,.F.);
#4591=ADVANCED_FACE('',(#4590),#4584,.F.);
#4599=EDGE_CURVE('',#2357,#2371,#1607,.T.);
#4601=EDGE_CURVE('',#2371,#2676,#1521,.T.);
#4603=EDGE_CURVE('',#2676,#2677,#1526,.T.);
#4605=EDGE_CURVE('',#2677,#2679,#1530,.T.);
#4607=EDGE_CURVE('',#2679,#2681,#1535,.T.);
#4609=EDGE_CURVE('',#2681,#2683,#1539,.T.);
#4611=EDGE_CURVE('',#2683,#2685,#1544,.T.);
#4613=EDGE_CURVE('',#2685,#2687,#1548,.T.);
#4615=EDGE_CURVE('',#2687,#2689,#1553,.T.);
#4617=EDGE_CURVE('',#2689,#2691,#1557,.T.);
#4619=EDGE_CURVE('',#2691,#2351,#1562,.T.);
#4623=ADVANCED_FACE('',(#4622),#4596,.F.);
#4630=EDGE_CURVE('',#2362,#2338,#1566,.T.);
#4632=EDGE_CURVE('',#2338,#2339,#1570,.T.);
#4634=EDGE_CURVE('',#2339,#2341,#1574,.T.);
#4636=EDGE_CURVE('',#2341,#2363,#1579,.T.);
#4640=ADVANCED_FACE('',(#4639),#4628,.F.);
#4648=EDGE_CURVE('',#2263,#2254,#1587,.T.);
#4650=EDGE_CURVE('',#2254,#2255,#1591,.T.);
#4652=EDGE_CURVE('',#2255,#2259,#1595,.T.);
#4656=EDGE_CURVE('',#2371,#2373,#1603,.T.);
#4660=EDGE_CURVE('',#2445,#2449,#1611,.T.);
#4662=EDGE_CURVE('',#2447,#2449,#1615,.T.);
#4664=EDGE_CURVE('',#2443,#2447,#1619,.T.);
#4667=EDGE_CURVE('',#2461,#2465,#1623,.T.);
#4669=EDGE_CURVE('',#2463,#2465,#1627,.T.);
#4671=EDGE_CURVE('',#2459,#2463,#1631,.T.);
#4674=EDGE_CURVE('',#2477,#2481,#1635,.T.);
#4676=EDGE_CURVE('',#2479,#2481,#1639,.T.);
#4680=ADVANCED_FACE('',(#4679),#4645,.F.);
#4688=EDGE_CURVE('',#2250,#2254,#1643,.T.);
#4693=ADVANCED_FACE('',(#4692),#4685,.T.);
#4700=EDGE_CURVE('',#2251,#2255,#1647,.T.);
#4706=ADVANCED_FACE('',(#4705),#4698,.T.);
#4718=ADVANCED_FACE('',(#4717),#4711,.T.);
#4726=EDGE_CURVE('',#2676,#2694,#1651,.T.);
#4731=ADVANCED_FACE('',(#4730),#4723,.T.);
#4740=EDGE_CURVE('',#2677,#2695,#1655,.T.);
#4744=ADVANCED_FACE('',(#4743),#4736,.F.);
#4753=EDGE_CURVE('',#2679,#2697,#1659,.T.);
#4757=ADVANCED_FACE('',(#4756),#4749,.T.);
#4766=EDGE_CURVE('',#2681,#2699,#1663,.T.);
#4770=ADVANCED_FACE('',(#4769),#4762,.T.);
#4779=EDGE_CURVE('',#2683,#2701,#1667,.T.);
#4783=ADVANCED_FACE('',(#4782),#4775,.T.);
#4792=EDGE_CURVE('',#2685,#2703,#1671,.T.);
#4796=ADVANCED_FACE('',(#4795),#4788,.T.);
#4805=EDGE_CURVE('',#2687,#2705,#1675,.T.);
#4809=ADVANCED_FACE('',(#4808),#4801,.T.);
#4818=EDGE_CURVE('',#2689,#2707,#1679,.T.);
#4822=ADVANCED_FACE('',(#4821),#4814,.F.);
#4831=EDGE_CURVE('',#2691,#2709,#1683,.T.);
#4835=ADVANCED_FACE('',(#4834),#4827,.T.);
#4847=ADVANCED_FACE('',(#4846),#4840,.T.);
#4853=EDGE_CURVE('',#2385,#2391,#1688,.T.);
#4855=EDGE_CURVE('',#2383,#2385,#1692,.T.);
#4857=EDGE_CURVE('',#2382,#2383,#1696,.T.);
#4859=EDGE_CURVE('',#2393,#2382,#1700,.T.);
#4864=ADVANCED_FACE('',(#4863),#4852,.T.);
#4871=EDGE_CURVE('',#2745,#2441,#1705,.T.);
#4873=EDGE_CURVE('',#2743,#2745,#1709,.T.);
#4875=EDGE_CURVE('',#2741,#2743,#1714,.T.);
#4877=EDGE_CURVE('',#2739,#2741,#1718,.T.);
#4879=EDGE_CURVE('',#2737,#2739,#1723,.T.);
#4881=EDGE_CURVE('',#2735,#2737,#1727,.T.);
#4883=EDGE_CURVE('',#2733,#2735,#1732,.T.);
#4885=EDGE_CURVE('',#2731,#2733,#1736,.T.);
#4887=EDGE_CURVE('',#2730,#2731,#1741,.T.);
#4889=EDGE_CURVE('',#2449,#2730,#1745,.T.);
#4895=ADVANCED_FACE('',(#4894),#4869,.T.);
#4901=EDGE_CURVE('',#2379,#2387,#1754,.T.);
#4903=EDGE_CURVE('',#2379,#2385,#1749,.T.);
#4909=ADVANCED_FACE('',(#4908),#4900,.F.);
#4917=EDGE_CURVE('',#2389,#2376,#1758,.T.);
#4919=EDGE_CURVE('',#2376,#2377,#1762,.T.);
#4921=EDGE_CURVE('',#2377,#2379,#1766,.T.);
#4925=ADVANCED_FACE('',(#4924),#4914,.F.);
#4934=EDGE_CURVE('',#2447,#2712,#1770,.T.);
#4936=EDGE_CURVE('',#2712,#2713,#1775,.T.);
#4938=EDGE_CURVE('',#2713,#2715,#1779,.T.);
#4940=EDGE_CURVE('',#2715,#2717,#1784,.T.);
#4942=EDGE_CURVE('',#2717,#2719,#1788,.T.);
#4944=EDGE_CURVE('',#2719,#2721,#1793,.T.);
#4946=EDGE_CURVE('',#2721,#2723,#1797,.T.);
#4948=EDGE_CURVE('',#2723,#2725,#1802,.T.);
#4950=EDGE_CURVE('',#2725,#2727,#1806,.T.);
#4952=EDGE_CURVE('',#2727,#2437,#1811,.T.);
#4956=ADVANCED_FACE('',(#4955),#4930,.F.);
#4965=EDGE_CURVE('',#2376,#2382,#1815,.T.);
#4969=ADVANCED_FACE('',(#4968),#4961,.T.);
#4978=EDGE_CURVE('',#2377,#2383,#1819,.T.);
#4982=ADVANCED_FACE('',(#4981),#4974,.T.);
#4994=ADVANCED_FACE('',(#4993),#4987,.T.);
#5002=EDGE_CURVE('',#2712,#2730,#1823,.T.);
#5007=ADVANCED_FACE('',(#5006),#4999,.T.);
#5016=EDGE_CURVE('',#2713,#2731,#1827,.T.);
#5020=ADVANCED_FACE('',(#5019),#5012,.F.);
#5029=EDGE_CURVE('',#2715,#2733,#1831,.T.);
#5033=ADVANCED_FACE('',(#5032),#5025,.T.);
#5042=EDGE_CURVE('',#2717,#2735,#1835,.T.);
#5046=ADVANCED_FACE('',(#5045),#5038,.T.);
#5055=EDGE_CURVE('',#2719,#2737,#1839,.T.);
#5059=ADVANCED_FACE('',(#5058),#5051,.T.);
#5068=EDGE_CURVE('',#2721,#2739,#1843,.T.);
#5072=ADVANCED_FACE('',(#5071),#5064,.T.);
#5081=EDGE_CURVE('',#2723,#2741,#1847,.T.);
#5085=ADVANCED_FACE('',(#5084),#5077,.T.);
#5094=EDGE_CURVE('',#2725,#2743,#1851,.T.);
#5098=ADVANCED_FACE('',(#5097),#5090,.F.);
#5107=EDGE_CURVE('',#2727,#2745,#1855,.T.);
#5111=ADVANCED_FACE('',(#5110),#5103,.T.);
#5123=ADVANCED_FACE('',(#5122),#5116,.T.);
#5129=EDGE_CURVE('',#2405,#2411,#1860,.T.);
#5131=EDGE_CURVE('',#2403,#2405,#1864,.T.);
#5133=EDGE_CURVE('',#2402,#2403,#1868,.T.);
#5135=EDGE_CURVE('',#2413,#2402,#1872,.T.);
#5140=ADVANCED_FACE('',(#5139),#5128,.T.);
#5147=EDGE_CURVE('',#2781,#2457,#1877,.T.);
#5149=EDGE_CURVE('',#2779,#2781,#1881,.T.);
#5151=EDGE_CURVE('',#2777,#2779,#1886,.T.);
#5153=EDGE_CURVE('',#2775,#2777,#1890,.T.);
#5155=EDGE_CURVE('',#2773,#2775,#1895,.T.);
#5157=EDGE_CURVE('',#2771,#2773,#1899,.T.);
#5159=EDGE_CURVE('',#2769,#2771,#1904,.T.);
#5161=EDGE_CURVE('',#2767,#2769,#1908,.T.);
#5163=EDGE_CURVE('',#2766,#2767,#1913,.T.);
#5165=EDGE_CURVE('',#2465,#2766,#1917,.T.);
#5171=ADVANCED_FACE('',(#5170),#5145,.T.);
#5177=EDGE_CURVE('',#2399,#2407,#1926,.T.);
#5179=EDGE_CURVE('',#2399,#2405,#1921,.T.);
#5185=ADVANCED_FACE('',(#5184),#5176,.F.);
#5193=EDGE_CURVE('',#2409,#2396,#1930,.T.);
#5195=EDGE_CURVE('',#2396,#2397,#1934,.T.);
#5197=EDGE_CURVE('',#2397,#2399,#1938,.T.);
#5201=ADVANCED_FACE('',(#5200),#5190,.F.);
#5210=EDGE_CURVE('',#2463,#2748,#1942,.T.);
#5212=EDGE_CURVE('',#2748,#2749,#1947,.T.);
#5214=EDGE_CURVE('',#2749,#2751,#1951,.T.);
#5216=EDGE_CURVE('',#2751,#2753,#1956,.T.);
#5218=EDGE_CURVE('',#2753,#2755,#1960,.T.);
#5220=EDGE_CURVE('',#2755,#2757,#1965,.T.);
#5222=EDGE_CURVE('',#2757,#2759,#1969,.T.);
#5224=EDGE_CURVE('',#2759,#2761,#1974,.T.);
#5226=EDGE_CURVE('',#2761,#2763,#1978,.T.);
#5228=EDGE_CURVE('',#2763,#2453,#1983,.T.);
#5232=ADVANCED_FACE('',(#5231),#5206,.F.);
#5241=EDGE_CURVE('',#2396,#2402,#1987,.T.);
#5245=ADVANCED_FACE('',(#5244),#5237,.T.);
#5254=EDGE_CURVE('',#2397,#2403,#1991,.T.);
#5258=ADVANCED_FACE('',(#5257),#5250,.T.);
#5270=ADVANCED_FACE('',(#5269),#5263,.T.);
#5278=EDGE_CURVE('',#2748,#2766,#1995,.T.);
#5283=ADVANCED_FACE('',(#5282),#5275,.T.);
#5292=EDGE_CURVE('',#2749,#2767,#1999,.T.);
#5296=ADVANCED_FACE('',(#5295),#5288,.F.);
#5305=EDGE_CURVE('',#2751,#2769,#2003,.T.);
#5309=ADVANCED_FACE('',(#5308),#5301,.T.);
#5318=EDGE_CURVE('',#2753,#2771,#2007,.T.);
#5322=ADVANCED_FACE('',(#5321),#5314,.T.);
#5331=EDGE_CURVE('',#2755,#2773,#2011,.T.);
#5335=ADVANCED_FACE('',(#5334),#5327,.T.);
#5344=EDGE_CURVE('',#2757,#2775,#2015,.T.);
#5348=ADVANCED_FACE('',(#5347),#5340,.T.);
#5357=EDGE_CURVE('',#2759,#2777,#2019,.T.);
#5361=ADVANCED_FACE('',(#5360),#5353,.T.);
#5370=EDGE_CURVE('',#2761,#2779,#2023,.T.);
#5374=ADVANCED_FACE('',(#5373),#5366,.F.);
#5383=EDGE_CURVE('',#2763,#2781,#2027,.T.);
#5387=ADVANCED_FACE('',(#5386),#5379,.T.);
#5399=ADVANCED_FACE('',(#5398),#5392,.T.);
#5412=ADVANCED_FACE('',(#5411),#5404,.T.);
#5419=EDGE_CURVE('',#2817,#2473,#2049,.T.);
#5421=EDGE_CURVE('',#2815,#2817,#2053,.T.);
#5423=EDGE_CURVE('',#2813,#2815,#2058,.T.);
#5425=EDGE_CURVE('',#2811,#2813,#2062,.T.);
#5427=EDGE_CURVE('',#2809,#2811,#2067,.T.);
#5429=EDGE_CURVE('',#2807,#2809,#2071,.T.);
#5431=EDGE_CURVE('',#2805,#2807,#2076,.T.);
#5433=EDGE_CURVE('',#2803,#2805,#2080,.T.);
#5435=EDGE_CURVE('',#2802,#2803,#2085,.T.);
#5437=EDGE_CURVE('',#2481,#2802,#2089,.T.);
#5443=ADVANCED_FACE('',(#5442),#5417,.T.);
#5451=EDGE_CURVE('',#2799,#2817,#2093,.T.);
#5456=ADVANCED_FACE('',(#5455),#5448,.T.);
#5463=EDGE_CURVE('',#2797,#2815,#2097,.T.);
#5469=ADVANCED_FACE('',(#5468),#5461,.T.);
#5476=EDGE_CURVE('',#2795,#2813,#2101,.T.);
#5482=ADVANCED_FACE('',(#5481),#5474,.F.);
#5489=EDGE_CURVE('',#2793,#2811,#2105,.T.);
#5495=ADVANCED_FACE('',(#5494),#5487,.T.);
#5502=EDGE_CURVE('',#2791,#2809,#2109,.T.);
#5508=ADVANCED_FACE('',(#5507),#5500,.T.);
#5515=EDGE_CURVE('',#2789,#2807,#2113,.T.);
#5521=ADVANCED_FACE('',(#5520),#5513,.T.);
#5528=EDGE_CURVE('',#2787,#2805,#2117,.T.);
#5534=ADVANCED_FACE('',(#5533),#5526,.T.);
#5541=EDGE_CURVE('',#2785,#2803,#2121,.T.);
#5547=ADVANCED_FACE('',(#5546),#5539,.T.);
#5554=EDGE_CURVE('',#2784,#2802,#2125,.T.);
#5560=ADVANCED_FACE('',(#5559),#5552,.F.);
#5572=ADVANCED_FACE('',(#5571),#5565,.T.);
#5580=EDGE_CURVE('',#2338,#2344,#2129,.T.);
#5585=ADVANCED_FACE('',(#5584),#5577,.T.);
#5594=EDGE_CURVE('',#2339,#2345,#2133,.T.);
#5598=ADVANCED_FACE('',(#5597),#5590,.T.);
#5607=EDGE_CURVE('',#2341,#2347,#2137,.T.);
#5611=ADVANCED_FACE('',(#5610),#5603,.T.);
#5623=ADVANCED_FACE('',(#5622),#5616,.F.);
#5629=EDGE_CURVE('',#2266,#2267,#2141,.T.);
#5631=EDGE_CURVE('',#2269,#2267,#2165,.T.);
#5633=EDGE_CURVE('',#2269,#2271,#2161,.T.);
#5638=ADVANCED_FACE('',(#5637),#5628,.T.);
#5646=EDGE_CURVE('',#2243,#2246,#2157,.T.);
#5648=EDGE_CURVE('',#2243,#2267,#2145,.T.);
#5652=ADVANCED_FACE('',(#5651),#5643,.T.);
#5659=EDGE_CURVE('',#2247,#2242,#2149,.T.);
#5661=EDGE_CURVE('',#2242,#2243,#2153,.T.);
#5666=ADVANCED_FACE('',(#5665),#5657,.F.);
#5673=EDGE_CURVE('',#2242,#2269,#2169,.T.);
#5679=ADVANCED_FACE('',(#5678),#5671,.T.);
#5691=ADVANCED_FACE('',(#5690),#5684,.T.);
#5694=(LENGTH_UNIT()NAMED_UNIT(*)SI_UNIT(.MILLI.,.METRE.));
#5695=(NAMED_UNIT(*)PLANE_ANGLE_UNIT()SI_UNIT($,.RADIAN.));
#5698=(NAMED_UNIT(*)SI_UNIT($,.STERADIAN.)SOLID_ANGLE_UNIT());
#5700=(GEOMETRIC_REPRESENTATION_CONTEXT(3)GLOBAL_UNCERTAINTY_ASSIGNED_CONTEXT((
#5699))GLOBAL_UNIT_ASSIGNED_CONTEXT((#5694,#5697,#5698))REPRESENTATION_CONTEXT(
'ID1','3'));
#5701=ADVANCED_BREP_SHAPE_REPRESENTATION('',(#5693),#5700);
#5708=PRODUCT_DEFINITION('part definition','',#5707,#5704);
#5709=PRODUCT_DEFINITION_SHAPE('','SHAPE FOR C-2367197-4.',#5708);
#5710=SHAPE_ASPECT('','solid data associated with C-2367197-4',#5709,.F.);
#5711=PROPERTY_DEFINITION('',
'shape for solid data with which properties are associated',#5710);
#5712=SHAPE_REPRESENTATION('',(#5693),#5700);
#5713=SHAPE_DEFINITION_REPRESENTATION(#5711,#5712);
#5714=(LENGTH_UNIT()NAMED_UNIT(*)SI_UNIT(.MILLI.,.METRE.));
#5718=PROPERTY_DEFINITION('geometric validation property','area of C-2367197-4',
#5710);
#5719=REPRESENTATION('surface area',(#5717),#5700);
#5720=PROPERTY_DEFINITION_REPRESENTATION(#5718,#5719);
#5721=(LENGTH_UNIT()NAMED_UNIT(*)SI_UNIT(.MILLI.,.METRE.));
#5725=PROPERTY_DEFINITION('geometric validation property',
'volume of C-2367197-4',#5710);
#5726=REPRESENTATION('volume',(#5724),#5700);
#5727=PROPERTY_DEFINITION_REPRESENTATION(#5725,#5726);
#5729=PROPERTY_DEFINITION('geometric validation property',
'centroid of C-2367197-4',#5710);
#5730=REPRESENTATION('centroid',(#5728),#5700);
#5731=PROPERTY_DEFINITION_REPRESENTATION(#5729,#5730);
#5732=(LENGTH_UNIT()NAMED_UNIT(*)SI_UNIT(.MILLI.,.METRE.));
#5736=PROPERTY_DEFINITION('geometric validation property','area of C-2367197-4',
#5709);
#5737=REPRESENTATION('surface area',(#5735),#5700);
#5738=PROPERTY_DEFINITION_REPRESENTATION(#5736,#5737);
#5739=(LENGTH_UNIT()NAMED_UNIT(*)SI_UNIT(.MILLI.,.METRE.));
#5743=PROPERTY_DEFINITION('geometric validation property',
'volume of C-2367197-4',#5709);
#5744=REPRESENTATION('volume',(#5742),#5700);
#5745=PROPERTY_DEFINITION_REPRESENTATION(#5743,#5744);
#5747=PROPERTY_DEFINITION('geometric validation property',
'centroid of C-2367197-4',#5709);
#5748=REPRESENTATION('centroid',(#5746),#5700);
#5749=PROPERTY_DEFINITION_REPRESENTATION(#5747,#5748);
#5750=SHAPE_DEFINITION_REPRESENTATION(#5709,#5701);
#5752=PROPERTY_DEFINITION('PART_NO','user defined attribute',#5708);
#5756=REPRESENTATION('',(#5755),#5700);
#5757=PROPERTY_DEFINITION_REPRESENTATION(#5752,#5756);
#5758=PROPERTY_DEFINITION('DWG_TITLE','user defined attribute',#5708);
#5762=REPRESENTATION('',(#5761),#5700);
#5763=PROPERTY_DEFINITION_REPRESENTATION(#5758,#5762);
#5764=PROPERTY_DEFINITION('DWG_TITLE_2','user defined attribute',#5708);
#5768=REPRESENTATION('',(#5767),#5700);
#5769=PROPERTY_DEFINITION_REPRESENTATION(#5764,#5768);
#5770=PROPERTY_DEFINITION('DESC','user defined attribute',#5708);
#5774=REPRESENTATION('',(#5773),#5700);
#5775=PROPERTY_DEFINITION_REPRESENTATION(#5770,#5774);
#5776=PROPERTY_DEFINITION('DOC_STATUS','user defined attribute',#5708);
#5780=REPRESENTATION('',(#5779),#5700);
#5781=PROPERTY_DEFINITION_REPRESENTATION(#5776,#5780);
#5782=PROPERTY_DEFINITION('PROI_CREATED_BY','user defined attribute',#5708);
#5786=REPRESENTATION('',(#5785),#5700);
#5787=PROPERTY_DEFINITION_REPRESENTATION(#5782,#5786);
#5788=PROPERTY_DEFINITION('PROI_CREATED_ON','user defined attribute',#5708);
#5792=REPRESENTATION('',(#5791),#5700);
#5793=PROPERTY_DEFINITION_REPRESENTATION(#5788,#5792);
#5794=PROPERTY_DEFINITION('PROI_LOCATION','user defined attribute',#5708);
#5798=REPRESENTATION('',(#5797),#5700);
#5799=PROPERTY_DEFINITION_REPRESENTATION(#5794,#5798);
#5800=PROPERTY_DEFINITION('PTC_COMMON_NAME','user defined attribute',#5708);
#5804=REPRESENTATION('',(#5803),#5700);
#5805=PROPERTY_DEFINITION_REPRESENTATION(#5800,#5804);
#5806=PROPERTY_DEFINITION('DWG_SIZE_P','user defined attribute',#5708);
#5810=REPRESENTATION('',(#5809),#5700);
#5811=PROPERTY_DEFINITION_REPRESENTATION(#5806,#5810);
#5812=PROPERTY_DEFINITION('MOD_NUM','user defined attribute',#5708);
#5816=REPRESENTATION('',(#5815),#5700);
#5817=PROPERTY_DEFINITION_REPRESENTATION(#5812,#5816);
#5818=PROPERTY_DEFINITION('PTC_ORGANIZATION_ID','user defined attribute',#5708);
#5822=REPRESENTATION('',(#5821),#5700);
#5823=PROPERTY_DEFINITION_REPRESENTATION(#5818,#5822);
#5824=PROPERTY_DEFINITION('PTC_WM_REVISION','user defined attribute',#5708);
#5828=REPRESENTATION('',(#5827),#5700);
#5829=PROPERTY_DEFINITION_REPRESENTATION(#5824,#5828);
#5830=PROPERTY_DEFINITION('PTC_WM_ITERATION','user defined attribute',#5708);
#5834=REPRESENTATION('',(#5833),#5700);
#5835=PROPERTY_DEFINITION_REPRESENTATION(#5830,#5834);
#5836=PROPERTY_DEFINITION('PTC_WM_VERSION','user defined attribute',#5708);
#5840=REPRESENTATION('',(#5839),#5700);
#5841=PROPERTY_DEFINITION_REPRESENTATION(#5836,#5840);
#5842=PROPERTY_DEFINITION('PTC_WM_LIFECYCLE_STATE','user defined attribute',
#5708);
#5846=REPRESENTATION('',(#5845),#5700);
#5847=PROPERTY_DEFINITION_REPRESENTATION(#5842,#5846);
#5848=PROPERTY_DEFINITION('PTC_WM_LIFECYCLE','user defined attribute',#5708);
#5852=REPRESENTATION('',(#5851),#5700);
#5853=PROPERTY_DEFINITION_REPRESENTATION(#5848,#5852);
#5854=PROPERTY_DEFINITION('PTC_WM_LOCATION','user defined attribute',#5708);
#5858=REPRESENTATION('',(#5857),#5700);
#5859=PROPERTY_DEFINITION_REPRESENTATION(#5854,#5858);
#5860=PROPERTY_DEFINITION('PTC_WM_CREATED_BY','user defined attribute',#5708);
#5864=REPRESENTATION('',(#5863),#5700);
#5865=PROPERTY_DEFINITION_REPRESENTATION(#5860,#5864);
#5866=PROPERTY_DEFINITION('PTC_WM_CREATED_ON','user defined attribute',#5708);
#5870=REPRESENTATION('',(#5869),#5700);
#5871=PROPERTY_DEFINITION_REPRESENTATION(#5866,#5870);
#5872=PROPERTY_DEFINITION('PTC_WM_MODIFIED_BY','user defined attribute',#5708);
#5876=REPRESENTATION('',(#5875),#5700);
#5877=PROPERTY_DEFINITION_REPRESENTATION(#5872,#5876);
#5878=PROPERTY_DEFINITION('PTC_WM_MODIFIED_ON','user defined attribute',#5708);
#5882=REPRESENTATION('',(#5881),#5700);
#5883=PROPERTY_DEFINITION_REPRESENTATION(#5878,#5882);
#5884=PROPERTY_DEFINITION('PTC_WM_TEAM','user defined attribute',#5708);
#5888=REPRESENTATION('',(#5887),#5700);
#5889=PROPERTY_DEFINITION_REPRESENTATION(#5884,#5888);
#5890=PROPERTY_DEFINITION('DOC_NUMBER','user defined attribute',#5708);
#5894=REPRESENTATION('',(#5893),#5700);
#5895=PROPERTY_DEFINITION_REPRESENTATION(#5890,#5894);
#5896=PROPERTY_DEFINITION('EXPORT_RESTRICTED','user defined attribute',#5708);
#5900=REPRESENTATION('',(#5899),#5700);
#5901=PROPERTY_DEFINITION_REPRESENTATION(#5896,#5900);
#5902=PROPERTY_DEFINITION('PART_REV','user defined attribute',#5708);
#5906=REPRESENTATION('',(#5905),#5700);
#5907=PROPERTY_DEFINITION_REPRESENTATION(#5902,#5906);
#5908=PROPERTY_DEFINITION('COMMENTS','user defined attribute',#5708);
#5912=REPRESENTATION('',(#5911),#5700);
#5913=PROPERTY_DEFINITION_REPRESENTATION(#5908,#5912);
ENDSEC;
END-ISO-10303-21;
