ISO-10303-21;
HEADER;
FILE_DESCRIPTION (( 'STEP AP214' ),
    '1' );
FILE_NAME ('3269W-1-103LF.STEP',
    '2022-01-19T12:23:16',
    ( 'ADMIN' ),
    ( '' ),
    'SwSTEP 2.0',
    'SolidWorks 2016',
    '' );
FILE_SCHEMA (( 'AUTOMOTIVE_DESIGN' ));
ENDSEC;

DATA;
#1 = EDGE_CURVE ( 'NONE', #1151, #1541, #1670, .T. ) ;
#2 = CARTESIAN_POINT ( 'NONE',  ( -2.389999999999999700, 0.0000000000000000000, -1.039999999999999800 ) ) ;
#3 = EDGE_CURVE ( 'NONE', #1377, #485, #689, .T. ) ;
#4 = EDGE_CURVE ( 'NONE', #825, #952, #1656, .T. ) ;
#5 = DIRECTION ( 'NONE',  ( 0.0000000000000000000, 0.0000000000000000000, -1.000000000000000000 ) ) ;
#6 = ORIENTED_EDGE ( 'NONE', *, *, #1304, .T. ) ;
#7 = ADVANCED_FACE ( 'NONE', ( #1537 ), #442, .F. ) ;
#8 = EDGE_LOOP ( 'NONE', ( #120, #1739, #706, #268, #1019 ) ) ;
#9 = VECTOR ( 'NONE', #1200, 1000.000000000000000 ) ;
#10 = ORIENTED_EDGE ( 'NONE', *, *, #465, .T. ) ;
#11 =( LENGTH_UNIT ( ) NAMED_UNIT ( * ) SI_UNIT ( .MILLI., .METRE. ) );
#12 = CARTESIAN_POINT ( 'NONE',  ( 1.756936203583462600, 7.337058116518991600, 0.4690426629197462800 ) ) ;
#13 = VECTOR ( 'NONE', #1713, 1000.000000000000000 ) ;
#14 = CARTESIAN_POINT ( 'NONE',  ( 2.390000000000000600, -0.7900000000000001500, -3.179999999999999700 ) ) ;
#15 = EDGE_CURVE ( 'NONE', #144, #1246, #700, .T. ) ;
#16 = ORIENTED_EDGE ( 'NONE', *, *, #591, .F. ) ;
#17 = LINE ( 'NONE', #811, #1553 ) ;
#18 = VERTEX_POINT ( 'NONE', #1000 ) ;
#19 =( NAMED_UNIT ( * ) PLANE_ANGLE_UNIT ( ) SI_UNIT ( $, .RADIAN. ) );
#20 = ADVANCED_FACE ( 'NONE', ( #50 ), #1534, .T. ) ;
#21 = AXIS2_PLACEMENT_3D ( 'NONE', #74, #1750, #1091 ) ;
#22 = LINE ( 'NONE', #300, #1577 ) ;
#23 =( GEOMETRIC_REPRESENTATION_CONTEXT ( 3 ) GLOBAL_UNCERTAINTY_ASSIGNED_CONTEXT ( ( #1131 ) ) GLOBAL_UNIT_ASSIGNED_CONTEXT ( ( #1484, #648, #354 ) ) REPRESENTATION_CONTEXT ( 'NONE', 'WORKASPACE' ) );
#24 = EDGE_CURVE ( 'NONE', #754, #733, #966, .T. ) ;
#25 = CARTESIAN_POINT ( 'NONE',  ( 2.540000000000000500, -0.9400000000000000600, -3.179999999999999700 ) ) ;
#26 = AXIS2_PLACEMENT_3D ( 'NONE', #209, #682, #1567 ) ;
#27 = CARTESIAN_POINT ( 'NONE',  ( 2.589069884650318600, 7.303638250277922200, 0.8109573370802536400 ) ) ;
#28 = ORIENTED_EDGE ( 'NONE', *, *, #724, .T. ) ;
#29 = FACE_OUTER_BOUND ( 'NONE', #1191, .T. ) ;
#30 = UNCERTAINTY_MEASURE_WITH_UNIT (LENGTH_MEASURE( 1.000000000000000100E-005 ), #1407, 'distance_accuracy_value', 'NONE');
#31 = ORIENTED_EDGE ( 'NONE', *, *, #386, .F. ) ;
#32 = VERTEX_POINT ( 'NONE', #2 ) ;
#33 = ORIENTED_EDGE ( 'NONE', *, *, #1184, .F. ) ;
#34 = DIRECTION ( 'NONE',  ( -0.0000000000000000000, -0.0000000000000000000, 1.000000000000000000 ) ) ;
#35 = EDGE_CURVE ( 'NONE', #734, #566, #1117, .T. ) ;
#36 = ADVANCED_FACE ( 'NONE', ( #1472 ), #875, .F. ) ;
#37 = DIRECTION ( 'NONE',  ( -0.0000000000000000000, -1.000000000000000000, -0.0000000000000000000 ) ) ;
#38 = CYLINDRICAL_SURFACE ( 'NONE', #1696, 0.1499999999999999700 ) ;
#39 = CARTESIAN_POINT ( 'NONE',  ( -2.389999999999999700, -0.0000000000000000000, -1.189999999999999900 ) ) ;
#40 = VECTOR ( 'NONE', #259, 1000.000000000000000 ) ;
#41 = PLANE ( 'NONE',  #1709 ) ;
#42 = EDGE_LOOP ( 'NONE', ( #903, #1076, #1508, #985 ) ) ;
#43 = DIRECTION ( 'NONE',  ( 1.000000000000000000, 0.0000000000000000000, 0.0000000000000000000 ) ) ;
#44 = DIRECTION ( 'NONE',  ( 0.0000000000000000000, 1.000000000000000000, 0.0000000000000000000 ) ) ;
#45 = ORIENTED_EDGE ( 'NONE', *, *, #1269, .F. ) ;
#46 = AXIS2_PLACEMENT_3D ( 'NONE', #1514, #1387, #1416 ) ;
#47 = CLOSED_SHELL ( 'NONE', ( #175, #1556, #1699, #7, #1106, #716, #1658, #298, #20, #288, #1518, #57, #1386 ) ) ;
#48 = ORIENTED_EDGE ( 'NONE', *, *, #188, .T. ) ;
#49 = LINE ( 'NONE', #1206, #595 ) ;
#50 = FACE_OUTER_BOUND ( 'NONE', #1478, .T. ) ;
#51 = DIRECTION ( 'NONE',  ( 0.0000000000000000000, 1.000000000000000000, 0.0000000000000000000 ) ) ;
#52 = AXIS2_PLACEMENT_3D ( 'NONE', #58, #380, #369 ) ;
#53 = FACE_OUTER_BOUND ( 'NONE', #345, .T. ) ;
#54 = CARTESIAN_POINT ( 'NONE',  ( 2.155000000000001100, 7.370000000000000100, 0.6399999999999999000 ) ) ;
#55 = EDGE_CURVE ( 'NONE', #1746, #18, #1502, .T. ) ;
#56 = CARTESIAN_POINT ( 'NONE',  ( -0.1500000000000000500, 0.0000000000000000000, 1.039999999999999800 ) ) ;
#57 = ADVANCED_FACE ( 'NONE', ( #1053 ), #398, .T. ) ;
#58 = CARTESIAN_POINT ( 'NONE',  ( -5.421010862427522200E-017, -1.090000000000000100, 1.039999999999999800 ) ) ;
#59 = VERTEX_POINT ( 'NONE', #1390 ) ;
#60 = CARTESIAN_POINT ( 'NONE',  ( 1.685134499139990600, 7.169999999999999900, 0.8109573370802536400 ) ) ;
#61 = DIRECTION ( 'NONE',  ( -0.0000000000000000000, 0.0000000000000000000, -1.000000000000000000 ) ) ;
#62 = DIRECTION ( 'NONE',  ( -1.000000000000000000, -0.0000000000000000000, -0.0000000000000000000 ) ) ;
#63 = DIRECTION ( 'NONE',  ( 0.0000000000000000000, 0.0000000000000000000, -1.000000000000000000 ) ) ;
#64 = PLANE ( 'NONE',  #1300 ) ;
#65 = DIRECTION ( 'NONE',  ( 0.0000000000000000000, 0.0000000000000000000, 1.000000000000000000 ) ) ;
#66 = DIRECTION ( 'NONE',  ( 0.0000000000000000000, 0.0000000000000000000, -1.000000000000000000 ) ) ;
#67 = DIRECTION ( 'NONE',  ( 0.0000000000000000000, -0.0000000000000000000, 1.000000000000000000 ) ) ;
#68 = EDGE_CURVE ( 'NONE', #1100, #1580, #1179, .T. ) ;
#69 = ORIENTED_EDGE ( 'NONE', *, *, #1033, .T. ) ;
#70 = COLOUR_RGB ( '',0.8745098039215686300, 1.000000000000000000, 0.9176470588235293700 ) ;
#71 = EDGE_LOOP ( 'NONE', ( #1532, #942, #1132, #1650 ) ) ;
#72 = CYLINDRICAL_SURFACE ( 'NONE', #1124, 0.4999999999999998900 ) ;
#73 = MECHANICAL_DESIGN_GEOMETRIC_PRESENTATION_REPRESENTATION (  '', ( #553 ), #798 ) ;
#74 = CARTESIAN_POINT ( 'NONE',  ( -5.421010862427522200E-017, -0.9400000000000000600, 1.039999999999999800 ) ) ;
#75 = FACE_OUTER_BOUND ( 'NONE', #473, .T. ) ;
#76 = ORIENTED_EDGE ( 'NONE', *, *, #1505, .F. ) ;
#77 = PLANE ( 'NONE',  #200 ) ;
#78 = EDGE_LOOP ( 'NONE', ( #1464, #896 ) ) ;
#79 = ORIENTED_EDGE ( 'NONE', *, *, #453, .T. ) ;
#80 = DIRECTION ( 'NONE',  ( -0.0000000000000000000, -0.0000000000000000000, 1.000000000000000000 ) ) ;
#81 = COLOUR_RGB ( '',0.7921568627450980000, 0.8196078431372548800, 0.9333333333333333500 ) ;
#82 = LINE ( 'NONE', #753, #900 ) ;
#83 = ORIENTED_EDGE ( 'NONE', *, *, #1066, .F. ) ;
#84 = PRESENTATION_LAYER_ASSIGNMENT (  '', '', ( #1129 ) ) ;
#85 = CARTESIAN_POINT ( 'NONE',  ( -2.689999999999999500, -0.7900000000000001500, -3.179999999999999700 ) ) ;
#86 =( NAMED_UNIT ( * ) SI_UNIT ( $, .STERADIAN. ) SOLID_ANGLE_UNIT ( ) );
#87 = SURFACE_STYLE_USAGE ( .BOTH. , #546 ) ;
#88 = DIRECTION ( 'NONE',  ( 0.0000000000000000000, 1.000000000000000000, 0.0000000000000000000 ) ) ;
#89 = CARTESIAN_POINT ( 'NONE',  ( 2.390000000000000600, 0.0000000000000000000, -1.189999999999999900 ) ) ;
#90 = EDGE_CURVE ( 'NONE', #1536, #1207, #1312, .T. ) ;
#91 = VERTEX_POINT ( 'NONE', #1651 ) ;
#92 = CARTESIAN_POINT ( 'NONE',  ( -4.065758146820641600E-017, 0.0000000000000000000, 1.039999999999999800 ) ) ;
#93 = PLANE ( 'NONE',  #1308 ) ;
#94 = DIRECTION ( 'NONE',  ( 0.0000000000000000000, 0.0000000000000000000, -1.000000000000000000 ) ) ;
#95 = EDGE_CURVE ( 'NONE', #584, #1615, #1732, .T. ) ;
#96 = VERTEX_POINT ( 'NONE', #1268 ) ;
#97 = ORIENTED_EDGE ( 'NONE', *, *, #1704, .F. ) ;
#98 = DIRECTION ( 'NONE',  ( -0.0000000000000000000, -0.0000000000000000000, -1.000000000000000000 ) ) ;
#99 = AXIS2_PLACEMENT_3D ( 'NONE', #899, #1025, #1177 ) ;
#100 = ORIENTED_EDGE ( 'NONE', *, *, #1659, .T. ) ;
#101 = CYLINDRICAL_SURFACE ( 'NONE', #258, 0.1499999999999999700 ) ;
#102 =( NAMED_UNIT ( * ) PLANE_ANGLE_UNIT ( ) SI_UNIT ( $, .RADIAN. ) );
#103 = VECTOR ( 'NONE', #1685, 1000.000000000000000 ) ;
#104 = FILL_AREA_STYLE_COLOUR ( '', #1070 ) ;
#105 = SURFACE_SIDE_STYLE ('',( #1774 ) ) ;
#106 = DIRECTION ( 'NONE',  ( 1.000000000000000000, 0.0000000000000000000, 0.0000000000000000000 ) ) ;
#107 = FACE_OUTER_BOUND ( 'NONE', #587, .T. ) ;
#108 = FILL_AREA_STYLE ('',( #243 ) ) ;
#109 = SURFACE_STYLE_FILL_AREA ( #194 ) ;
#110 = EDGE_CURVE ( 'NONE', #485, #1536, #1006, .T. ) ;
#111 = ORIENTED_EDGE ( 'NONE', *, *, #15, .T. ) ;
#112 = CARTESIAN_POINT ( 'NONE',  ( -0.1500000000000000800, -0.6400000000000001200, 1.339999999999999900 ) ) ;
#113 = DIRECTION ( 'NONE',  ( 0.0000000000000000000, 1.000000000000000000, 0.0000000000000000000 ) ) ;
#114 = DIRECTION ( 'NONE',  ( -0.0000000000000000000, -1.000000000000000000, -0.0000000000000000000 ) ) ;
#115 = PLANE ( 'NONE',  #616 ) ;
#116 = DIRECTION ( 'NONE',  ( 0.0000000000000000000, 0.0000000000000000000, -1.000000000000000000 ) ) ;
#117 = DIRECTION ( 'NONE',  ( 0.0000000000000000000, 0.0000000000000000000, -1.000000000000000000 ) ) ;
#118 = CARTESIAN_POINT ( 'NONE',  ( 2.155000000000001100, 7.370000000000000100, 0.8109573370802536400 ) ) ;
#119 = STYLED_ITEM ( 'NONE', ( #186 ), #1503 ) ;
#120 = ORIENTED_EDGE ( 'NONE', *, *, #657, .T. ) ;
#121 = EDGE_LOOP ( 'NONE', ( #1204, #100, #1065, #434, #1201 ) ) ;
#122 = CARTESIAN_POINT ( 'NONE',  ( 2.540000000000000500, 0.0000000000000000000, -1.039999999999999800 ) ) ;
#123 = CYLINDRICAL_SURFACE ( 'NONE', #1642, 0.1499999999999999900 ) ;
#124 = PLANE ( 'NONE',  #1236 ) ;
#125 = VECTOR ( 'NONE', #467, 1000.000000000000000 ) ;
#126 = ORIENTED_EDGE ( 'NONE', *, *, #1083, .T. ) ;
#127 = CARTESIAN_POINT ( 'NONE',  ( 2.155000000000001100, 6.349999999999999600, 1.139999999999999900 ) ) ;
#128 = VECTOR ( 'NONE', #1576, 1000.000000000000000 ) ;
#129 = CARTESIAN_POINT ( 'NONE',  ( 3.175000000000001200, 6.349999999999999600, 2.160000000000000100 ) ) ;
#130 = LINE ( 'NONE', #1722, #823 ) ;
#131 = VECTOR ( 'NONE', #80, 1000.000000000000000 ) ;
#132 = EDGE_CURVE ( 'NONE', #1279, #1592, #1596, .T. ) ;
#133 = SURFACE_SIDE_STYLE ('',( #109 ) ) ;
#134 = FILL_AREA_STYLE ('',( #1061 ) ) ;
#135 = DIRECTION ( 'NONE',  ( 1.000000000000000000, 0.0000000000000000000, -0.0000000000000000000 ) ) ;
#136 = DIRECTION ( 'NONE',  ( 0.0000000000000000000, 0.0000000000000000000, 1.000000000000000000 ) ) ;
#137 = ADVANCED_FACE ( 'NONE', ( #457 ), #1429, .T. ) ;
#138 = CARTESIAN_POINT ( 'NONE',  ( 1.685134499139990600, 7.270000000000000500, 0.8109573370802536400 ) ) ;
#139 = ORIENTED_EDGE ( 'NONE', *, *, #1748, .F. ) ;
#140 = LINE ( 'NONE', #257, #1511 ) ;
#141 = CARTESIAN_POINT ( 'NONE',  ( 2.155000000000001100, 7.370000000000000100, 0.6399999999999999000 ) ) ;
#142 = EDGE_LOOP ( 'NONE', ( #461, #1303, #1020, #1477 ) ) ;
#143 = LINE ( 'NONE', #394, #283 ) ;
#144 = VERTEX_POINT ( 'NONE', #1438 ) ;
#145 = LINE ( 'NONE', #1215, #416 ) ;
#146 = CIRCLE ( 'NONE', #1173, 0.1499999999999999700 ) ;
#147 = CARTESIAN_POINT ( 'NONE',  ( 3.175000000000000700, 0.0000000000000000000, -2.160000000000000100 ) ) ;
#148 = DIRECTION ( 'NONE',  ( 0.0000000000000000000, 0.0000000000000000000, 1.000000000000000000 ) ) ;
#149 = ADVANCED_FACE ( 'NONE', ( #75 ), #1571, .F. ) ;
#150 = AXIS2_PLACEMENT_3D ( 'NONE', #905, #500, #1332 ) ;
#151 = VECTOR ( 'NONE', #1766, 1000.000000000000000 ) ;
#152 = AXIS2_PLACEMENT_3D ( 'NONE', #428, #1189, #1282 ) ;
#153 = ORIENTED_EDGE ( 'NONE', *, *, #453, .F. ) ;
#154 = CARTESIAN_POINT ( 'NONE',  ( -2.389999999999999700, -1.090000000000000100, -1.189999999999999900 ) ) ;
#155 = CARTESIAN_POINT ( 'NONE',  ( -0.1500000000000001100, -0.6400000000000001200, 1.339999999999999900 ) ) ;
#156 = CARTESIAN_POINT ( 'NONE',  ( -2.539999999999999600, -0.9400000000000000600, -1.039999999999999800 ) ) ;
#157 = ADVANCED_FACE ( 'NONE', ( #1412 ), #1040, .F. ) ;
#158 = EDGE_CURVE ( 'NONE', #91, #952, #750, .T. ) ;
#159 = DIRECTION ( 'NONE',  ( 1.000000000000000000, 0.0000000000000000000, 0.0000000000000000000 ) ) ;
#160 = DIRECTION ( 'NONE',  ( -1.000000000000000000, 0.0000000000000000000, 0.0000000000000000000 ) ) ;
#161 = ORIENTED_EDGE ( 'NONE', *, *, #1637, .F. ) ;
#162 = ORIENTED_EDGE ( 'NONE', *, *, #1760, .F. ) ;
#163 = ORIENTED_EDGE ( 'NONE', *, *, #1509, .T. ) ;
#164 = PRESENTATION_STYLE_ASSIGNMENT (( #1437 ) ) ;
#165 = EDGE_CURVE ( 'NONE', #1279, #1295, #642, .T. ) ;
#166 = FACE_OUTER_BOUND ( 'NONE', #1710, .T. ) ;
#167 = CARTESIAN_POINT ( 'NONE',  ( 2.540000000000000500, -0.9400000000000000600, -0.8899999999999999000 ) ) ;
#168 = UNCERTAINTY_MEASURE_WITH_UNIT (LENGTH_MEASURE( 1.000000000000000100E-005 ), #1727, 'distance_accuracy_value', 'NONE');
#169 = VECTOR ( 'NONE', #444, 1000.000000000000000 ) ;
#170 = SURFACE_STYLE_USAGE ( .BOTH. , #541 ) ;
#171 = PRESENTATION_LAYER_ASSIGNMENT (  '', '', ( #553 ) ) ;
#172 = ORIENTED_EDGE ( 'NONE', *, *, #318, .F. ) ;
#173 = CYLINDRICAL_SURFACE ( 'NONE', #670, 0.1499999999999999700 ) ;
#174 = VECTOR ( 'NONE', #372, 1000.000000000000000 ) ;
#175 = ADVANCED_FACE ( 'NONE', ( #1494 ), #635, .F. ) ;
#176 = CARTESIAN_POINT ( 'NONE',  ( 2.690000000000000400, -0.9400000000000000600, -1.039999999999999800 ) ) ;
#177 = EDGE_CURVE ( 'NONE', #794, #1643, #770, .T. ) ;
#178 = CARTESIAN_POINT ( 'NONE',  ( -2.539999999999999600, -1.090000000000000100, -1.039999999999999800 ) ) ;
#179 = DIRECTION ( 'NONE',  ( 1.807003620809174600E-016, 0.0000000000000000000, -1.000000000000000000 ) ) ;
#180 =( GEOMETRIC_REPRESENTATION_CONTEXT ( 3 ) GLOBAL_UNCERTAINTY_ASSIGNED_CONTEXT ( ( #869 ) ) GLOBAL_UNIT_ASSIGNED_CONTEXT ( ( #256, #1455, #1197 ) ) REPRESENTATION_CONTEXT ( 'NONE', 'WORKASPACE' ) );
#181 = ORIENTED_EDGE ( 'NONE', *, *, #1770, .F. ) ;
#182 = EDGE_LOOP ( 'NONE', ( #111, #945, #1533, #987 ) ) ;
#183 = LINE ( 'NONE', #984, #1697 ) ;
#184 = DIRECTION ( 'NONE',  ( -0.0000000000000000000, 1.000000000000000000, -0.0000000000000000000 ) ) ;
#185 = ORIENTED_EDGE ( 'NONE', *, *, #509, .F. ) ;
#186 = PRESENTATION_STYLE_ASSIGNMENT (( #1579 ) ) ;
#187 = ORIENTED_EDGE ( 'NONE', *, *, #1517, .F. ) ;
#188 = EDGE_CURVE ( 'NONE', #1684, #217, #608, .T. ) ;
#189 = CARTESIAN_POINT ( 'NONE',  ( 2.155000000000001100, 7.370000000000000100, 0.6399999999999999000 ) ) ;
#190 = VECTOR ( 'NONE', #1263, 1000.000000000000000 ) ;
#191 = EDGE_CURVE ( 'NONE', #212, #1298, #1329, .T. ) ;
#192 = CARTESIAN_POINT ( 'NONE',  ( 2.516626311125769200, 7.370000000000000100, 0.8109573370802536400 ) ) ;
#193 = LINE ( 'NONE', #1648, #1265 ) ;
#194 = FILL_AREA_STYLE ('',( #1601 ) ) ;
#195 = CYLINDRICAL_SURFACE ( 'NONE', #596, 0.1499999999999999700 ) ;
#196 =( LENGTH_UNIT ( ) NAMED_UNIT ( * ) SI_UNIT ( .MILLI., .METRE. ) );
#197 = CARTESIAN_POINT ( 'NONE',  ( 3.175000000000001200, 0.0000000000000000000, 2.160000000000000100 ) ) ;
#198 = CIRCLE ( 'NONE', #21, 0.1499999999999999900 ) ;
#199 = CARTESIAN_POINT ( 'NONE',  ( -2.539999999999999600, -0.9400000000000000600, 0.0000000000000000000 ) ) ;
#200 = AXIS2_PLACEMENT_3D ( 'NONE', #1476, #1612, #928 ) ;
#201 = ADVANCED_FACE ( 'NONE', ( #1338 ), #805, .T. ) ;
#202 = DIRECTION ( 'NONE',  ( -1.807003620809174400E-016, 0.0000000000000000000, 1.000000000000000000 ) ) ;
#203 = FILL_AREA_STYLE ('',( #1340 ) ) ;
#204 = EDGE_CURVE ( 'NONE', #1325, #96, #1712, .T. ) ;
#205 = CARTESIAN_POINT ( 'NONE',  ( 2.390000000000000600, 0.0000000000000000000, -0.8899999999999999000 ) ) ;
#206 = DIRECTION ( 'NONE',  ( 0.0000000000000000000, 1.000000000000000000, 0.0000000000000000000 ) ) ;
#207 = PRESENTATION_LAYER_ASSIGNMENT (  '', '', ( #1613 ) ) ;
#208 = VERTEX_POINT ( 'NONE', #781 ) ;
#209 = CARTESIAN_POINT ( 'NONE',  ( 2.155000000000001100, 7.169999999999999900, 0.6399999999999999000 ) ) ;
#210 = DIRECTION ( 'NONE',  ( 0.0000000000000000000, 1.000000000000000000, 0.0000000000000000000 ) ) ;
#211 = ORIENTED_EDGE ( 'NONE', *, *, #570, .T. ) ;
#212 = VERTEX_POINT ( 'NONE', #1052 ) ;
#213 = ORIENTED_EDGE ( 'NONE', *, *, #1288, .F. ) ;
#214 = FACE_OUTER_BOUND ( 'NONE', #622, .T. ) ;
#215 = DIRECTION ( 'NONE',  ( 9.035018104045873200E-017, 0.0000000000000000000, -1.000000000000000000 ) ) ;
#216 = PRESENTATION_LAYER_ASSIGNMENT (  '', '', ( #119 ) ) ;
#217 = VERTEX_POINT ( 'NONE', #1737 ) ;
#218 = EDGE_CURVE ( 'NONE', #834, #944, #1205, .T. ) ;
#219 = DIRECTION ( 'NONE',  ( -0.0000000000000000000, -0.0000000000000000000, 1.000000000000000000 ) ) ;
#220 = FACE_OUTER_BOUND ( 'NONE', #42, .T. ) ;
#221 = CARTESIAN_POINT ( 'NONE',  ( 2.155000000000001100, 7.270000000000000500, 0.6399999999999999000 ) ) ;
#222 = FACE_OUTER_BOUND ( 'NONE', #1465, .T. ) ;
#223 = ORIENTED_EDGE ( 'NONE', *, *, #1704, .T. ) ;
#224 = CARTESIAN_POINT ( 'NONE',  ( -5.421010862427522200E-017, -0.9400000000000000600, 1.039999999999999800 ) ) ;
#225 = ORIENTED_EDGE ( 'NONE', *, *, #1269, .T. ) ;
#226 = DIRECTION ( 'NONE',  ( -0.0000000000000000000, 0.0000000000000000000, 1.000000000000000000 ) ) ;
#227 = UNCERTAINTY_MEASURE_WITH_UNIT (LENGTH_MEASURE( 1.000000000000000100E-005 ), #934, 'distance_accuracy_value', 'NONE');
#228 = DIRECTION ( 'NONE',  ( 0.0000000000000000000, 1.000000000000000000, 0.0000000000000000000 ) ) ;
#229 = UNCERTAINTY_MEASURE_WITH_UNIT (LENGTH_MEASURE( 1.000000000000000100E-005 ), #1619, 'distance_accuracy_value', 'NONE');
#230 = EDGE_CURVE ( 'NONE', #1580, #1207, #1403, .T. ) ;
#231 = DIRECTION ( 'NONE',  ( 0.0000000000000000000, 1.000000000000000000, 0.0000000000000000000 ) ) ;
#232 = UNCERTAINTY_MEASURE_WITH_UNIT (LENGTH_MEASURE( 1.000000000000000100E-005 ), #1572, 'distance_accuracy_value', 'NONE');
#233 = VERTEX_POINT ( 'NONE', #650 ) ;
#234 = FACE_OUTER_BOUND ( 'NONE', #720, .T. ) ;
#235 = DIRECTION ( 'NONE',  ( 0.0000000000000000000, 0.0000000000000000000, 1.000000000000000000 ) ) ;
#236 = ORIENTED_EDGE ( 'NONE', *, *, #756, .T. ) ;
#237 = AXIS2_PLACEMENT_3D ( 'NONE', #1193, #374, #1327 ) ;
#238 = DIRECTION ( 'NONE',  ( 1.000000000000000000, 0.0000000000000000000, 0.0000000000000000000 ) ) ;
#239 = ORIENTED_EDGE ( 'NONE', *, *, #1317, .F. ) ;
#240 = CARTESIAN_POINT ( 'NONE',  ( -5.421010862427522200E-017, -0.9400000000000000600, 1.039999999999999800 ) ) ;
#241 = FILL_AREA_STYLE_COLOUR ( '', #1516 ) ;
#242 = CARTESIAN_POINT ( 'NONE',  ( -2.689999999999999500, -0.6400000000000001200, -1.189999999999999900 ) ) ;
#243 = FILL_AREA_STYLE_COLOUR ( '', #901 ) ;
#244 = ORIENTED_EDGE ( 'NONE', *, *, #1238, .F. ) ;
#245 = FACE_OUTER_BOUND ( 'NONE', #1657, .T. ) ;
#246 =( NAMED_UNIT ( * ) SI_UNIT ( $, .STERADIAN. ) SOLID_ANGLE_UNIT ( ) );
#247 = PRODUCT ( '3269W-1-103LF', '3269W-1-103LF', '', ( #666 ) ) ;
#248 = DIRECTION ( 'NONE',  ( 0.0000000000000000000, 0.0000000000000000000, -1.000000000000000000 ) ) ;
#249 = DIRECTION ( 'NONE',  ( 1.000000000000000000, 0.0000000000000000000, 0.0000000000000000000 ) ) ;
#250 = EDGE_LOOP ( 'NONE', ( #472, #1598, #225, #536, #878, #33, #881 ) ) ;
#251 = DIRECTION ( 'NONE',  ( 0.0000000000000000000, 0.0000000000000000000, 1.000000000000000000 ) ) ;
#252 = LINE ( 'NONE', #1551, #128 ) ;
#253 = DIRECTION ( 'NONE',  ( -0.0000000000000000000, 1.000000000000000000, -0.0000000000000000000 ) ) ;
#254 = AXIS2_PLACEMENT_3D ( 'NONE', #1122, #974, #1616 ) ;
#255 = CARTESIAN_POINT ( 'NONE',  ( 2.690000000000000400, -0.7900000000000001500, -1.339999999999999900 ) ) ;
#256 =( LENGTH_UNIT ( ) NAMED_UNIT ( * ) SI_UNIT ( .MILLI., .METRE. ) );
#257 = CARTESIAN_POINT ( 'NONE',  ( -0.1500000000000000800, -1.090000000000000100, 1.189999999999999900 ) ) ;
#258 = AXIS2_PLACEMENT_3D ( 'NONE', #1458, #1406, #610 ) ;
#259 = DIRECTION ( 'NONE',  ( 1.000000000000000000, 0.0000000000000000000, 0.0000000000000000000 ) ) ;
#260 = VERTEX_POINT ( 'NONE', #1457 ) ;
#261 = DIRECTION ( 'NONE',  ( -0.0000000000000000000, -1.000000000000000000, -0.0000000000000000000 ) ) ;
#262 = AXIS2_PLACEMENT_3D ( 'NONE', #637, #1585, #773 ) ;
#263 = ORIENTED_EDGE ( 'NONE', *, *, #1136, .T. ) ;
#264 = ORIENTED_EDGE ( 'NONE', *, *, #941, .T. ) ;
#265 = DIRECTION ( 'NONE',  ( 0.0000000000000000000, -1.000000000000000000, 0.0000000000000000000 ) ) ;
#266 = ORIENTED_EDGE ( 'NONE', *, *, #1238, .T. ) ;
#267 = FACE_OUTER_BOUND ( 'NONE', #809, .T. ) ;
#268 = ORIENTED_EDGE ( 'NONE', *, *, #1729, .T. ) ;
#269 = DIRECTION ( 'NONE',  ( -0.0000000000000000000, -1.000000000000000000, -0.0000000000000000000 ) ) ;
#270 = CIRCLE ( 'NONE', #152, 0.1499999999999999700 ) ;
#271 = AXIS2_PLACEMENT_3D ( 'NONE', #1625, #136, #1504 ) ;
#272 = FACE_OUTER_BOUND ( 'NONE', #1590, .T. ) ;
#273 = EDGE_CURVE ( 'NONE', #1392, #1295, #1674, .T. ) ;
#274 = EDGE_LOOP ( 'NONE', ( #1280, #1092, #1004 ) ) ;
#275 = DIRECTION ( 'NONE',  ( 0.0000000000000000000, 0.0000000000000000000, -1.000000000000000000 ) ) ;
#276 = CIRCLE ( 'NONE', #344, 0.1499999999999999700 ) ;
#277 = CARTESIAN_POINT ( 'NONE',  ( 3.175000000000000700, 6.349999999999999600, -2.160000000000000100 ) ) ;
#278 = AXIS2_PLACEMENT_3D ( 'NONE', #1527, #113, #487 ) ;
#279 = DIRECTION ( 'NONE',  ( -0.0000000000000000000, 1.000000000000000000, -0.0000000000000000000 ) ) ;
#280 = DIRECTION ( 'NONE',  ( 1.000000000000000000, 0.0000000000000000000, 1.807003620809174600E-016 ) ) ;
#281 = ORIENTED_EDGE ( 'NONE', *, *, #295, .F. ) ;
#282 = EDGE_CURVE ( 'NONE', #1246, #787, #552, .T. ) ;
#283 = VECTOR ( 'NONE', #406, 999.9999999999998900 ) ;
#284 = ORIENTED_EDGE ( 'NONE', *, *, #1389, .F. ) ;
#285 = ORIENTED_EDGE ( 'NONE', *, *, #673, .F. ) ;
#286 = DIRECTION ( 'NONE',  ( -0.0000000000000000000, -0.0000000000000000000, -1.000000000000000000 ) ) ;
#287 = VECTOR ( 'NONE', #436, 1000.000000000000000 ) ;
#288 = ADVANCED_FACE ( 'NONE', ( #107 ), #38, .T. ) ;
#289 = PRESENTATION_LAYER_ASSIGNMENT (  '', '', ( #1009 ) ) ;
#290 = COLOUR_RGB ( '',0.8745098039215686300, 1.000000000000000000, 0.9176470588235293700 ) ;
#291 = CARTESIAN_POINT ( 'NONE',  ( 2.540000000000000500, -0.9400000000000000600, -1.039999999999999800 ) ) ;
#292 = CARTESIAN_POINT ( 'NONE',  ( 3.175000000000001200, 6.349999999999999600, 2.160000000000000100 ) ) ;
#293 = DIRECTION ( 'NONE',  ( 0.0000000000000000000, 0.0000000000000000000, 1.000000000000000000 ) ) ;
#294 = CIRCLE ( 'NONE', #1099, 0.1499999999999999700 ) ;
#295 = EDGE_CURVE ( 'NONE', #1541, #939, #1102, .T. ) ;
#296 = CARTESIAN_POINT ( 'NONE',  ( 2.540000000000000500, -1.090000000000000100, -1.039999999999999800 ) ) ;
#297 = SURFACE_STYLE_FILL_AREA ( #1363 ) ;
#298 = ADVANCED_FACE ( 'NONE', ( #1717 ), #649, .T. ) ;
#299 = EDGE_CURVE ( 'NONE', #952, #1401, #403, .T. ) ;
#300 = CARTESIAN_POINT ( 'NONE',  ( -2.539999999999999600, -1.090000000000000100, -0.8899999999999999000 ) ) ;
#301 = DIRECTION ( 'NONE',  ( 1.000000000000000000, 0.0000000000000000000, 0.0000000000000000000 ) ) ;
#302 = ORIENTED_EDGE ( 'NONE', *, *, #1417, .F. ) ;
#303 = DIRECTION ( 'NONE',  ( 1.807003620809174400E-016, 0.0000000000000000000, -1.000000000000000000 ) ) ;
#304 = ADVANCED_FACE ( 'NONE', ( #1714 ), #526, .F. ) ;
#305 = ORIENTED_EDGE ( 'NONE', *, *, #132, .F. ) ;
#306 = AXIS2_PLACEMENT_3D ( 'NONE', #737, #253, #679 ) ;
#307 = CONICAL_SURFACE ( 'NONE', #254, 0.3999999999999966900, 0.7853981633974499400 ) ;
#308 = DIRECTION ( 'NONE',  ( -0.0000000000000000000, 1.000000000000000000, -0.0000000000000000000 ) ) ;
#309 = EDGE_CURVE ( 'NONE', #1077, #59, #1264, .T. ) ;
#310 = EDGE_LOOP ( 'NONE', ( #1488, #499, #593, #1668, #576 ) ) ;
#311 = EDGE_LOOP ( 'NONE', ( #1095, #1703, #1593, #745 ) ) ;
#312 = ORIENTED_EDGE ( 'NONE', *, *, #299, .T. ) ;
#313 = VERTEX_POINT ( 'NONE', #1080 ) ;
#314 = AXIS2_PLACEMENT_3D ( 'NONE', #1698, #378, #117 ) ;
#315 = DIRECTION ( 'NONE',  ( -0.0000000000000000000, -0.0000000000000000000, 1.000000000000000000 ) ) ;
#316 = VECTOR ( 'NONE', #883, 1000.000000000000000 ) ;
#317 = MECHANICAL_DESIGN_GEOMETRIC_PRESENTATION_REPRESENTATION (  '', ( #119 ), #407 ) ;
#318 = EDGE_CURVE ( 'NONE', #1134, #1647, #717, .T. ) ;
#319 = CARTESIAN_POINT ( 'NONE',  ( 2.690000000000000400, -0.6400000000000001200, -1.339999999999999900 ) ) ;
#320 = FACE_OUTER_BOUND ( 'NONE', #512, .T. ) ;
#321 = EDGE_LOOP ( 'NONE', ( #83, #1226, #1443, #244 ) ) ;
#322 = ORIENTED_EDGE ( 'NONE', *, *, #110, .T. ) ;
#323 = ORIENTED_EDGE ( 'NONE', *, *, #1482, .F. ) ;
#324 = MECHANICAL_DESIGN_GEOMETRIC_PRESENTATION_REPRESENTATION (  '', ( #1627 ), #1016 ) ;
#325 = ORIENTED_EDGE ( 'NONE', *, *, #1225, .T. ) ;
#326 = ORIENTED_EDGE ( 'NONE', *, *, #1482, .T. ) ;
#327 = DIRECTION ( 'NONE',  ( -0.0000000000000000000, 1.000000000000000000, 0.0000000000000000000 ) ) ;
#328 = EDGE_CURVE ( 'NONE', #1468, #603, #561, .T. ) ;
#329 = FACE_OUTER_BOUND ( 'NONE', #1350, .T. ) ;
#330 = CARTESIAN_POINT ( 'NONE',  ( -0.1500000000000000800, -0.7900000000000001500, 3.179999999999999700 ) ) ;
#331 = PRESENTATION_STYLE_ASSIGNMENT (( #1085 ) ) ;
#332 = DIRECTION ( 'NONE',  ( -9.035018104045873200E-017, 0.0000000000000000000, 1.000000000000000000 ) ) ;
#333 = CARTESIAN_POINT ( 'NONE',  ( 2.690000000000000400, -0.9400000000000000600, -3.179999999999999700 ) ) ;
#334 = ORIENTED_EDGE ( 'NONE', *, *, #1, .F. ) ;
#335 = DIRECTION ( 'NONE',  ( 1.807003620809174600E-016, 0.0000000000000000000, -1.000000000000000000 ) ) ;
#336 =( LENGTH_UNIT ( ) NAMED_UNIT ( * ) SI_UNIT ( .MILLI., .METRE. ) );
#337 = MECHANICAL_DESIGN_GEOMETRIC_PRESENTATION_REPRESENTATION (  '', ( #1075 ), #887 ) ;
#338 =( NAMED_UNIT ( * ) SI_UNIT ( $, .STERADIAN. ) SOLID_ANGLE_UNIT ( ) );
#339 = ORIENTED_EDGE ( 'NONE', *, *, #1505, .T. ) ;
#340 = ORIENTED_EDGE ( 'NONE', *, *, #907, .F. ) ;
#341 = VERTEX_POINT ( 'NONE', #1479 ) ;
#342 = ADVANCED_FACE ( 'NONE', ( #1591 ), #936, .F. ) ;
#343 = CARTESIAN_POINT ( 'NONE',  ( 2.690000000000000400, -0.7900000000000001500, -3.179999999999999700 ) ) ;
#344 = AXIS2_PLACEMENT_3D ( 'NONE', #240, #1559, #1422 ) ;
#345 = EDGE_LOOP ( 'NONE', ( #1415, #1605, #708, #1391 ) ) ;
#346 = LINE ( 'NONE', #483, #1621 ) ;
#347 = DIRECTION ( 'NONE',  ( 1.000000000000000000, 0.0000000000000000000, -0.0000000000000000000 ) ) ;
#348 = CARTESIAN_POINT ( 'NONE',  ( 2.540000000000000500, -0.9400000000000000600, -3.179999999999999700 ) ) ;
#349 = ORIENTED_EDGE ( 'NONE', *, *, #967, .T. ) ;
#350 = VERTEX_POINT ( 'NONE', #677 ) ;
#351 = PRESENTATION_LAYER_ASSIGNMENT (  '', '', ( #583 ) ) ;
#352 = ORIENTED_EDGE ( 'NONE', *, *, #591, .T. ) ;
#353 = CARTESIAN_POINT ( 'NONE',  ( 2.390000000000000600, -0.9400000000000000600, -0.8899999999999999000 ) ) ;
#354 =( NAMED_UNIT ( * ) SI_UNIT ( $, .STERADIAN. ) SOLID_ANGLE_UNIT ( ) );
#355 = CARTESIAN_POINT ( 'NONE',  ( -3.174999999999998500, 6.349999999999999600, 2.160000000000000100 ) ) ;
#356 = CARTESIAN_POINT ( 'NONE',  ( 2.624865500860011500, 7.269999999999996900, 0.4690426629197462800 ) ) ;
#357 = PRODUCT_DEFINITION ( 'UNKNOWN', '', #452, #1316 ) ;
#358 = DIRECTION ( 'NONE',  ( 1.000000000000000000, 0.0000000000000000000, 0.0000000000000000000 ) ) ;
#359 = EDGE_CURVE ( 'NONE', #485, #1536, #1629, .T. ) ;
#360 = AXIS2_PLACEMENT_3D ( 'NONE', #92, #831, #1048 ) ;
#361 = ORIENTED_EDGE ( 'NONE', *, *, #282, .F. ) ;
#362 = DIRECTION ( 'NONE',  ( 1.000000000000000000, 0.0000000000000000000, 0.0000000000000000000 ) ) ;
#363 = MANIFOLD_SOLID_BREP ( 'Fillet3', #915 ) ;
#364 = DIRECTION ( 'NONE',  ( -1.000000000000000000, 0.0000000000000000000, 0.0000000000000000000 ) ) ;
#365 = ORIENTED_EDGE ( 'NONE', *, *, #4, .F. ) ;
#366 = SURFACE_STYLE_FILL_AREA ( #931 ) ;
#367 = DIRECTION ( 'NONE',  ( 0.0000000000000000000, 0.0000000000000000000, -1.000000000000000000 ) ) ;
#368 = CIRCLE ( 'NONE', #1734, 0.1499999999999999700 ) ;
#369 = DIRECTION ( 'NONE',  ( 0.0000000000000000000, 0.0000000000000000000, 1.000000000000000000 ) ) ;
#370 = FACE_OUTER_BOUND ( 'NONE', #274, .T. ) ;
#371 = EDGE_CURVE ( 'NONE', #952, #208, #146, .T. ) ;
#372 = DIRECTION ( 'NONE',  ( -1.000000000000000000, 0.0000000000000000000, 0.0000000000000000000 ) ) ;
#373 = LINE ( 'NONE', #147, #151 ) ;
#374 = DIRECTION ( 'NONE',  ( 0.0000000000000000000, -1.000000000000000000, 0.0000000000000000000 ) ) ;
#375 = ORIENTED_EDGE ( 'NONE', *, *, #1608, .F. ) ;
#376 = DIRECTION ( 'NONE',  ( 0.0000000000000000000, 0.0000000000000000000, -1.000000000000000000 ) ) ;
#377 = SHAPE_DEFINITION_REPRESENTATION ( #1284, #1054 ) ;
#378 = DIRECTION ( 'NONE',  ( -0.0000000000000000000, 1.000000000000000000, -0.0000000000000000000 ) ) ;
#379 = ORIENTED_EDGE ( 'NONE', *, *, #577, .F. ) ;
#380 = DIRECTION ( 'NONE',  ( 0.0000000000000000000, 1.000000000000000000, -0.0000000000000000000 ) ) ;
#381 = SURFACE_STYLE_USAGE ( .BOTH. , #547 ) ;
#382 = CARTESIAN_POINT ( 'NONE',  ( 2.624865500860011500, 7.370000000000000100, 0.8109573370802536400 ) ) ;
#383 =( NAMED_UNIT ( * ) PLANE_ANGLE_UNIT ( ) SI_UNIT ( $, .RADIAN. ) );
#384 = DIRECTION ( 'NONE',  ( -0.0000000000000000000, 0.0000000000000000000, 1.000000000000000000 ) ) ;
#385 =( LENGTH_UNIT ( ) NAMED_UNIT ( * ) SI_UNIT ( .MILLI., .METRE. ) );
#386 = EDGE_CURVE ( 'NONE', #939, #601, #1691, .T. ) ;
#387 = DIRECTION ( 'NONE',  ( 0.0000000000000000000, 1.000000000000000000, 0.0000000000000000000 ) ) ;
#388 = AXIS2_PLACEMENT_3D ( 'NONE', #1449, #231, #510 ) ;
#389 = DIRECTION ( 'NONE',  ( 1.000000000000000000, 0.0000000000000000000, 0.0000000000000000000 ) ) ;
#390 = ORIENTED_EDGE ( 'NONE', *, *, #1245, .T. ) ;
#391 = CIRCLE ( 'NONE', #1255, 0.1499999999999999700 ) ;
#392 = EDGE_LOOP ( 'NONE', ( #1450, #263, #814, #710, #600, #580, #1681 ) ) ;
#393 = CARTESIAN_POINT ( 'NONE',  ( -0.1500000000000000800, -0.7900000000000001500, 1.339999999999999900 ) ) ;
#394 = CARTESIAN_POINT ( 'NONE',  ( 2.155000000000001100, 7.370000000000000100, 0.2400000000000032400 ) ) ;
#395 = CIRCLE ( 'NONE', #26, 0.5000000000000000000 ) ;
#396 = DIRECTION ( 'NONE',  ( 1.000000000000000000, 0.0000000000000000000, 0.0000000000000000000 ) ) ;
#397 = CARTESIAN_POINT ( 'NONE',  ( -2.539999999999999600, -1.090000000000000100, -0.8899999999999999000 ) ) ;
#398 = CYLINDRICAL_SURFACE ( 'NONE', #446, 0.1499999999999999700 ) ;
#399 = AXIS2_PLACEMENT_3D ( 'NONE', #330, #265, #1690 ) ;
#400 = EDGE_CURVE ( 'NONE', #734, #411, #1446, .T. ) ;
#401 = DIRECTION ( 'NONE',  ( 1.000000000000000000, 0.0000000000000000000, 0.0000000000000000000 ) ) ;
#402 = FILL_AREA_STYLE_COLOUR ( '', #1689 ) ;
#403 = LINE ( 'NONE', #397, #1360 ) ;
#404 = AXIS2_PLACEMENT_3D ( 'NONE', #1352, #66, #1162 ) ;
#405 = DIRECTION ( 'NONE',  ( -0.0000000000000000000, -0.0000000000000000000, -1.000000000000000000 ) ) ;
#406 = DIRECTION ( 'NONE',  ( 0.0000000000000000000, -0.7071067811865463500, -0.7071067811865487900 ) ) ;
#407 =( GEOMETRIC_REPRESENTATION_CONTEXT ( 3 ) GLOBAL_UNCERTAINTY_ASSIGNED_CONTEXT ( ( #232 ) ) GLOBAL_UNIT_ASSIGNED_CONTEXT ( ( #1572, #1171, #1130 ) ) REPRESENTATION_CONTEXT ( 'NONE', 'WORKASPACE' ) );
#408 = CARTESIAN_POINT ( 'NONE',  ( -3.174999999999998900, 6.349999999999999600, -2.160000000000000100 ) ) ;
#409 = ORIENTED_EDGE ( 'NONE', *, *, #35, .F. ) ;
#410 = DIRECTION ( 'NONE',  ( -0.0000000000000000000, 1.000000000000000000, -0.0000000000000000000 ) ) ;
#411 = VERTEX_POINT ( 'NONE', #129 ) ;
#412 = EDGE_LOOP ( 'NONE', ( #454, #863, #1111, #668 ) ) ;
#413 = CIRCLE ( 'NONE', #1742, 0.1499999999999999700 ) ;
#414 = FILL_AREA_STYLE_COLOUR ( '', #1081 ) ;
#415 = DIRECTION ( 'NONE',  ( 1.000000000000000000, 0.0000000000000000000, 0.0000000000000000000 ) ) ;
#416 = VECTOR ( 'NONE', #508, 1000.000000000000000 ) ;
#417 = VERTEX_POINT ( 'NONE', #959 ) ;
#418 = ADVANCED_FACE ( 'NONE', ( #267 ), #123, .T. ) ;
#419 = LINE ( 'NONE', #89, #40 ) ;
#420 = EDGE_CURVE ( 'NONE', #1322, #834, #368, .T. ) ;
#421 = AXIS2_PLACEMENT_3D ( 'NONE', #1434, #758, #1705 ) ;
#422 = CARTESIAN_POINT ( 'NONE',  ( 3.175000000000000700, 6.349999999999999600, -2.160000000000000100 ) ) ;
#423 = PLANE ( 'NONE',  #999 ) ;
#424 = ADVANCED_FACE ( 'NONE', ( #738 ), #1242, .F. ) ;
#425 = DIRECTION ( 'NONE',  ( 0.0000000000000000000, 0.0000000000000000000, 1.000000000000000000 ) ) ;
#426 = ORIENTED_EDGE ( 'NONE', *, *, #854, .F. ) ;
#427 = ORIENTED_EDGE ( 'NONE', *, *, #1042, .F. ) ;
#428 = CARTESIAN_POINT ( 'NONE',  ( -2.539999999999999600, 0.0000000000000000000, -1.039999999999999800 ) ) ;
#429 = LINE ( 'NONE', #761, #1112 ) ;
#430 = EDGE_LOOP ( 'NONE', ( #285, #1276, #718, #1758 ) ) ;
#431 = CARTESIAN_POINT ( 'NONE',  ( -2.389999999999999700, -1.090000000000000100, -1.039999999999999800 ) ) ;
#432 = VECTOR ( 'NONE', #1335, 1000.000000000000000 ) ;
#433 = AXIS2_PLACEMENT_3D ( 'NONE', #1343, #779, #1622 ) ;
#434 = ORIENTED_EDGE ( 'NONE', *, *, #1673, .F. ) ;
#435 = FACE_OUTER_BOUND ( 'NONE', #1399, .T. ) ;
#436 = DIRECTION ( 'NONE',  ( -0.0000000000000000000, -0.0000000000000000000, 1.000000000000000000 ) ) ;
#437 = ADVANCED_FACE ( 'NONE', ( #548 ), #774, .T. ) ;
#438 = CARTESIAN_POINT ( 'NONE',  ( 2.155000000000001100, 7.370000000000000100, 0.6399999999999999000 ) ) ;
#439 = LINE ( 'NONE', #741, #1139 ) ;
#440 = DIRECTION ( 'NONE',  ( -1.000000000000000000, 0.0000000000000000000, 0.0000000000000000000 ) ) ;
#441 = CARTESIAN_POINT ( 'NONE',  ( 1.720930115349685900, 7.303638250277920500, 0.4690426629197462800 ) ) ;
#442 = PLANE ( 'NONE',  #870 ) ;
#443 = CIRCLE ( 'NONE', #1321, 0.1499999999999999700 ) ;
#444 = DIRECTION ( 'NONE',  ( -0.0000000000000000000, -0.0000000000000000000, -1.000000000000000000 ) ) ;
#445 = UNCERTAINTY_MEASURE_WITH_UNIT (LENGTH_MEASURE( 1.000000000000000100E-005 ), #956, 'distance_accuracy_value', 'NONE');
#446 = AXIS2_PLACEMENT_3D ( 'NONE', #178, #327, #1007 ) ;
#447 = SURFACE_SIDE_STYLE ('',( #712 ) ) ;
#448 = SURFACE_STYLE_FILL_AREA ( #556 ) ;
#449 = LINE ( 'NONE', #1281, #762 ) ;
#450 = CARTESIAN_POINT ( 'NONE',  ( 2.155000000000001100, 6.349999999999999600, 0.1400000000000000400 ) ) ;
#451 = ORIENTED_EDGE ( 'NONE', *, *, #489, .T. ) ;
#452 = PRODUCT_DEFINITION_FORMATION_WITH_SPECIFIED_SOURCE ( 'ANY', '', #247, .NOT_KNOWN. ) ;
#453 = EDGE_CURVE ( 'NONE', #208, #794, #484, .T. ) ;
#454 = ORIENTED_EDGE ( 'NONE', *, *, #634, .F. ) ;
#455 = VECTOR ( 'NONE', #279, 1000.000000000000000 ) ;
#456 = ORIENTED_EDGE ( 'NONE', *, *, #1497, .T. ) ;
#457 = FACE_OUTER_BOUND ( 'NONE', #430, .T. ) ;
#458 = CYLINDRICAL_SURFACE ( 'NONE', #921, 0.1499999999999999700 ) ;
#459 = AXIS2_PLACEMENT_3D ( 'NONE', #518, #504, #1222 ) ;
#460 = CARTESIAN_POINT ( 'NONE',  ( -2.539999999999999600, -0.9400000000000000600, 0.0000000000000000000 ) ) ;
#461 = ORIENTED_EDGE ( 'NONE', *, *, #1058, .T. ) ;
#462 = CIRCLE ( 'NONE', #940, 0.5000000000000000000 ) ;
#463 = VECTOR ( 'NONE', #1388, 1000.000000000000000 ) ;
#464 = DIRECTION ( 'NONE',  ( 0.0000000000000000000, -1.000000000000000000, 0.0000000000000000000 ) ) ;
#465 = EDGE_CURVE ( 'NONE', #417, #1325, #1349, .T. ) ;
#466 = PRESENTATION_LAYER_ASSIGNMENT (  '', '', ( #1660 ) ) ;
#467 = DIRECTION ( 'NONE',  ( 1.000000000000000000, -0.0000000000000000000, -0.0000000000000000000 ) ) ;
#468 = CARTESIAN_POINT ( 'NONE',  ( 2.390000000000000600, 0.0000000000000000000, -1.039999999999999800 ) ) ;
#469 = AXIS2_PLACEMENT_3D ( 'NONE', #1306, #764, #1721 ) ;
#470 = FACE_OUTER_BOUND ( 'NONE', #920, .T. ) ;
#471 = DIRECTION ( 'NONE',  ( -1.000000000000000000, 0.0000000000000000000, 0.0000000000000000000 ) ) ;
#472 = ORIENTED_EDGE ( 'NONE', *, *, #1145, .T. ) ;
#473 = EDGE_LOOP ( 'NONE', ( #266, #28, #672, #1247, #1510, #1777, #988 ) ) ;
#474 = CARTESIAN_POINT ( 'NONE',  ( 0.1499999999999999700, -0.6400000000000001200, 1.339999999999999900 ) ) ;
#475 = EDGE_CURVE ( 'NONE', #217, #566, #496, .T. ) ;
#476 = ORIENTED_EDGE ( 'NONE', *, *, #90, .T. ) ;
#477 = ORIENTED_EDGE ( 'NONE', *, *, #1748, .T. ) ;
#478 = EDGE_CURVE ( 'NONE', #787, #350, #564, .T. ) ;
#479 = ORIENTED_EDGE ( 'NONE', *, *, #852, .F. ) ;
#480 = STYLED_ITEM ( 'NONE', ( #1540 ), #1251 ) ;
#481 = ORIENTED_EDGE ( 'NONE', *, *, #165, .T. ) ;
#482 = ADVANCED_FACE ( 'NONE', ( #1669 ), #423, .F. ) ;
#483 = CARTESIAN_POINT ( 'NONE',  ( -2.389999999999999700, -0.0000000000000000000, -0.8899999999999999000 ) ) ;
#484 = LINE ( 'NONE', #1379, #803 ) ;
#485 = VERTEX_POINT ( 'NONE', #1110 ) ;
#486 = CARTESIAN_POINT ( 'NONE',  ( -2.539999999999999600, -1.090000000000000100, -3.179999999999999700 ) ) ;
#487 = DIRECTION ( 'NONE',  ( 0.0000000000000000000, 0.0000000000000000000, 1.000000000000000000 ) ) ;
#488 = PLANE ( 'NONE',  #685 ) ;
#489 = EDGE_CURVE ( 'NONE', #32, #208, #1357, .T. ) ;
#490 = CARTESIAN_POINT ( 'NONE',  ( 2.624865500860011500, 7.270000000000000500, 0.8109573370802536400 ) ) ;
#491 = AXIS2_PLACEMENT_3D ( 'NONE', #1086, #772, #1015 ) ;
#492 = DIRECTION ( 'NONE',  ( 1.000000000000000000, 0.0000000000000000000, 0.0000000000000000000 ) ) ;
#493 = DIRECTION ( 'NONE',  ( -0.0000000000000000000, -1.000000000000000000, -0.0000000000000000000 ) ) ;
#494 = EDGE_LOOP ( 'NONE', ( #45, #950, #1548, #1049, #1499 ) ) ;
#495 = EDGE_LOOP ( 'NONE', ( #211, #618, #1405, #1120 ) ) ;
#496 = LINE ( 'NONE', #969, #1772 ) ;
#497 = CARTESIAN_POINT ( 'NONE',  ( -2.389999999999999700, -0.6400000000000001200, -1.189999999999999900 ) ) ;
#498 = UNCERTAINTY_MEASURE_WITH_UNIT (LENGTH_MEASURE( 1.000000000000000100E-005 ), #11, 'distance_accuracy_value', 'NONE');
#499 = ORIENTED_EDGE ( 'NONE', *, *, #177, .T. ) ;
#500 = DIRECTION ( 'NONE',  ( 0.0000000000000000000, 1.000000000000000000, 0.0000000000000000000 ) ) ;
#501 = ORIENTED_EDGE ( 'NONE', *, *, #1594, .T. ) ;
#502 = PLANE ( 'NONE',  #1030 ) ;
#503 = AXIS2_PLACEMENT_3D ( 'NONE', #1072, #1474, #665 ) ;
#504 = DIRECTION ( 'NONE',  ( -1.000000000000000000, 0.0000000000000000000, 1.003890900449541100E-016 ) ) ;
#505 = VECTOR ( 'NONE', #184, 1000.000000000000000 ) ;
#506 = EDGE_LOOP ( 'NONE', ( #1554, #1073, #31 ) ) ;
#507 = CARTESIAN_POINT ( 'NONE',  ( 5.330660681387066100E-017, -0.9400000000000000600, 4.816261576285765700E-033 ) ) ;
#508 = DIRECTION ( 'NONE',  ( -0.0000000000000000000, -1.000000000000000000, -0.0000000000000000000 ) ) ;
#509 = EDGE_CURVE ( 'NONE', #1643, #91, #22, .T. ) ;
#510 = DIRECTION ( 'NONE',  ( 1.000000000000000000, 0.0000000000000000000, 0.0000000000000000000 ) ) ;
#511 =( GEOMETRIC_REPRESENTATION_CONTEXT ( 3 ) GLOBAL_UNCERTAINTY_ASSIGNED_CONTEXT ( ( #1630 ) ) GLOBAL_UNIT_ASSIGNED_CONTEXT ( ( #684, #1626, #812 ) ) REPRESENTATION_CONTEXT ( 'NONE', 'WORKASPACE' ) );
#512 = EDGE_LOOP ( 'NONE', ( #390, #968, #365 ) ) ;
#513 = FILL_AREA_STYLE_COLOUR ( '', #290 ) ;
#514 = ORIENTED_EDGE ( 'NONE', *, *, #1245, .F. ) ;
#515 = ORIENTED_EDGE ( 'NONE', *, *, #465, .F. ) ;
#516 = ORIENTED_EDGE ( 'NONE', *, *, #743, .T. ) ;
#517 = ORIENTED_EDGE ( 'NONE', *, *, #1334, .T. ) ;
#518 = CARTESIAN_POINT ( 'NONE',  ( 3.175000000000000700, 6.349999999999999600, -2.160000000000000100 ) ) ;
#519 = DIRECTION ( 'NONE',  ( 0.0000000000000000000, 1.000000000000000000, 0.0000000000000000000 ) ) ;
#520 = VERTEX_POINT ( 'NONE', #572 ) ;
#521 = DIRECTION ( 'NONE',  ( -1.000000000000000000, 0.0000000000000000000, -0.0000000000000000000 ) ) ;
#522 =( GEOMETRIC_REPRESENTATION_CONTEXT ( 3 ) GLOBAL_UNCERTAINTY_ASSIGNED_CONTEXT ( ( #554 ) ) GLOBAL_UNIT_ASSIGNED_CONTEXT ( ( #385, #924, #1735 ) ) REPRESENTATION_CONTEXT ( 'NONE', 'WORKASPACE' ) );
#523 = CIRCLE ( 'NONE', #1683, 0.1499999999999999700 ) ;
#524 = VECTOR ( 'NONE', #926, 1000.000000000000000 ) ;
#525 =( NAMED_UNIT ( * ) PLANE_ANGLE_UNIT ( ) SI_UNIT ( $, .RADIAN. ) );
#526 = PLANE ( 'NONE',  #503 ) ;
#527 = AXIS2_PLACEMENT_3D ( 'NONE', #1023, #1633, #744 ) ;
#528 = CARTESIAN_POINT ( 'NONE',  ( 2.390000000000000600, 0.0000000000000000000, -1.189999999999999900 ) ) ;
#529 = MECHANICAL_DESIGN_GEOMETRIC_PRESENTATION_REPRESENTATION (  '', ( #1660 ), #1089 ) ;
#530 = DIRECTION ( 'NONE',  ( 0.0000000000000000000, 0.0000000000000000000, -1.000000000000000000 ) ) ;
#531 = VECTOR ( 'NONE', #675, 1000.000000000000000 ) ;
#532 = CARTESIAN_POINT ( 'NONE',  ( -2.539999999999999600, -0.9400000000000000600, -0.8899999999999999000 ) ) ;
#533 = CARTESIAN_POINT ( 'NONE',  ( 0.0000000000000000000, 0.0000000000000000000, 0.0000000000000000000 ) ) ;
#534 = DIRECTION ( 'NONE',  ( -9.035018104045873200E-017, -0.0000000000000000000, 1.000000000000000000 ) ) ;
#535 = ORIENTED_EDGE ( 'NONE', *, *, #204, .T. ) ;
#536 = ORIENTED_EDGE ( 'NONE', *, *, #1014, .F. ) ;
#537 = CARTESIAN_POINT ( 'NONE',  ( -5.421010862427522200E-017, -0.9400000000000000600, 1.039999999999999800 ) ) ;
#538 = SURFACE_SIDE_STYLE ('',( #1071 ) ) ;
#539 = COLOUR_RGB ( '',0.8745098039215686300, 1.000000000000000000, 0.9176470588235293700 ) ;
#540 = ORIENTED_EDGE ( 'NONE', *, *, #1342, .F. ) ;
#541 = SURFACE_SIDE_STYLE ('',( #568 ) ) ;
#542 = SURFACE_SIDE_STYLE ('',( #297 ) ) ;
#543 = FACE_OUTER_BOUND ( 'NONE', #310, .T. ) ;
#544 = PRODUCT_RELATED_PRODUCT_CATEGORY ( 'part', '', ( #247 ) ) ;
#545 = EDGE_CURVE ( 'NONE', #1084, #754, #294, .T. ) ;
#546 = SURFACE_SIDE_STYLE ('',( #972 ) ) ;
#547 = SURFACE_SIDE_STYLE ('',( #783 ) ) ;
#548 = FACE_OUTER_BOUND ( 'NONE', #506, .T. ) ;
#549 = DIRECTION ( 'NONE',  ( -0.0000000000000000000, -1.000000000000000000, -0.0000000000000000000 ) ) ;
#550 = CARTESIAN_POINT ( 'NONE',  ( -3.174999999999998500, 6.349999999999999600, 2.160000000000000100 ) ) ;
#551 = CIRCLE ( 'NONE', #306, 0.1499999999999999700 ) ;
#552 = LINE ( 'NONE', #1595, #918 ) ;
#553 = STYLED_ITEM ( 'NONE', ( #164 ), #625 ) ;
#554 = UNCERTAINTY_MEASURE_WITH_UNIT (LENGTH_MEASURE( 1.000000000000000100E-005 ), #385, 'distance_accuracy_value', 'NONE');
#555 = DIRECTION ( 'NONE',  ( 0.0000000000000000000, 1.000000000000000000, 0.0000000000000000000 ) ) ;
#556 = FILL_AREA_STYLE ('',( #1730 ) ) ;
#557 = EDGE_CURVE ( 'NONE', #96, #212, #995, .T. ) ;
#558 = EDGE_LOOP ( 'NONE', ( #517, #1109, #427, #172, #1175, #579 ) ) ;
#559 = AXIS2_PLACEMENT_3D ( 'NONE', #1044, #1185, #367 ) ;
#560 = ORIENTED_EDGE ( 'NONE', *, *, #1404, .T. ) ;
#561 = LINE ( 'NONE', #1356, #630 ) ;
#562 = ORIENTED_EDGE ( 'NONE', *, *, #657, .F. ) ;
#563 = ADVANCED_FACE ( 'NONE', ( #1186 ), #1254, .F. ) ;
#564 = CIRCLE ( 'NONE', #1272, 0.1499999999999999700 ) ;
#565 = CARTESIAN_POINT ( 'NONE',  ( -3.174999999999998500, 6.349999999999999600, 2.160000000000000100 ) ) ;
#566 = VERTEX_POINT ( 'NONE', #1522 ) ;
#567 = EDGE_CURVE ( 'NONE', #1589, #144, #663, .T. ) ;
#568 = SURFACE_STYLE_FILL_AREA ( #845 ) ;
#569 = EDGE_CURVE ( 'NONE', #1298, #1574, #861, .T. ) ;
#570 = EDGE_CURVE ( 'NONE', #566, #1423, #947, .T. ) ;
#571 = CARTESIAN_POINT ( 'NONE',  ( -0.1500000000000000800, 0.0000000000000000000, 1.189999999999999900 ) ) ;
#572 = CARTESIAN_POINT ( 'NONE',  ( 0.1499999999999999400, 0.0000000000000000000, 1.189999999999999900 ) ) ;
#573 = ADVANCED_FACE ( 'NONE', ( #214 ), #697, .F. ) ;
#574 = AXIS2_PLACEMENT_3D ( 'NONE', #507, #215, #1558 ) ;
#575 = CARTESIAN_POINT ( 'NONE',  ( 1.793373688874233100, 7.370000000000000100, 0.8109573370802536400 ) ) ;
#576 = ORIENTED_EDGE ( 'NONE', *, *, #95, .T. ) ;
#577 = EDGE_CURVE ( 'NONE', #1001, #1684, #843, .T. ) ;
#578 = ADVANCED_FACE ( 'NONE', ( #53 ), #1549, .T. ) ;
#579 = ORIENTED_EDGE ( 'NONE', *, *, #930, .T. ) ;
#580 = ORIENTED_EDGE ( 'NONE', *, *, #545, .T. ) ;
#581 = CARTESIAN_POINT ( 'NONE',  ( 2.155000000000001100, 7.269999999999996900, 0.6399999999999999000 ) ) ;
#582 = VERTEX_POINT ( 'NONE', #176 ) ;
#583 = STYLED_ITEM ( 'NONE', ( #676 ), #976 ) ;
#584 = VERTEX_POINT ( 'NONE', #85 ) ;
#585 = VERTEX_POINT ( 'NONE', #740 ) ;
#586 = CARTESIAN_POINT ( 'NONE',  ( 1.720930115349683700, 7.303638250277921400, 0.8109573370802536400 ) ) ;
#587 = EDGE_LOOP ( 'NONE', ( #1260, #426, #1024, #1664 ) ) ;
#588 = EDGE_LOOP ( 'NONE', ( #323, #515, #1046, #638 ) ) ;
#589 = STYLED_ITEM ( 'NONE', ( #1170 ), #1507 ) ;
#590 = LINE ( 'NONE', #943, #174 ) ;
#591 = EDGE_CURVE ( 'NONE', #341, #217, #49, .T. ) ;
#592 = VECTOR ( 'NONE', #1341, 1000.000000000000000 ) ;
#593 = ORIENTED_EDGE ( 'NONE', *, *, #1447, .T. ) ;
#594 = DIRECTION ( 'NONE',  ( 0.0000000000000000000, 0.0000000000000000000, 1.000000000000000000 ) ) ;
#595 = VECTOR ( 'NONE', #1492, 1000.000000000000000 ) ;
#596 = AXIS2_PLACEMENT_3D ( 'NONE', #1305, #1309, #364 ) ;
#597 = PLANE ( 'NONE',  #1302 ) ;
#598 = CARTESIAN_POINT ( 'NONE',  ( -3.174999999999998500, 6.349999999999999600, 2.160000000000000100 ) ) ;
#599 = EDGE_CURVE ( 'NONE', #1366, #1747, #1512, .T. ) ;
#600 = ORIENTED_EDGE ( 'NONE', *, *, #1693, .T. ) ;
#601 = VERTEX_POINT ( 'NONE', #1287 ) ;
#602 = AXIS2_PLACEMENT_3D ( 'NONE', #674, #1192, #401 ) ;
#603 = VERTEX_POINT ( 'NONE', #1301 ) ;
#604 = LINE ( 'NONE', #661, #847 ) ;
#605 = VECTOR ( 'NONE', #235, 1000.000000000000000 ) ;
#606 = CARTESIAN_POINT ( 'NONE',  ( 2.553063796416540600, 7.337058116518992500, 0.4690426629197462800 ) ) ;
#607 = AXIS2_PLACEMENT_3D ( 'NONE', #25, #778, #1563 ) ;
#608 = LINE ( 'NONE', #1035, #777 ) ;
#609 = LINE ( 'NONE', #1383, #793 ) ;
#610 = DIRECTION ( 'NONE',  ( 0.0000000000000000000, 0.0000000000000000000, 1.000000000000000000 ) ) ;
#611 = VECTOR ( 'NONE', #1156, 1000.000000000000000 ) ;
#612 = CARTESIAN_POINT ( 'NONE',  ( 2.390000000000000600, -0.6400000000000001200, -1.189999999999999900 ) ) ;
#613 = CARTESIAN_POINT ( 'NONE',  ( 0.1499999999999999700, 0.0000000000000000000, 1.039999999999999800 ) ) ;
#614 = PLANE ( 'NONE',  #1203 ) ;
#615 = ORIENTED_EDGE ( 'NONE', *, *, #570, .F. ) ;
#617 = DIRECTION ( 'NONE',  ( -0.0000000000000000000, -1.000000000000000000, -0.0000000000000000000 ) ) ;
#616 = AXIS2_PLACEMENT_3D ( 'NONE', #1431, #1315, #67 ) ;
#618 = ORIENTED_EDGE ( 'NONE', *, *, #938, .F. ) ;
#619 = DIRECTION ( 'NONE',  ( -0.0000000000000000000, 1.000000000000000000, -0.0000000000000000000 ) ) ;
#620 = DIRECTION ( 'NONE',  ( -1.000000000000000000, 0.0000000000000000000, -0.0000000000000000000 ) ) ;
#621 = VERTEX_POINT ( 'NONE', #450 ) ;
#622 = EDGE_LOOP ( 'NONE', ( #1148, #379, #479, #1676 ) ) ;
#623 = EDGE_LOOP ( 'NONE', ( #1440, #1731, #1618, #1531, #339 ) ) ;
#624 = CARTESIAN_POINT ( 'NONE',  ( 1.006511364405071200, 7.169999999999999900, 0.8109573370802536400 ) ) ;
#625 = MANIFOLD_SOLID_BREP ( 'Fillet2', #629 ) ;
#626 = EDGE_CURVE ( 'NONE', #1373, #799, #413, .T. ) ;
#627 = CIRCLE ( 'NONE', #759, 0.1499999999999999700 ) ;
#628 = FILL_AREA_STYLE ('',( #1318 ) ) ;
#629 = CLOSED_SHELL ( 'NONE', ( #36, #751, #149, #342, #157, #424, #963, #201, #1123, #137, #850, #1292, #705 ) ) ;
#630 = VECTOR ( 'NONE', #114, 1000.000000000000000 ) ;
#631 = CARTESIAN_POINT ( 'NONE',  ( 2.155000000000001100, 6.349999999999999600, 0.6399999999999999000 ) ) ;
#632 = VECTOR ( 'NONE', #44, 1000.000000000000000 ) ;
#633 = EDGE_LOOP ( 'NONE', ( #1768, #516, #1214 ) ) ;
#634 = EDGE_CURVE ( 'NONE', #944, #313, #1624, .T. ) ;
#635 = PLANE ( 'NONE',  #832 ) ;
#636 = CARTESIAN_POINT ( 'NONE',  ( -2.689999999999999500, -0.9400000000000000600, -1.039999999999999800 ) ) ;
#637 = CARTESIAN_POINT ( 'NONE',  ( -2.539999999999999600, -0.9400000000000000600, -3.179999999999999700 ) ) ;
#638 = ORIENTED_EDGE ( 'NONE', *, *, #569, .F. ) ;
#639 = EDGE_LOOP ( 'NONE', ( #1143, #1570, #1564 ) ) ;
#640 = PRESENTATION_STYLE_ASSIGNMENT (( #818 ) ) ;
#641 = EDGE_CURVE ( 'NONE', #341, #734, #1037, .T. ) ;
#642 = CIRCLE ( 'NONE', #559, 0.1499999999999999700 ) ;
#643 = FACE_OUTER_BOUND ( 'NONE', #833, .T. ) ;
#644 = PRESENTATION_LAYER_ASSIGNMENT (  '', '', ( #1627 ) ) ;
#645 = EDGE_LOOP ( 'NONE', ( #1708, #185, #660, #153 ) ) ;
#646 = CARTESIAN_POINT ( 'NONE',  ( -2.689999999999999500, -0.6400000000000001200, -1.189999999999999900 ) ) ;
#647 = CARTESIAN_POINT ( 'NONE',  ( 2.155000000000001100, 7.370000000000000100, 0.6399999999999999000 ) ) ;
#648 =( NAMED_UNIT ( * ) PLANE_ANGLE_UNIT ( ) SI_UNIT ( $, .RADIAN. ) );
#649 = SPHERICAL_SURFACE ( 'NONE', #933, 0.1499999999999999900 ) ;
#650 = CARTESIAN_POINT ( 'NONE',  ( -2.689999999999999500, 0.0000000000000000000, -1.039999999999999800 ) ) ;
#651 = CIRCLE ( 'NONE', #607, 0.1499999999999999700 ) ;
#652 = CARTESIAN_POINT ( 'NONE',  ( 2.624865500860011500, 7.169999999999999900, 0.8109573370802536400 ) ) ;
#653 = EDGE_CURVE ( 'NONE', #939, #1366, #842, .T. ) ;
#654 = DIRECTION ( 'NONE',  ( 1.000000000000000000, 0.0000000000000000000, 0.0000000000000000000 ) ) ;
#655 = DIRECTION ( 'NONE',  ( 0.0000000000000000000, 0.0000000000000000000, -1.000000000000000000 ) ) ;
#656 = CARTESIAN_POINT ( 'NONE',  ( -2.389999999999999700, -0.7900000000000001500, -1.339999999999999900 ) ) ;
#657 = EDGE_CURVE ( 'NONE', #603, #1151, #841, .T. ) ;
#658 = AXIS2_PLACEMENT_3D ( 'NONE', #1125, #315, #160 ) ;
#659 = PLANE ( 'NONE',  #853 ) ;
#660 = ORIENTED_EDGE ( 'NONE', *, *, #177, .F. ) ;
#661 = CARTESIAN_POINT ( 'NONE',  ( 0.1499999999999999400, -1.090000000000000100, 1.189999999999999900 ) ) ;
#662 = ORIENTED_EDGE ( 'NONE', *, *, #673, .T. ) ;
#663 = LINE ( 'NONE', #707, #1228 ) ;
#664 = PLANE ( 'NONE',  #46 ) ;
#665 = DIRECTION ( 'NONE',  ( 1.000000000000000000, 0.0000000000000000000, -0.0000000000000000000 ) ) ;
#666 = PRODUCT_CONTEXT ( 'NONE', #848, 'mechanical' ) ;
#667 = ORIENTED_EDGE ( 'NONE', *, *, #1196, .F. ) ;
#668 = ORIENTED_EDGE ( 'NONE', *, *, #1425, .F. ) ;
#669 = CARTESIAN_POINT ( 'NONE',  ( -2.689999999999999500, -0.9400000000000000600, -3.179999999999999700 ) ) ;
#670 = AXIS2_PLACEMENT_3D ( 'NONE', #199, #376, #471 ) ;
#671 = VERTEX_POINT ( 'NONE', #571 ) ;
#672 = ORIENTED_EDGE ( 'NONE', *, *, #132, .T. ) ;
#673 = EDGE_CURVE ( 'NONE', #18, #582, #17, .T. ) ;
#674 = CARTESIAN_POINT ( 'NONE',  ( 2.540000000000000500, -0.9400000000000000600, 0.0000000000000000000 ) ) ;
#675 = DIRECTION ( 'NONE',  ( 1.000000000000000000, 0.0000000000000000000, 0.0000000000000000000 ) ) ;
#676 = PRESENTATION_STYLE_ASSIGNMENT (( #1090 ) ) ;
#677 = CARTESIAN_POINT ( 'NONE',  ( 2.690000000000000400, -0.6400000000000001200, -1.189999999999999900 ) ) ;
#678 = ORIENTED_EDGE ( 'NONE', *, *, #191, .T. ) ;
#679 = DIRECTION ( 'NONE',  ( 0.0000000000000000000, 0.0000000000000000000, -1.000000000000000000 ) ) ;
#680 = PRESENTATION_LAYER_ASSIGNMENT (  '', '', ( #480 ) ) ;
#681 = CIRCLE ( 'NONE', #433, 0.1499999999999999700 ) ;
#682 = DIRECTION ( 'NONE',  ( 0.0000000000000000000, 1.000000000000000000, 0.0000000000000000000 ) ) ;
#683 = DIRECTION ( 'NONE',  ( -0.0000000000000000000, -1.000000000000000000, -0.0000000000000000000 ) ) ;
#684 =( LENGTH_UNIT ( ) NAMED_UNIT ( * ) SI_UNIT ( .MILLI., .METRE. ) );
#685 = AXIS2_PLACEMENT_3D ( 'NONE', #1448, #686, #1485 ) ;
#686 = DIRECTION ( 'NONE',  ( 0.0000000000000000000, 1.000000000000000000, 0.0000000000000000000 ) ) ;
#687 = EDGE_CURVE ( 'NONE', #1410, #1355, #898, .T. ) ;
#688 = DIRECTION ( 'NONE',  ( 0.0000000000000000000, -1.000000000000000000, 0.0000000000000000000 ) ) ;
#689 = B_SPLINE_CURVE_WITH_KNOTS ( 'NONE', 3,
 ( #1256, #586, #1535, #575 ),
 .UNSPECIFIED., .F., .F.,
 ( 4, 4 ),
 ( 0.0000000000000000000, 0.0001473625535688262800 ),
 .UNSPECIFIED. ) ;
#690 = CARTESIAN_POINT ( 'NONE',  ( -4.065758146820641600E-017, -0.9400000000000000600, 1.039999999999999800 ) ) ;
#691 = VECTOR ( 'NONE', #683, 1000.000000000000000 ) ;
#692 = ORIENTED_EDGE ( 'NONE', *, *, #997, .T. ) ;
#693 = ORIENTED_EDGE ( 'NONE', *, *, #569, .T. ) ;
#694 = DIRECTION ( 'NONE',  ( -1.000000000000000000, -0.0000000000000000000, 0.0000000000000000000 ) ) ;
#695 = SURFACE_STYLE_FILL_AREA ( #628 ) ;
#696 = EDGE_LOOP ( 'NONE', ( #1665, #1603, #771, #964, #1400, #678, #1154, #1296 ) ) ;
#697 = PLANE ( 'NONE',  #459 ) ;
#698 = CARTESIAN_POINT ( 'NONE',  ( 0.0000000000000000000, 0.0000000000000000000, -3.179999999999999700 ) ) ;
#699 = VECTOR ( 'NONE', #736, 1000.000000000000000 ) ;
#700 = LINE ( 'NONE', #14, #287 ) ;
#701 = EDGE_CURVE ( 'NONE', #834, #1355, #1253, .T. ) ;
#702 =( NAMED_UNIT ( * ) PLANE_ANGLE_UNIT ( ) SI_UNIT ( $, .RADIAN. ) );
#703 = ADVANCED_FACE ( 'NONE', ( #1454 ), #1029, .F. ) ;
#704 = CARTESIAN_POINT ( 'NONE',  ( 2.690000000000000400, -0.6400000000000001200, -1.339999999999999900 ) ) ;
#705 = ADVANCED_FACE ( 'NONE', ( #435 ), #458, .F. ) ;
#706 = ORIENTED_EDGE ( 'NONE', *, *, #1158, .T. ) ;
#707 = CARTESIAN_POINT ( 'NONE',  ( 2.390000000000000600, -1.090000000000000100, -3.179999999999999700 ) ) ;
#708 = ORIENTED_EDGE ( 'NONE', *, *, #895, .F. ) ;
#709 = SPHERICAL_SURFACE ( 'NONE', #1347, 0.1499999999999999900 ) ;
#710 = ORIENTED_EDGE ( 'NONE', *, *, #328, .F. ) ;
#711 = FACE_OUTER_BOUND ( 'NONE', #961, .T. ) ;
#712 = SURFACE_STYLE_FILL_AREA ( #911 ) ;
#713 = STYLED_ITEM ( 'NONE', ( #1093 ), #1428 ) ;
#714 = CARTESIAN_POINT ( 'NONE',  ( 0.1499999999999999400, -0.6400000000000001200, 1.189999999999999900 ) ) ;
#715 = DIRECTION ( 'NONE',  ( 0.0000000000000000000, -1.000000000000000000, 0.0000000000000000000 ) ) ;
#716 = ADVANCED_FACE ( 'NONE', ( #543 ), #614, .F. ) ;
#717 = LINE ( 'NONE', #1466, #1060 ) ;
#718 = ORIENTED_EDGE ( 'NONE', *, *, #273, .F. ) ;
#719 = DIRECTION ( 'NONE',  ( 0.0000000000000000000, 0.0000000000000000000, -1.000000000000000000 ) ) ;
#720 = EDGE_LOOP ( 'NONE', ( #349, #1409, #69, #1634 ) ) ;
#721 = DIRECTION ( 'NONE',  ( 1.003890900449541100E-016, 0.0000000000000000000, 1.000000000000000000 ) ) ;
#722 = DIRECTION ( 'NONE',  ( 0.0000000000000000000, -0.0000000000000000000, 1.000000000000000000 ) ) ;
#723 = DIRECTION ( 'NONE',  ( -0.0000000000000000000, -1.000000000000000000, -0.0000000000000000000 ) ) ;
#724 = EDGE_CURVE ( 'NONE', #1373, #1279, #796, .T. ) ;
#725 = CIRCLE ( 'NONE', #1133, 0.5000000000000000000 ) ;
#726 = ORIENTED_EDGE ( 'NONE', *, *, #1693, .F. ) ;
#727 = ORIENTED_EDGE ( 'NONE', *, *, #1679, .F. ) ;
#728 = AXIS2_PLACEMENT_3D ( 'NONE', #975, #715, #1663 ) ;
#729 = ORIENTED_EDGE ( 'NONE', *, *, #557, .F. ) ;
#730 = CARTESIAN_POINT ( 'NONE',  ( 2.690000000000000400, 0.0000000000000000000, -0.8899999999999999000 ) ) ;
#731 = ADVANCED_FACE ( 'NONE', ( #643 ), #664, .F. ) ;
#732 = PRESENTATION_STYLE_ASSIGNMENT (( #801 ) ) ;
#733 = VERTEX_POINT ( 'NONE', #714 ) ;
#734 = VERTEX_POINT ( 'NONE', #355 ) ;
#735 = UNCERTAINTY_MEASURE_WITH_UNIT (LENGTH_MEASURE( 1.000000000000000100E-005 ), #1160, 'distance_accuracy_value', 'NONE');
#736 = DIRECTION ( 'NONE',  ( -0.0000000000000000000, -1.000000000000000000, -0.0000000000000000000 ) ) ;
#737 = CARTESIAN_POINT ( 'NONE',  ( -5.421010862427522200E-017, 0.0000000000000000000, 1.039999999999999800 ) ) ;
#738 = FACE_OUTER_BOUND ( 'NONE', #623, .T. ) ;
#739 = AXIS2_PLACEMENT_3D ( 'NONE', #112, #1602, #807 ) ;
#740 = CARTESIAN_POINT ( 'NONE',  ( -4.065758146820639200E-017, -1.090000000000000100, 1.039999999999999800 ) ) ;
#741 = CARTESIAN_POINT ( 'NONE',  ( 0.1499999999999999400, -1.090000000000000100, 3.179999999999999700 ) ) ;
#742 = CARTESIAN_POINT ( 'NONE',  ( -2.389999999999999700, -0.7900000000000001500, -3.179999999999999700 ) ) ;
#743 = EDGE_CURVE ( 'NONE', #91, #208, #1181, .T. ) ;
#744 = DIRECTION ( 'NONE',  ( 0.0000000000000000000, 0.0000000000000000000, -1.000000000000000000 ) ) ;
#745 = ORIENTED_EDGE ( 'NONE', *, *, #1225, .F. ) ;
#746 = EDGE_LOOP ( 'NONE', ( #1354, #10, #535 ) ) ;
#747 = LINE ( 'NONE', #277, #190 ) ;
#748 = ORIENTED_EDGE ( 'NONE', *, *, #204, .F. ) ;
#749 = LINE ( 'NONE', #1293, #1055 ) ;
#750 = CIRCLE ( 'NONE', #990, 0.1499999999999999700 ) ;
#751 = ADVANCED_FACE ( 'NONE', ( #166 ), #41, .F. ) ;
#752 = CARTESIAN_POINT ( 'NONE',  ( -5.421010862427522200E-017, 0.0000000000000000000, 0.8899999999999999000 ) ) ;
#753 = CARTESIAN_POINT ( 'NONE',  ( -2.689999999999999500, -1.090000000000000100, -1.039999999999999800 ) ) ;
#754 = VERTEX_POINT ( 'NONE', #1323 ) ;
#755 = CARTESIAN_POINT ( 'NONE',  ( -2.689999999999999500, -0.0000000000000000000, -1.189999999999999900 ) ) ;
#756 = EDGE_CURVE ( 'NONE', #1573, #1402, #1211, .T. ) ;
#757 = CYLINDRICAL_SURFACE ( 'NONE', #866, 0.1499999999999999700 ) ;
#758 = DIRECTION ( 'NONE',  ( 0.0000000000000000000, 1.000000000000000000, 0.0000000000000000000 ) ) ;
#759 = AXIS2_PLACEMENT_3D ( 'NONE', #122, #619, #655 ) ;
#760 = DIRECTION ( 'NONE',  ( 0.0000000000000000000, 1.000000000000000000, 0.0000000000000000000 ) ) ;
#761 = CARTESIAN_POINT ( 'NONE',  ( -2.689999999999999500, -0.0000000000000000000, -0.8899999999999999000 ) ) ;
#762 = VECTOR ( 'NONE', #534, 1000.000000000000000 ) ;
#763 =( NAMED_UNIT ( * ) SI_UNIT ( $, .STERADIAN. ) SOLID_ANGLE_UNIT ( ) );
#764 = DIRECTION ( 'NONE',  ( 1.000000000000000000, 0.0000000000000000000, 0.0000000000000000000 ) ) ;
#765 = LINE ( 'NONE', #1597, #605 ) ;
#766 = PRESENTATION_LAYER_ASSIGNMENT (  '', '', ( #589 ) ) ;
#767 = ORIENTED_EDGE ( 'NONE', *, *, #1568, .T. ) ;
#768 = FACE_OUTER_BOUND ( 'NONE', #746, .T. ) ;
#769 = CARTESIAN_POINT ( 'NONE',  ( -2.539999999999999600, -0.9400000000000000600, -1.039999999999999800 ) ) ;
#770 = CIRCLE ( 'NONE', #262, 0.1499999999999999700 ) ;
#771 = ORIENTED_EDGE ( 'NONE', *, *, #1288, .T. ) ;
#772 = DIRECTION ( 'NONE',  ( 0.0000000000000000000, -1.000000000000000000, -0.0000000000000000000 ) ) ;
#773 = DIRECTION ( 'NONE',  ( 1.000000000000000000, 0.0000000000000000000, 0.0000000000000000000 ) ) ;
#774 = SPHERICAL_SURFACE ( 'NONE', #1376, 0.1499999999999999900 ) ;
#775 = FACE_OUTER_BOUND ( 'NONE', #392, .T. ) ;
#776 = DIRECTION ( 'NONE',  ( 1.000000000000000000, 0.0000000000000000000, 0.0000000000000000000 ) ) ;
#777 = VECTOR ( 'NONE', #62, 1000.000000000000000 ) ;
#778 = DIRECTION ( 'NONE',  ( -0.0000000000000000000, 0.0000000000000000000, -1.000000000000000000 ) ) ;
#779 = DIRECTION ( 'NONE',  ( 0.0000000000000000000, 0.0000000000000000000, 1.000000000000000000 ) ) ;
#780 = EDGE_CURVE ( 'NONE', #939, #585, #198, .T. ) ;
#781 = CARTESIAN_POINT ( 'NONE',  ( -2.389999999999999700, -0.9400000000000000600, -1.039999999999999800 ) ) ;
#782 = CARTESIAN_POINT ( 'NONE',  ( 2.155000000000001100, 7.270000000000000500, 1.139999999999999900 ) ) ;
#783 = SURFACE_STYLE_FILL_AREA ( #203 ) ;
#784 = DIRECTION ( 'NONE',  ( -0.0000000000000000000, 1.000000000000000000, -0.0000000000000000000 ) ) ;
#785 = LINE ( 'NONE', #951, #691 ) ;
#786 = CARTESIAN_POINT ( 'NONE',  ( 2.540000000000000500, -1.090000000000000100, -0.8899999999999999000 ) ) ;
#787 = VERTEX_POINT ( 'NONE', #255 ) ;
#788 = CIRCLE ( 'NONE', #1165, 0.1499999999999999700 ) ;
#789 = ORIENTED_EDGE ( 'NONE', *, *, #641, .F. ) ;
#790 = EDGE_LOOP ( 'NONE', ( #281, #334, #97, #1259 ) ) ;
#791 = EDGE_LOOP ( 'NONE', ( #456, #236, #1662, #667, #693, #501, #1153, #965 ) ) ;
#792 = DIRECTION ( 'NONE',  ( -0.0000000000000000000, 1.000000000000000000, -0.0000000000000000000 ) ) ;
#793 = VECTOR ( 'NONE', #1752, 1000.000000000000000 ) ;
#794 = VERTEX_POINT ( 'NONE', #925 ) ;
#795 = CARTESIAN_POINT ( 'NONE',  ( 0.1499999999999999700, -0.9400000000000000600, 0.8899999999999999000 ) ) ;
#796 = LINE ( 'NONE', #1762, #103 ) ;
#797 = CARTESIAN_POINT ( 'NONE',  ( -2.539999999999999600, -0.9400000000000000600, -1.039999999999999800 ) ) ;
#798 =( GEOMETRIC_REPRESENTATION_CONTEXT ( 3 ) GLOBAL_UNCERTAINTY_ASSIGNED_CONTEXT ( ( #168 ) ) GLOBAL_UNIT_ASSIGNED_CONTEXT ( ( #1727, #1565, #246 ) ) REPRESENTATION_CONTEXT ( 'NONE', 'WORKASPACE' ) );
#799 = VERTEX_POINT ( 'NONE', #923 ) ;
#800 =( LENGTH_UNIT ( ) NAMED_UNIT ( * ) SI_UNIT ( .MILLI., .METRE. ) );
#801 = SURFACE_STYLE_USAGE ( .BOTH. , #1062 ) ;
#802 = CARTESIAN_POINT ( 'NONE',  ( 1.006511364405071200, 7.169999999999999900, 0.4690426629197462800 ) ) ;
#803 = VECTOR ( 'NONE', #286, 1000.000000000000000 ) ;
#804 = PRESENTATION_LAYER_ASSIGNMENT (  '', '', ( #713 ) ) ;
#805 = SPHERICAL_SURFACE ( 'NONE', #388, 0.1499999999999999900 ) ;
#806 = DIRECTION ( 'NONE',  ( 0.0000000000000000000, -1.000000000000000000, 0.0000000000000000000 ) ) ;
#807 = DIRECTION ( 'NONE',  ( 0.0000000000000000000, 0.0000000000000000000, -1.000000000000000000 ) ) ;
#808 = DIRECTION ( 'NONE',  ( 0.0000000000000000000, 0.0000000000000000000, 1.000000000000000000 ) ) ;
#809 = EDGE_LOOP ( 'NONE', ( #1114, #223, #562, #181 ) ) ;
#810 = FILL_AREA_STYLE_COLOUR ( '', #81 ) ;
#811 = CARTESIAN_POINT ( 'NONE',  ( 2.690000000000000400, -1.090000000000000100, -1.039999999999999800 ) ) ;
#812 =( NAMED_UNIT ( * ) SI_UNIT ( $, .STERADIAN. ) SOLID_ANGLE_UNIT ( ) );
#813 = VERTEX_POINT ( 'NONE', #1583 ) ;
#814 = ORIENTED_EDGE ( 'NONE', *, *, #1770, .T. ) ;
#815 = SURFACE_SIDE_STYLE ('',( #1692 ) ) ;
#816 = VECTOR ( 'NONE', #1678, 1000.000000000000000 ) ;
#817 = EDGE_CURVE ( 'NONE', #859, #1246, #443, .T. ) ;
#818 = SURFACE_STYLE_USAGE ( .BOTH. , #133 ) ;
#819 = DIRECTION ( 'NONE',  ( -0.0000000000000000000, 0.0000000000000000000, 1.000000000000000000 ) ) ;
#820 = DIRECTION ( 'NONE',  ( 0.0000000000000000000, 0.0000000000000000000, -1.000000000000000000 ) ) ;
#821 = AXIS2_PLACEMENT_3D ( 'NONE', #581, #464, #65 ) ;
#822 = FACE_OUTER_BOUND ( 'NONE', #412, .T. ) ;
#823 = VECTOR ( 'NONE', #332, 1000.000000000000000 ) ;
#824 = VECTOR ( 'NONE', #1150, 1000.000000000000000 ) ;
#825 = VERTEX_POINT ( 'NONE', #636 ) ;
#826 = DIRECTION ( 'NONE',  ( -0.0000000000000000000, 0.0000000000000000000, 1.000000000000000000 ) ) ;
#827 = DIRECTION ( 'NONE',  ( -1.000000000000000000, -0.0000000000000000000, -0.0000000000000000000 ) ) ;
#828 =( NAMED_UNIT ( * ) SI_UNIT ( $, .STERADIAN. ) SOLID_ANGLE_UNIT ( ) );
#829 = EDGE_CURVE ( 'NONE', #671, #1082, #183, .T. ) ;
#830 = ADVANCED_FACE ( 'NONE', ( #1278 ), #888, .T. ) ;
#831 = DIRECTION ( 'NONE',  ( -0.0000000000000000000, 1.000000000000000000, -0.0000000000000000000 ) ) ;
#832 = AXIS2_PLACEMENT_3D ( 'NONE', #909, #226, #1319 ) ;
#833 = EDGE_LOOP ( 'NONE', ( #1219, #1285, #767, #1489, #264, #1461, #860 ) ) ;
#834 = VERTEX_POINT ( 'NONE', #497 ) ;
#835 = EDGE_LOOP ( 'NONE', ( #1348, #312, #284, #540 ) ) ;
#836 = DIRECTION ( 'NONE',  ( 0.0000000000000000000, 1.000000000000000000, 0.0000000000000000000 ) ) ;
#837 = DIRECTION ( 'NONE',  ( 0.0000000000000000000, 0.0000000000000000000, 1.000000000000000000 ) ) ;
#838 = LINE ( 'NONE', #1166, #882 ) ;
#839 = ADVANCED_FACE ( 'NONE', ( #370 ), #709, .T. ) ;
#840 = EDGE_CURVE ( 'NONE', #799, #582, #1051, .T. ) ;
#841 = CIRCLE ( 'NONE', #1487, 0.1499999999999999900 ) ;
#842 = LINE ( 'NONE', #1718, #1176 ) ;
#843 = LINE ( 'NONE', #422, #1694 ) ;
#844 = MECHANICAL_DESIGN_GEOMETRIC_PRESENTATION_REPRESENTATION (  '', ( #1129 ), #511 ) ;
#845 = FILL_AREA_STYLE ('',( #104 ) ) ;
#846 = CARTESIAN_POINT ( 'NONE',  ( 1.793373688874240000, 7.370000000000000100, 0.4690426629197462800 ) ) ;
#847 = VECTOR ( 'NONE', #935, 1000.000000000000000 ) ;
#848 = APPLICATION_CONTEXT ( 'automotive_design' ) ;
#849 = DIRECTION ( 'NONE',  ( 0.0000000000000000000, -0.0000000000000000000, -1.000000000000000000 ) ) ;
#850 = ADVANCED_FACE ( 'NONE', ( #329 ), #1546, .T. ) ;
#851 = CARTESIAN_POINT ( 'NONE',  ( 2.589069884650316400, 7.303638250277919600, 0.4690426629197462800 ) ) ;
#852 = EDGE_CURVE ( 'NONE', #411, #1001, #747, .T. ) ;
#853 = AXIS2_PLACEMENT_3D ( 'NONE', #1330, #63, #521 ) ;
#854 = EDGE_CURVE ( 'NONE', #1401, #32, #922, .T. ) ;
#855 = COLOUR_RGB ( '',0.8745098039215686300, 1.000000000000000000, 0.9176470588235293700 ) ;
#856 = DIRECTION ( 'NONE',  ( 0.0000000000000000000, 1.000000000000000000, 0.0000000000000000000 ) ) ;
#857 = PRESENTATION_STYLE_ASSIGNMENT (( #1480 ) ) ;
#858 = AXIS2_PLACEMENT_3D ( 'NONE', #474, #1043, #202 ) ;
#859 = VERTEX_POINT ( 'NONE', #612 ) ;
#860 = ORIENTED_EDGE ( 'NONE', *, *, #1158, .F. ) ;
#861 = CIRCLE ( 'NONE', #821, 0.5000000000000000000 ) ;
#862 = EDGE_LOOP ( 'NONE', ( #340, #615, #971, #1178 ) ) ;
#863 = ORIENTED_EDGE ( 'NONE', *, *, #218, .F. ) ;
#864 = MECHANICAL_DESIGN_GEOMETRIC_PRESENTATION_REPRESENTATION (  '', ( #589 ), #954 ) ;
#865 = CARTESIAN_POINT ( 'NONE',  ( 2.540000000000000500, -0.9400000000000000600, -1.039999999999999800 ) ) ;
#866 = AXIS2_PLACEMENT_3D ( 'NONE', #1733, #1351, #594 ) ;
#867 = CARTESIAN_POINT ( 'NONE',  ( 2.553063796416544600, 7.337058116518992500, 0.8109573370802535300 ) ) ;
#868 = FACE_OUTER_BOUND ( 'NONE', #250, .T. ) ;
#869 = UNCERTAINTY_MEASURE_WITH_UNIT (LENGTH_MEASURE( 1.000000000000000100E-005 ), #256, 'distance_accuracy_value', 'NONE');
#870 = AXIS2_PLACEMENT_3D ( 'NONE', #1113, #1661, #849 ) ;
#871 = DIRECTION ( 'NONE',  ( -0.0000000000000000000, 0.0000000000000000000, 1.000000000000000000 ) ) ;
#872 = DIRECTION ( 'NONE',  ( 1.000000000000000000, 0.0000000000000000000, 1.807003620809174600E-016 ) ) ;
#873 = CARTESIAN_POINT ( 'NONE',  ( 2.390000000000000600, -0.6400000000000001200, -1.339999999999999900 ) ) ;
#874 = COLOUR_RGB ( '',0.8745098039215686300, 1.000000000000000000, 0.9176470588235293700 ) ;
#875 = PLANE ( 'NONE',  #970 ) ;
#876 = EDGE_CURVE ( 'NONE', #1392, #582, #391, .T. ) ;
#877 = ORIENTED_EDGE ( 'NONE', *, *, #1497, .F. ) ;
#878 = ORIENTED_EDGE ( 'NONE', *, *, #634, .T. ) ;
#879 = PLANE ( 'NONE',  #404 ) ;
#880 = AXIS2_PLACEMENT_3D ( 'NONE', #460, #871, #1524 ) ;
#881 = ORIENTED_EDGE ( 'NONE', *, *, #1638, .F. ) ;
#882 = VECTOR ( 'NONE', #1368, 1000.000000000000000 ) ;
#883 = DIRECTION ( 'NONE',  ( -1.000000000000000000, 0.0000000000000000000, -0.0000000000000000000 ) ) ;
#884 = ORIENTED_EDGE ( 'NONE', *, *, #55, .T. ) ;
#885 = ORIENTED_EDGE ( 'NONE', *, *, #840, .F. ) ;
#886 = ORIENTED_EDGE ( 'NONE', *, *, #90, .F. ) ;
#887 =( GEOMETRIC_REPRESENTATION_CONTEXT ( 3 ) GLOBAL_UNCERTAINTY_ASSIGNED_CONTEXT ( ( #30 ) ) GLOBAL_UNIT_ASSIGNED_CONTEXT ( ( #1407, #1087, #338 ) ) REPRESENTATION_CONTEXT ( 'NONE', 'WORKASPACE' ) );
#888 = PLANE ( 'NONE',  #949 ) ;
#889 = ADVANCED_FACE ( 'NONE', ( #245 ), #307, .T. ) ;
#890 = DIRECTION ( 'NONE',  ( 0.0000000000000000000, 1.000000000000000000, 0.0000000000000000000 ) ) ;
#891 = MECHANICAL_DESIGN_GEOMETRIC_PRESENTATION_REPRESENTATION (  '', ( #713 ), #982 ) ;
#892 = ORIENTED_EDGE ( 'NONE', *, *, #626, .T. ) ;
#893 = AXIS2_PLACEMENT_3D ( 'NONE', #438, #617, #719 ) ;
#894 = CARTESIAN_POINT ( 'NONE',  ( 3.175000000000000700, 0.0000000000000000000, -2.160000000000000100 ) ) ;
#895 = EDGE_CURVE ( 'NONE', #1747, #601, #193, .T. ) ;
#896 = ORIENTED_EDGE ( 'NONE', *, *, #1555, .F. ) ;
#897 = ORIENTED_EDGE ( 'NONE', *, *, #478, .T. ) ;
#898 = LINE ( 'NONE', #755, #1513 ) ;
#899 = CARTESIAN_POINT ( 'NONE',  ( 2.690000000000000400, -0.7900000000000001500, -3.179999999999999700 ) ) ;
#900 = VECTOR ( 'NONE', #912, 1000.000000000000000 ) ;
#901 = COLOUR_RGB ( '',1.000000000000000000, 1.000000000000000000, 1.000000000000000000 ) ;
#902 = LINE ( 'NONE', #1212, #992 ) ;
#903 = ORIENTED_EDGE ( 'NONE', *, *, #852, .T. ) ;
#904 = DIRECTION ( 'NONE',  ( 0.0000000000000000000, 1.000000000000000000, 0.0000000000000000000 ) ) ;
#905 = CARTESIAN_POINT ( 'NONE',  ( 2.155000000000001100, 7.169999999999999900, 0.6399999999999999000 ) ) ;
#906 = CYLINDRICAL_SURFACE ( 'NONE', #574, 0.1499999999999999900 ) ;
#907 = EDGE_CURVE ( 'NONE', #1423, #1684, #373, .T. ) ;
#908 = CYLINDRICAL_SURFACE ( 'NONE', #893, 0.4999999999999998900 ) ;
#909 = CARTESIAN_POINT ( 'NONE',  ( -2.689999999999999500, -1.090000000000000100, -1.189999999999999900 ) ) ;
#910 = FILL_AREA_STYLE ('',( #1096 ) ) ;
#911 = FILL_AREA_STYLE ('',( #414 ) ) ;
#912 = DIRECTION ( 'NONE',  ( -0.0000000000000000000, 1.000000000000000000, 0.0000000000000000000 ) ) ;
#913 = FILL_AREA_STYLE_COLOUR ( '', #1339 ) ;
#914 = CARTESIAN_POINT ( 'NONE',  ( 2.690000000000000400, 0.0000000000000000000, -1.189999999999999900 ) ) ;
#915 = CLOSED_SHELL ( 'NONE', ( #1667, #731, #1778, #563, #1641, #1116, #1653, #418, #437, #839, #578, #1380, #1244 ) ) ;
#916 = CARTESIAN_POINT ( 'NONE',  ( -5.421010862427519700E-017, -0.9400000000000000600, 1.039999999999999800 ) ) ;
#917 = EDGE_LOOP ( 'NONE', ( #1645, #983, #1028, #1677 ) ) ;
#918 = VECTOR ( 'NONE', #1740, 1000.000000000000000 ) ;
#919 = CARTESIAN_POINT ( 'NONE',  ( 2.155000000000001100, 7.370000000000000100, 0.6399999999999999000 ) ) ;
#920 = EDGE_LOOP ( 'NONE', ( #1769, #476, #1426, #1183, #213, #1751 ) ) ;
#921 = AXIS2_PLACEMENT_3D ( 'NONE', #319, #994, #1241 ) ;
#922 = CIRCLE ( 'NONE', #314, 0.1499999999999999700 ) ;
#923 = CARTESIAN_POINT ( 'NONE',  ( 2.540000000000000500, -1.090000000000000100, -1.039999999999999800 ) ) ;
#924 =( NAMED_UNIT ( * ) PLANE_ANGLE_UNIT ( ) SI_UNIT ( $, .RADIAN. ) );
#925 = CARTESIAN_POINT ( 'NONE',  ( -2.389999999999999700, -0.9400000000000000600, -3.179999999999999700 ) ) ;
#926 = DIRECTION ( 'NONE',  ( 0.0000000000000000000, 1.000000000000000000, 0.0000000000000000000 ) ) ;
#927 = VECTOR ( 'NONE', #1745, 1000.000000000000000 ) ;
#928 = DIRECTION ( 'NONE',  ( -0.0000000000000000000, 0.0000000000000000000, 1.000000000000000000 ) ) ;
#929 = PRESENTATION_STYLE_ASSIGNMENT (( #1486 ) ) ;
#930 = EDGE_CURVE ( 'NONE', #1574, #417, #1495, .T. ) ;
#931 = FILL_AREA_STYLE ('',( #241 ) ) ;
#932 = CARTESIAN_POINT ( 'NONE',  ( -2.539999999999999600, -0.9400000000000000600, -1.039999999999999800 ) ) ;
#933 = AXIS2_PLACEMENT_3D ( 'NONE', #932, #519, #106 ) ;
#934 =( LENGTH_UNIT ( ) NAMED_UNIT ( * ) SI_UNIT ( .MILLI., .METRE. ) );
#935 = DIRECTION ( 'NONE',  ( -0.0000000000000000000, 1.000000000000000000, -0.0000000000000000000 ) ) ;
#936 = PLANE ( 'NONE',  #1530 ) ;
#937 = ORIENTED_EDGE ( 'NONE', *, *, #701, .T. ) ;
#938 = EDGE_CURVE ( 'NONE', #411, #1423, #1313, .T. ) ;
#939 = VERTEX_POINT ( 'NONE', #1277 ) ;
#940 = AXIS2_PLACEMENT_3D ( 'NONE', #221, #1172, #1469 ) ;
#941 = EDGE_CURVE ( 'NONE', #733, #59, #1079, .T. ) ;
#942 = ORIENTED_EDGE ( 'NONE', *, *, #218, .T. ) ;
#943 = CARTESIAN_POINT ( 'NONE',  ( -0.1500000000000000800, -0.7900000000000001500, 1.339999999999999900 ) ) ;
#944 = VERTEX_POINT ( 'NONE', #646 ) ;
#945 = ORIENTED_EDGE ( 'NONE', *, *, #282, .T. ) ;
#946 = DIRECTION ( 'NONE',  ( 1.000000000000000000, 0.0000000000000000000, 0.0000000000000000000 ) ) ;
#947 = LINE ( 'NONE', #1635, #1427 ) ;
#948 = ORIENTED_EDGE ( 'NONE', *, *, #420, .T. ) ;
#949 = AXIS2_PLACEMENT_3D ( 'NONE', #54, #1218, #1063 ) ;
#950 = ORIENTED_EDGE ( 'NONE', *, *, #1389, .T. ) ;
#951 = CARTESIAN_POINT ( 'NONE',  ( 2.690000000000000400, -1.090000000000000100, -3.179999999999999700 ) ) ;
#952 = VERTEX_POINT ( 'NONE', #532 ) ;
#953 = FACE_OUTER_BOUND ( 'NONE', #645, .T. ) ;
#954 =( GEOMETRIC_REPRESENTATION_CONTEXT ( 3 ) GLOBAL_UNCERTAINTY_ASSIGNED_CONTEXT ( ( #1682 ) ) GLOBAL_UNIT_ASSIGNED_CONTEXT ( ( #336, #383, #1695 ) ) REPRESENTATION_CONTEXT ( 'NONE', 'WORKASPACE' ) );
#955 = FACE_OUTER_BOUND ( 'NONE', #917, .T. ) ;
#956 =( LENGTH_UNIT ( ) NAMED_UNIT ( * ) SI_UNIT ( .MILLI., .METRE. ) );
#957 = CARTESIAN_POINT ( 'NONE',  ( -2.389999999999999700, -0.7900000000000001500, -1.339999999999999900 ) ) ;
#958 = DIRECTION ( 'NONE',  ( 0.0000000000000000000, -0.0000000000000000000, 1.000000000000000000 ) ) ;
#959 = CARTESIAN_POINT ( 'NONE',  ( 2.516626311125762500, 7.370000000000000100, 0.4690426629197462800 ) ) ;
#960 = AXIS2_PLACEMENT_3D ( 'NONE', #919, #88, #1059 ) ;
#961 = EDGE_LOOP ( 'NONE', ( #1056, #162, #877, #886, #1328 ) ) ;
#962 = DIRECTION ( 'NONE',  ( 0.0000000000000000000, -0.0000000000000000000, 1.000000000000000000 ) ) ;
#963 = ADVANCED_FACE ( 'NONE', ( #1021 ), #195, .T. ) ;
#964 = ORIENTED_EDGE ( 'NONE', *, *, #1033, .F. ) ;
#965 = ORIENTED_EDGE ( 'NONE', *, *, #230, .T. ) ;
#966 = LINE ( 'NONE', #1273, #125 ) ;
#967 = EDGE_CURVE ( 'NONE', #1580, #1134, #1248, .T. ) ;
#968 = ORIENTED_EDGE ( 'NONE', *, *, #158, .T. ) ;
#969 = CARTESIAN_POINT ( 'NONE',  ( -3.174999999999998900, 0.0000000000000000000, -2.160000000000000100 ) ) ;
#970 = AXIS2_PLACEMENT_3D ( 'NONE', #1413, #1688, #301 ) ;
#971 = ORIENTED_EDGE ( 'NONE', *, *, #475, .F. ) ;
#972 = SURFACE_STYLE_FILL_AREA ( #1459 ) ;
#973 = DIRECTION ( 'NONE',  ( -1.000000000000000000, 0.0000000000000000000, -0.0000000000000000000 ) ) ;
#974 = DIRECTION ( 'NONE',  ( 0.0000000000000000000, -1.000000000000000000, 0.0000000000000000000 ) ) ;
#975 = CARTESIAN_POINT ( 'NONE',  ( 0.0000000000000000000, 0.0000000000000000000, 0.0000000000000000000 ) ) ;
#976 = ADVANCED_FACE ( 'NONE', ( #1159 ), #1500, .T. ) ;
#977 = PRESENTATION_LAYER_ASSIGNMENT (  '', '', ( #1075 ) ) ;
#978 = DIRECTION ( 'NONE',  ( 0.0000000000000000000, 0.0000000000000000000, -1.000000000000000000 ) ) ;
#979 = ORIENTED_EDGE ( 'NONE', *, *, #273, .T. ) ;
#980 = ORIENTED_EDGE ( 'NONE', *, *, #509, .T. ) ;
#981 = CIRCLE ( 'NONE', #527, 0.1499999999999999700 ) ;
#982 =( GEOMETRIC_REPRESENTATION_CONTEXT ( 3 ) GLOBAL_UNCERTAINTY_ASSIGNED_CONTEXT ( ( #1543 ) ) GLOBAL_UNIT_ASSIGNED_CONTEXT ( ( #1031, #1163, #1217 ) ) REPRESENTATION_CONTEXT ( 'NONE', 'WORKASPACE' ) );
#983 = ORIENTED_EDGE ( 'NONE', *, *, #1425, .T. ) ;
#984 = CARTESIAN_POINT ( 'NONE',  ( -0.1500000000000000800, 0.0000000000000000000, 1.189999999999999900 ) ) ;
#985 = ORIENTED_EDGE ( 'NONE', *, *, #400, .T. ) ;
#986 = ORIENTED_EDGE ( 'NONE', *, *, #1673, .T. ) ;
#987 = ORIENTED_EDGE ( 'NONE', *, *, #1290, .F. ) ;
#988 = ORIENTED_EDGE ( 'NONE', *, *, #567, .F. ) ;
#989 = EDGE_LOOP ( 'NONE', ( #48, #16, #161, #1262 ) ) ;
#990 = AXIS2_PLACEMENT_3D ( 'NONE', #769, #1725, #1578 ) ;
#991 = VECTOR ( 'NONE', #1169, 1000.000000000000000 ) ;
#992 = VECTOR ( 'NONE', #37, 1000.000000000000000 ) ;
#993 = VECTOR ( 'NONE', #1227, 1000.000000000000000 ) ;
#994 = DIRECTION ( 'NONE',  ( -1.000000000000000000, 0.0000000000000000000, 0.0000000000000000000 ) ) ;
#995 = B_SPLINE_CURVE_WITH_KNOTS ( 'NONE', 3,
 ( #846, #12, #441, #1396 ),
 .UNSPECIFIED., .F., .F.,
 ( 4, 4 ),
 ( 0.0000000000000000000, 0.0001473625535688334900 ),
 .UNSPECIFIED. ) ;
#996 = CARTESIAN_POINT ( 'NONE',  ( 2.516626311125769200, 7.370000000000000100, 0.8109573370802536400 ) ) ;
#997 = EDGE_CURVE ( 'NONE', #733, #520, #604, .T. ) ;
#998 = VECTOR ( 'NONE', #1026, 1000.000000000000000 ) ;
#999 = AXIS2_PLACEMENT_3D ( 'NONE', #565, #5, #973 ) ;
#1000 = CARTESIAN_POINT ( 'NONE',  ( 2.690000000000000400, 0.0000000000000000000, -1.039999999999999800 ) ) ;
#1001 = VERTEX_POINT ( 'NONE', #1068 ) ;
#1002 = COLOUR_RGB ( '',0.8745098039215686300, 1.000000000000000000, 0.9176470588235293700 ) ;
#1003 =( NAMED_UNIT ( * ) SI_UNIT ( $, .STERADIAN. ) SOLID_ANGLE_UNIT ( ) );
#1004 = ORIENTED_EDGE ( 'NONE', *, *, #1058, .F. ) ;
#1005 = SURFACE_STYLE_USAGE ( .BOTH. , #1561 ) ;
#1006 = CIRCLE ( 'NONE', #421, 0.4000000000000028000 ) ;
#1007 = DIRECTION ( 'NONE',  ( 0.0000000000000000000, 0.0000000000000000000, 1.000000000000000000 ) ) ;
#1008 = CARTESIAN_POINT ( 'NONE',  ( -0.1500000000000004100, -0.9400000000000000600, 3.179999999999999700 ) ) ;
#1009 = STYLED_ITEM ( 'NONE', ( #732 ), #1017 ) ;
#1010 = CARTESIAN_POINT ( 'NONE',  ( 0.0000000000000000000, 0.0000000000000000000, -3.179999999999999700 ) ) ;
#1011 = CARTESIAN_POINT ( 'NONE',  ( 0.1499999999999999400, -0.7900000000000001500, 3.179999999999999700 ) ) ;
#1012 = LINE ( 'NONE', #1588, #131 ) ;
#1013 = DIRECTION ( 'NONE',  ( 1.000000000000000000, 0.0000000000000000000, 0.0000000000000000000 ) ) ;
#1014 = EDGE_CURVE ( 'NONE', #944, #1410, #1687, .T. ) ;
#1015 = DIRECTION ( 'NONE',  ( 0.0000000000000000000, 0.0000000000000000000, -1.000000000000000000 ) ) ;
#1016 =( GEOMETRIC_REPRESENTATION_CONTEXT ( 3 ) GLOBAL_UNCERTAINTY_ASSIGNED_CONTEXT ( ( #227 ) ) GLOBAL_UNIT_ASSIGNED_CONTEXT ( ( #934, #702, #86 ) ) REPRESENTATION_CONTEXT ( 'NONE', 'WORKASPACE' ) );
#1017 = ADVANCED_FACE ( 'NONE', ( #711 ), #1654, .T. ) ;
#1018 = CARTESIAN_POINT ( 'NONE',  ( 1.685134499139990600, 7.169999999999999900, 0.4690426629197462800 ) ) ;
#1019 = ORIENTED_EDGE ( 'NONE', *, *, #328, .T. ) ;
#1020 = ORIENTED_EDGE ( 'NONE', *, *, #1659, .F. ) ;
#1021 = FACE_OUTER_BOUND ( 'NONE', #1261, .T. ) ;
#1022 = DIRECTION ( 'NONE',  ( 0.0000000000000000000, 1.000000000000000000, 0.0000000000000000000 ) ) ;
#1023 = CARTESIAN_POINT ( 'NONE',  ( 2.540000000000000500, -0.9400000000000000600, -1.039999999999999800 ) ) ;
#1024 = ORIENTED_EDGE ( 'NONE', *, *, #299, .F. ) ;
#1025 = DIRECTION ( 'NONE',  ( 0.0000000000000000000, -1.000000000000000000, -0.0000000000000000000 ) ) ;
#1026 = DIRECTION ( 'NONE',  ( -0.0000000000000000000, -0.0000000000000000000, 1.000000000000000000 ) ) ;
#1027 = ORIENTED_EDGE ( 'NONE', *, *, #1126, .T. ) ;
#1028 = ORIENTED_EDGE ( 'NONE', *, *, #1539, .F. ) ;
#1029 = PLANE ( 'NONE',  #1764 ) ;
#1030 = AXIS2_PLACEMENT_3D ( 'NONE', #1547, #1013, #1452 ) ;
#1031 =( LENGTH_UNIT ( ) NAMED_UNIT ( * ) SI_UNIT ( .MILLI., .METRE. ) );
#1032 = LINE ( 'NONE', #333, #169 ) ;
#1033 = EDGE_CURVE ( 'NONE', #1647, #1100, #395, .T. ) ;
#1034 = CARTESIAN_POINT ( 'NONE',  ( -2.689999999999999500, -0.6400000000000001200, -1.339999999999999900 ) ) ;
#1035 = CARTESIAN_POINT ( 'NONE',  ( -3.174999999999998900, 0.0000000000000000000, -2.160000000000000100 ) ) ;
#1036 = DIRECTION ( 'NONE',  ( -1.000000000000000000, -0.0000000000000000000, -0.0000000000000000000 ) ) ;
#1037 = LINE ( 'NONE', #1104, #1557 ) ;
#1038 = AXIS2_PLACEMENT_3D ( 'NONE', #865, #760, #396 ) ;
#1039 = DIRECTION ( 'NONE',  ( 1.000000000000000000, 0.0000000000000000000, -1.003890900449541100E-016 ) ) ;
#1040 = PLANE ( 'NONE',  #99 ) ;
#1041 = DIRECTION ( 'NONE',  ( -0.0000000000000000000, 1.000000000000000000, -0.0000000000000000000 ) ) ;
#1042 = EDGE_CURVE ( 'NONE', #1647, #212, #1231, .T. ) ;
#1043 = DIRECTION ( 'NONE',  ( -1.000000000000000000, -0.0000000000000000000, -9.035018104045873200E-017 ) ) ;
#1044 = CARTESIAN_POINT ( 'NONE',  ( 2.540000000000000500, 0.0000000000000000000, -1.039999999999999800 ) ) ;
#1045 = CARTESIAN_POINT ( 'NONE',  ( -2.689999999999999500, -1.090000000000000100, -3.179999999999999700 ) ) ;
#1046 = ORIENTED_EDGE ( 'NONE', *, *, #930, .F. ) ;
#1047 = LINE ( 'NONE', #1441, #455 ) ;
#1048 = DIRECTION ( 'NONE',  ( 0.0000000000000000000, 0.0000000000000000000, -1.000000000000000000 ) ) ;
#1049 = ORIENTED_EDGE ( 'NONE', *, *, #1126, .F. ) ;
#1050 = DIRECTION ( 'NONE',  ( 0.0000000000000000000, 1.000000000000000000, 0.0000000000000000000 ) ) ;
#1051 = CIRCLE ( 'NONE', #1432, 0.1499999999999999700 ) ;
#1052 = CARTESIAN_POINT ( 'NONE',  ( 1.685134499139990600, 7.269999999999996900, 0.4690426629197462800 ) ) ;
#1053 = FACE_OUTER_BOUND ( 'NONE', #835, .T. ) ;
#1054 = ADVANCED_BREP_SHAPE_REPRESENTATION ( '3269W-1-103LF', ( #1528, #625, #1498, #363, #271 ), #1224 ) ;
#1055 = VECTOR ( 'NONE', #1744, 1000.000000000000000 ) ;
#1056 = ORIENTED_EDGE ( 'NONE', *, *, #3, .F. ) ;
#1057 = CARTESIAN_POINT ( 'NONE',  ( 2.516626311125762500, 7.370000000000000100, 0.4690426629197462800 ) ) ;
#1058 = EDGE_CURVE ( 'NONE', #601, #1620, #1115, .T. ) ;
#1059 = DIRECTION ( 'NONE',  ( 0.0000000000000000000, 0.0000000000000000000, 1.000000000000000000 ) ) ;
#1060 = VECTOR ( 'NONE', #1223, 1000.000000000000000 ) ;
#1061 = FILL_AREA_STYLE_COLOUR ( '', #1378 ) ;
#1062 = SURFACE_SIDE_STYLE ('',( #695 ) ) ;
#1063 = DIRECTION ( 'NONE',  ( 0.0000000000000000000, -0.0000000000000000000, 1.000000000000000000 ) ) ;
#1064 = CARTESIAN_POINT ( 'NONE',  ( -0.1500000000000000500, -0.9400000000000000600, 1.039999999999999800 ) ) ;
#1065 = ORIENTED_EDGE ( 'NONE', *, *, #829, .F. ) ;
#1066 = EDGE_CURVE ( 'NONE', #1275, #1589, #523, .T. ) ;
#1067 = CARTESIAN_POINT ( 'NONE',  ( 2.540000000000000500, 0.0000000000000000000, -0.8899999999999999000 ) ) ;
#1068 = CARTESIAN_POINT ( 'NONE',  ( 3.175000000000000700, 6.349999999999999600, -2.160000000000000100 ) ) ;
#1069 = ORIENTED_EDGE ( 'NONE', *, *, #359, .F. ) ;
#1070 = COLOUR_RGB ( '',0.8745098039215686300, 1.000000000000000000, 0.9176470588235293700 ) ;
#1071 = SURFACE_STYLE_FILL_AREA ( #1362 ) ;
#1072 = CARTESIAN_POINT ( 'NONE',  ( -3.174999999999998900, 6.349999999999999600, -2.160000000000000100 ) ) ;
#1073 = ORIENTED_EDGE ( 'NONE', *, *, #1394, .F. ) ;
#1074 = CARTESIAN_POINT ( 'NONE',  ( -0.1500000000000000800, -0.7900000000000001500, 3.179999999999999700 ) ) ;
#1075 = STYLED_ITEM ( 'NONE', ( #1326 ), #889 ) ;
#1076 = ORIENTED_EDGE ( 'NONE', *, *, #1637, .T. ) ;
#1077 = VERTEX_POINT ( 'NONE', #1011 ) ;
#1078 =( NAMED_UNIT ( * ) SI_UNIT ( $, .STERADIAN. ) SOLID_ANGLE_UNIT ( ) );
#1079 = CIRCLE ( 'NONE', #858, 0.1499999999999999700 ) ;
#1080 = CARTESIAN_POINT ( 'NONE',  ( -2.689999999999999500, -0.7900000000000001500, -1.339999999999999900 ) ) ;
#1081 = COLOUR_RGB ( '',0.8745098039215686300, 1.000000000000000000, 0.9176470588235293700 ) ;
#1082 = VERTEX_POINT ( 'NONE', #56 ) ;
#1083 = EDGE_CURVE ( 'NONE', #1295, #18, #627, .T. ) ;
#1084 = VERTEX_POINT ( 'NONE', #393 ) ;
#1085 = SURFACE_STYLE_USAGE ( .BOTH. , #1743 ) ;
#1086 = CARTESIAN_POINT ( 'NONE',  ( -2.389999999999999700, -0.7900000000000001500, -3.179999999999999700 ) ) ;
#1087 =( NAMED_UNIT ( * ) PLANE_ANGLE_UNIT ( ) SI_UNIT ( $, .RADIAN. ) );
#1088 = DIRECTION ( 'NONE',  ( -1.807003620809174600E-016, 0.0000000000000000000, 1.000000000000000000 ) ) ;
#1089 =( GEOMETRIC_REPRESENTATION_CONTEXT ( 3 ) GLOBAL_UNCERTAINTY_ASSIGNED_CONTEXT ( ( #1680 ) ) GLOBAL_UNIT_ASSIGNED_CONTEXT ( ( #800, #1249, #1723 ) ) REPRESENTATION_CONTEXT ( 'NONE', 'WORKASPACE' ) );
#1090 = SURFACE_STYLE_USAGE ( .BOTH. , #105 ) ;
#1091 = DIRECTION ( 'NONE',  ( -1.000000000000000000, 0.0000000000000000000, 0.0000000000000000000 ) ) ;
#1092 = ORIENTED_EDGE ( 'NONE', *, *, #1213, .T. ) ;
#1093 = PRESENTATION_STYLE_ASSIGNMENT (( #381 ) ) ;
#1094 = EDGE_CURVE ( 'NONE', #1615, #794, #749, .T. ) ;
#1095 = ORIENTED_EDGE ( 'NONE', *, *, #941, .F. ) ;
#1096 = FILL_AREA_STYLE_COLOUR ( '', #855 ) ;
#1097 = CARTESIAN_POINT ( 'NONE',  ( 2.540000000000000500, -0.9400000000000000600, -1.039999999999999800 ) ) ;
#1098 = VECTOR ( 'NONE', #1493, 1000.000000000000000 ) ;
#1099 = AXIS2_PLACEMENT_3D ( 'NONE', #155, #1118, #303 ) ;
#1100 = VERTEX_POINT ( 'NONE', #60 ) ;
#1101 = CARTESIAN_POINT ( 'NONE',  ( -4.065758146820641600E-017, -0.9400000000000000600, 1.039999999999999800 ) ) ;
#1102 = LINE ( 'NONE', #795, #927 ) ;
#1103 = CARTESIAN_POINT ( 'NONE',  ( 2.155000000000001100, 7.269999999999996900, 0.1400000000000000400 ) ) ;
#1104 = CARTESIAN_POINT ( 'NONE',  ( -3.174999999999998900, 6.349999999999999600, -2.160000000000000100 ) ) ;
#1105 = DIRECTION ( 'NONE',  ( 0.0000000000000000000, 1.000000000000000000, 0.0000000000000000000 ) ) ;
#1106 = ADVANCED_FACE ( 'NONE', ( #955 ), #1609, .F. ) ;
#1107 = AXIS2_PLACEMENT_3D ( 'NONE', #647, #1473, #1756 ) ;
#1108 =( NAMED_UNIT ( * ) SI_UNIT ( $, .STERADIAN. ) SOLID_ANGLE_UNIT ( ) );
#1109 = ORIENTED_EDGE ( 'NONE', *, *, #557, .T. ) ;
#1110 = CARTESIAN_POINT ( 'NONE',  ( 1.793373688874233100, 7.370000000000000100, 0.8109573370802536400 ) ) ;
#1111 = ORIENTED_EDGE ( 'NONE', *, *, #420, .F. ) ;
#1112 = VECTOR ( 'NONE', #275, 1000.000000000000000 ) ;
#1113 = CARTESIAN_POINT ( 'NONE',  ( 0.0000000000000000000, 0.0000000000000000000, 0.0000000000000000000 ) ) ;
#1114 = ORIENTED_EDGE ( 'NONE', *, *, #1213, .F. ) ;
#1115 = CIRCLE ( 'NONE', #1140, 0.1499999999999999700 ) ;
#1116 = ADVANCED_FACE ( 'NONE', ( #1715 ), #879, .F. ) ;
#1117 = LINE ( 'NONE', #598, #699 ) ;
#1118 = DIRECTION ( 'NONE',  ( 1.000000000000000000, 0.0000000000000000000, 1.807003620809174600E-016 ) ) ;
#1119 = AXIS2_PLACEMENT_3D ( 'NONE', #291, #694, #530 ) ;
#1120 = ORIENTED_EDGE ( 'NONE', *, *, #35, .T. ) ;
#1121 = ORIENTED_EDGE ( 'NONE', *, *, #1404, .F. ) ;
#1122 = CARTESIAN_POINT ( 'NONE',  ( 2.155000000000001100, 7.370000000000000100, 0.6399999999999999000 ) ) ;
#1123 = ADVANCED_FACE ( 'NONE', ( #1632 ), #1336, .T. ) ;
#1124 = AXIS2_PLACEMENT_3D ( 'NONE', #1168, #493, #116 ) ;
#1125 = CARTESIAN_POINT ( 'NONE',  ( -2.340069688947880100E-016, -0.9400000000000000600, 3.179999999999999700 ) ) ;
#1126 = EDGE_CURVE ( 'NONE', #1355, #32, #346, .T. ) ;
#1127 = CARTESIAN_POINT ( 'NONE',  ( 2.390000000000000600, -0.9400000000000000600, -1.039999999999999800 ) ) ;
#1128 = CARTESIAN_POINT ( 'NONE',  ( 2.540000000000000500, -0.9400000000000000600, -1.039999999999999800 ) ) ;
#1129 = STYLED_ITEM ( 'NONE', ( #929 ), #363 ) ;
#1130 =( NAMED_UNIT ( * ) SI_UNIT ( $, .STERADIAN. ) SOLID_ANGLE_UNIT ( ) );
#1131 = UNCERTAINTY_MEASURE_WITH_UNIT (LENGTH_MEASURE( 1.000000000000000100E-005 ), #1484, 'distance_accuracy_value', 'NONE');
#1132 = ORIENTED_EDGE ( 'NONE', *, *, #1014, .T. ) ;
#1133 = AXIS2_PLACEMENT_3D ( 'NONE', #631, #51, #1700 ) ;
#1134 = VERTEX_POINT ( 'NONE', #1719 ) ;
#1135 = FACE_OUTER_BOUND ( 'NONE', #696, .T. ) ;
#1136 = EDGE_CURVE ( 'NONE', #1082, #1620, #1672, .T. ) ;
#1137 = FACE_OUTER_BOUND ( 'NONE', #142, .T. ) ;
#1138 = CARTESIAN_POINT ( 'NONE',  ( 1.006511364405071200, 7.169999999999999900, 0.8109573370802536400 ) ) ;
#1139 = VECTOR ( 'NONE', #1761, 1000.000000000000000 ) ;
#1140 = AXIS2_PLACEMENT_3D ( 'NONE', #537, #1050, #1545 ) ;
#1141 = VECTOR ( 'NONE', #1286, 1000.000000000000000 ) ;
#1142 = CARTESIAN_POINT ( 'NONE',  ( -0.1500000000000000800, -1.090000000000000100, 1.189999999999999900 ) ) ;
#1143 = ORIENTED_EDGE ( 'NONE', *, *, #1304, .F. ) ;
#1144 = CARTESIAN_POINT ( 'NONE',  ( 0.0000000000000000000, 0.0000000000000000000, 0.0000000000000000000 ) ) ;
#1145 = EDGE_CURVE ( 'NONE', #1726, #825, #1599, .T. ) ;
#1146 = CARTESIAN_POINT ( 'NONE',  ( 2.155000000000001100, 7.370000000000000100, 1.139999999999999900 ) ) ;
#1147 = DIRECTION ( 'NONE',  ( -1.000000000000000000, 0.0000000000000000000, 0.0000000000000000000 ) ) ;
#1148 = ORIENTED_EDGE ( 'NONE', *, *, #907, .T. ) ;
#1149 = SURFACE_STYLE_FILL_AREA ( #108 ) ;
#1150 = DIRECTION ( 'NONE',  ( 1.000000000000000000, -0.0000000000000000000, -0.0000000000000000000 ) ) ;
#1151 = VERTEX_POINT ( 'NONE', #1444 ) ;
#1152 = CARTESIAN_POINT ( 'NONE',  ( 2.390000000000000600, -0.9400000000000000600, -3.179999999999999700 ) ) ;
#1153 = ORIENTED_EDGE ( 'NONE', *, *, #967, .F. ) ;
#1154 = ORIENTED_EDGE ( 'NONE', *, *, #1196, .T. ) ;
#1155 = ADVANCED_FACE ( 'NONE', ( #29 ), #93, .F. ) ;
#1156 = DIRECTION ( 'NONE',  ( -0.0000000000000000000, 0.0000000000000000000, 1.000000000000000000 ) ) ;
#1157 = EDGE_LOOP ( 'NONE', ( #305, #481, #126, #1345, #139 ) ) ;
#1158 = EDGE_CURVE ( 'NONE', #1541, #1077, #439, .T. ) ;
#1159 = FACE_OUTER_BOUND ( 'NONE', #588, .T. ) ;
#1160 =( LENGTH_UNIT ( ) NAMED_UNIT ( * ) SI_UNIT ( .MILLI., .METRE. ) );
#1161 = CYLINDRICAL_SURFACE ( 'NONE', #739, 0.1499999999999999700 ) ;
#1162 = DIRECTION ( 'NONE',  ( -1.000000000000000000, 0.0000000000000000000, -0.0000000000000000000 ) ) ;
#1163 =( NAMED_UNIT ( * ) PLANE_ANGLE_UNIT ( ) SI_UNIT ( $, .RADIAN. ) );
#1164 = ORIENTED_EDGE ( 'NONE', *, *, #309, .T. ) ;
#1166 = CARTESIAN_POINT ( 'NONE',  ( 2.690000000000000400, -0.7900000000000001500, -3.179999999999999700 ) ) ;
#1165 = AXIS2_PLACEMENT_3D ( 'NONE', #1294, #61, #249 ) ;
#1167 = DIRECTION ( 'NONE',  ( 1.000000000000000000, 0.0000000000000000000, 0.0000000000000000000 ) ) ;
#1168 = CARTESIAN_POINT ( 'NONE',  ( 2.155000000000001100, 7.370000000000000100, 0.6399999999999999000 ) ) ;
#1169 = DIRECTION ( 'NONE',  ( -0.0000000000000000000, -1.000000000000000000, -0.0000000000000000000 ) ) ;
#1170 = PRESENTATION_STYLE_ASSIGNMENT (( #1220 ) ) ;
#1171 =( NAMED_UNIT ( * ) PLANE_ANGLE_UNIT ( ) SI_UNIT ( $, .RADIAN. ) );
#1172 = DIRECTION ( 'NONE',  ( 0.0000000000000000000, -1.000000000000000000, 0.0000000000000000000 ) ) ;
#1173 = AXIS2_PLACEMENT_3D ( 'NONE', #1235, #410, #1371 ) ;
#1174 = ORIENTED_EDGE ( 'NONE', *, *, #475, .T. ) ;
#1175 = ORIENTED_EDGE ( 'NONE', *, *, #1594, .F. ) ;
#1176 = VECTOR ( 'NONE', #210, 1000.000000000000000 ) ;
#1177 = DIRECTION ( 'NONE',  ( 0.0000000000000000000, 0.0000000000000000000, -1.000000000000000000 ) ) ;
#1178 = ORIENTED_EDGE ( 'NONE', *, *, #188, .F. ) ;
#1179 = LINE ( 'NONE', #1138, #816 ) ;
#1180 = SURFACE_STYLE_FILL_AREA ( #910 ) ;
#1181 = CIRCLE ( 'NONE', #1550, 0.1499999999999999700 ) ;
#1182 = UNCERTAINTY_MEASURE_WITH_UNIT (LENGTH_MEASURE( 1.000000000000000100E-005 ), #196, 'distance_accuracy_value', 'NONE');
#1183 = ORIENTED_EDGE ( 'NONE', *, *, #68, .F. ) ;
#1184 = EDGE_CURVE ( 'NONE', #584, #313, #1012, .T. ) ;
#1185 = DIRECTION ( 'NONE',  ( -0.0000000000000000000, 1.000000000000000000, -0.0000000000000000000 ) ) ;
#1186 = FACE_OUTER_BOUND ( 'NONE', #121, .T. ) ;
#1187 = DIRECTION ( 'NONE',  ( -1.807003620809174600E-016, 0.0000000000000000000, 1.000000000000000000 ) ) ;
#1188 = VECTOR ( 'NONE', #1460, 1000.000000000000000 ) ;
#1189 = DIRECTION ( 'NONE',  ( -0.0000000000000000000, 1.000000000000000000, -0.0000000000000000000 ) ) ;
#1190 = VECTOR ( 'NONE', #723, 1000.000000000000000 ) ;
#1191 = EDGE_LOOP ( 'NONE', ( #1174, #409, #789, #352 ) ) ;
#1192 = DIRECTION ( 'NONE',  ( -0.0000000000000000000, 0.0000000000000000000, 1.000000000000000000 ) ) ;
#1193 = CARTESIAN_POINT ( 'NONE',  ( 2.155000000000001100, 7.269999999999996900, 0.6399999999999999000 ) ) ;
#1194 = PRESENTATION_STYLE_ASSIGNMENT (( #1233 ) ) ;
#1195 = DIRECTION ( 'NONE',  ( 0.0000000000000000000, 0.0000000000000000000, -1.000000000000000000 ) ) ;
#1196 = EDGE_CURVE ( 'NONE', #1298, #621, #252, .T. ) ;
#1197 =( NAMED_UNIT ( * ) SI_UNIT ( $, .STERADIAN. ) SOLID_ANGLE_UNIT ( ) );
#1198 = CARTESIAN_POINT ( 'NONE',  ( -0.1500000000000000800, -0.7900000000000001500, 3.179999999999999700 ) ) ;
#1199 = VECTOR ( 'NONE', #1754, 1000.000000000000000 ) ;
#1200 = DIRECTION ( 'NONE',  ( 0.0000000000000000000, 1.000000000000000000, 0.0000000000000000000 ) ) ;
#1201 = ORIENTED_EDGE ( 'NONE', *, *, #1568, .F. ) ;
#1202 = PLANE ( 'NONE',  #399 ) ;
#1203 = AXIS2_PLACEMENT_3D ( 'NONE', #1010, #958, #347 ) ;
#1204 = ORIENTED_EDGE ( 'NONE', *, *, #599, .T. ) ;
#1205 = LINE ( 'NONE', #242, #432 ) ;
#1206 = CARTESIAN_POINT ( 'NONE',  ( -3.174999999999998900, 6.349999999999999600, -2.160000000000000100 ) ) ;
#1207 = VERTEX_POINT ( 'NONE', #1324 ) ;
#1208 = PLANE ( 'NONE',  #1258 ) ;
#1209 = CIRCLE ( 'NONE', #1119, 0.1499999999999999700 ) ;
#1210 = CARTESIAN_POINT ( 'NONE',  ( -2.539999999999999600, -1.090000000000000100, -1.039999999999999800 ) ) ;
#1211 = LINE ( 'NONE', #1146, #1190 ) ;
#1212 = CARTESIAN_POINT ( 'NONE',  ( 2.624865500860011500, 7.370000000000000100, 0.4690426629197462800 ) ) ;
#1213 = EDGE_CURVE ( 'NONE', #585, #1620, #1240, .T. ) ;
#1214 = ORIENTED_EDGE ( 'NONE', *, *, #371, .F. ) ;
#1215 = CARTESIAN_POINT ( 'NONE',  ( 1.685134499139990600, 7.370000000000000100, 0.8109573370802536400 ) ) ;
#1216 = FILL_AREA_STYLE ('',( #513 ) ) ;
#1217 =( NAMED_UNIT ( * ) SI_UNIT ( $, .STERADIAN. ) SOLID_ANGLE_UNIT ( ) );
#1218 = DIRECTION ( 'NONE',  ( 0.0000000000000000000, 1.000000000000000000, 0.0000000000000000000 ) ) ;
#1219 = ORIENTED_EDGE ( 'NONE', *, *, #295, .T. ) ;
#1220 = SURFACE_STYLE_USAGE ( .BOTH. , #1451 ) ;
#1221 = DIRECTION ( 'NONE',  ( -0.0000000000000000000, -0.0000000000000000000, 1.000000000000000000 ) ) ;
#1222 = DIRECTION ( 'NONE',  ( 1.003890900449541100E-016, 0.0000000000000000000, 1.000000000000000000 ) ) ;
#1223 = DIRECTION ( 'NONE',  ( -1.000000000000000000, -0.0000000000000000000, -0.0000000000000000000 ) ) ;
#1224 =( GEOMETRIC_REPRESENTATION_CONTEXT ( 3 ) GLOBAL_UNCERTAINTY_ASSIGNED_CONTEXT ( ( #735 ) ) GLOBAL_UNIT_ASSIGNED_CONTEXT ( ( #1160, #19, #828 ) ) REPRESENTATION_CONTEXT ( 'NONE', 'WORKASPACE' ) );
#1225 = EDGE_CURVE ( 'NONE', #59, #1084, #590, .T. ) ;
#1226 = ORIENTED_EDGE ( 'NONE', *, *, #1517, .T. ) ;
#1227 = DIRECTION ( 'NONE',  ( 1.000000000000000000, -0.0000000000000000000, 0.0000000000000000000 ) ) ;
#1228 = VECTOR ( 'NONE', #904, 1000.000000000000000 ) ;
#1229 = AXIS2_PLACEMENT_3D ( 'NONE', #916, #405, #1147 ) ;
#1230 = EDGE_LOOP ( 'NONE', ( #1027, #451, #79, #1491, #1529, #948, #937 ) ) ;
#1231 = LINE ( 'NONE', #1433, #1436 ) ;
#1232 = CARTESIAN_POINT ( 'NONE',  ( 2.155000000000001100, 7.370000000000000100, 0.6399999999999999000 ) ) ;
#1233 = SURFACE_STYLE_USAGE ( .BOTH. , #538 ) ;
#1234 = CYLINDRICAL_SURFACE ( 'NONE', #52, 0.1499999999999999700 ) ;
#1235 = CARTESIAN_POINT ( 'NONE',  ( -2.539999999999999600, -0.9400000000000000600, -1.039999999999999800 ) ) ;
#1236 = AXIS2_PLACEMENT_3D ( 'NONE', #624, #1430, #389 ) ;
#1237 = EDGE_LOOP ( 'NONE', ( #1069, #322 ) ) ;
#1238 = EDGE_CURVE ( 'NONE', #1589, #1373, #1496, .T. ) ;
#1239 = VECTOR ( 'NONE', #1187, 1000.000000000000000 ) ;
#1240 = CIRCLE ( 'NONE', #1229, 0.1499999999999999900 ) ;
#1241 = DIRECTION ( 'NONE',  ( 0.0000000000000000000, 0.0000000000000000000, 1.000000000000000000 ) ) ;
#1242 = PLANE ( 'NONE',  #1453 ) ;
#1243 = CARTESIAN_POINT ( 'NONE',  ( 2.540000000000000500, -1.090000000000000100, -3.179999999999999700 ) ) ;
#1244 = ADVANCED_FACE ( 'NONE', ( #1646 ), #1161, .F. ) ;
#1245 = EDGE_CURVE ( 'NONE', #825, #91, #681, .T. ) ;
#1246 = VERTEX_POINT ( 'NONE', #1702 ) ;
#1247 = ORIENTED_EDGE ( 'NONE', *, *, #1252, .F. ) ;
#1248 = CIRCLE ( 'NONE', #150, 0.5000000000000000000 ) ;
#1249 =( NAMED_UNIT ( * ) PLANE_ANGLE_UNIT ( ) SI_UNIT ( $, .RADIAN. ) );
#1250 = ORIENTED_EDGE ( 'NONE', *, *, #1679, .T. ) ;
#1251 = ADVANCED_FACE ( 'NONE', ( #1582 ), #72, .T. ) ;
#1252 = EDGE_CURVE ( 'NONE', #859, #1592, #1047, .T. ) ;
#1253 = LINE ( 'NONE', #154, #1519 ) ;
#1254 = PLANE ( 'NONE',  #728 ) ;
#1255 = AXIS2_PLACEMENT_3D ( 'NONE', #1587, #1041, #1418 ) ;
#1256 = CARTESIAN_POINT ( 'NONE',  ( 1.685134499139990600, 7.270000000000000500, 0.8109573370802536400 ) ) ;
#1257 = ADVANCED_FACE ( 'NONE', ( #768 ), #64, .T. ) ;
#1258 = AXIS2_PLACEMENT_3D ( 'NONE', #802, #94, #620 ) ;
#1259 = ORIENTED_EDGE ( 'NONE', *, *, #780, .F. ) ;
#1260 = ORIENTED_EDGE ( 'NONE', *, *, #489, .F. ) ;
#1261 = EDGE_LOOP ( 'NONE', ( #885, #187, #239, #1398 ) ) ;
#1262 = ORIENTED_EDGE ( 'NONE', *, *, #577, .T. ) ;
#1263 = DIRECTION ( 'NONE',  ( -1.003890900449541100E-016, -0.0000000000000000000, -1.000000000000000000 ) ) ;
#1264 = LINE ( 'NONE', #1610, #1749 ) ;
#1265 = VECTOR ( 'NONE', #269, 1000.000000000000000 ) ;
#1266 = LINE ( 'NONE', #1421, #505 ) ;
#1267 = CARTESIAN_POINT ( 'NONE',  ( 2.624865500860011500, 7.269999999999996900, 0.4690426629197462800 ) ) ;
#1268 = CARTESIAN_POINT ( 'NONE',  ( 1.793373688874240000, 7.370000000000000100, 0.4690426629197462800 ) ) ;
#1269 = EDGE_CURVE ( 'NONE', #233, #1410, #429, .T. ) ;
#1270 = ADVANCED_FACE ( 'NONE', ( #1135 ), #908, .T. ) ;
#1271 = DIRECTION ( 'NONE',  ( -0.0000000000000000000, 1.000000000000000000, -0.0000000000000000000 ) ) ;
#1272 = AXIS2_PLACEMENT_3D ( 'NONE', #704, #1655, #837 ) ;
#1273 = CARTESIAN_POINT ( 'NONE',  ( 0.1499999999999999700, -0.6400000000000001200, 1.189999999999999900 ) ) ;
#1274 = LINE ( 'NONE', #343, #1199 ) ;
#1275 = VERTEX_POINT ( 'NONE', #1243 ) ;
#1276 = ORIENTED_EDGE ( 'NONE', *, *, #1083, .F. ) ;
#1277 = CARTESIAN_POINT ( 'NONE',  ( 0.1499999999999999400, -0.9400000000000000600, 1.039999999999999800 ) ) ;
#1278 = FACE_OUTER_BOUND ( 'NONE', #1237, .T. ) ;
#1279 = VERTEX_POINT ( 'NONE', #468 ) ;
#1280 = ORIENTED_EDGE ( 'NONE', *, *, #1394, .T. ) ;
#1281 = CARTESIAN_POINT ( 'NONE',  ( 0.1499999999999999400, 0.0000000000000000000, 1.189999999999999900 ) ) ;
#1282 = DIRECTION ( 'NONE',  ( 0.0000000000000000000, 0.0000000000000000000, -1.000000000000000000 ) ) ;
#1283 =( GEOMETRIC_REPRESENTATION_CONTEXT ( 3 ) GLOBAL_UNCERTAINTY_ASSIGNED_CONTEXT ( ( #1182 ) ) GLOBAL_UNIT_ASSIGNED_CONTEXT ( ( #196, #1483, #1078 ) ) REPRESENTATION_CONTEXT ( 'NONE', 'WORKASPACE' ) );
#1284 = PRODUCT_DEFINITION_SHAPE ( 'NONE', 'NONE',  #357 ) ;
#1285 = ORIENTED_EDGE ( 'NONE', *, *, #653, .T. ) ;
#1286 = DIRECTION ( 'NONE',  ( -1.000000000000000000, -0.0000000000000000000, -0.0000000000000000000 ) ) ;
#1287 = CARTESIAN_POINT ( 'NONE',  ( -5.421010862427522200E-017, -0.9400000000000000600, 0.8899999999999999000 ) ) ;
#1288 = EDGE_CURVE ( 'NONE', #1377, #1100, #145, .T. ) ;
#1289 = CARTESIAN_POINT ( 'NONE',  ( 0.1499999999999999400, -0.9400000000000000600, 3.179999999999999700 ) ) ;
#1290 = EDGE_CURVE ( 'NONE', #144, #813, #838, .T. ) ;
#1291 = CARTESIAN_POINT ( 'NONE',  ( 2.690000000000000400, -1.090000000000000100, -0.8899999999999999000 ) ) ;
#1292 = ADVANCED_FACE ( 'NONE', ( #1414 ), #757, .T. ) ;
#1293 = CARTESIAN_POINT ( 'NONE',  ( -2.389999999999999700, -1.090000000000000100, -3.179999999999999700 ) ) ;
#1294 = CARTESIAN_POINT ( 'NONE',  ( -2.539999999999999600, -0.9400000000000000600, -3.179999999999999700 ) ) ;
#1295 = VERTEX_POINT ( 'NONE', #1067 ) ;
#1296 = ORIENTED_EDGE ( 'NONE', *, *, #1470, .T. ) ;
#1297 = CARTESIAN_POINT ( 'NONE',  ( -2.389999999999999700, -0.7900000000000001500, -3.179999999999999700 ) ) ;
#1298 = VERTEX_POINT ( 'NONE', #1103 ) ;
#1299 = ORIENTED_EDGE ( 'NONE', *, *, #1447, .F. ) ;
#1300 = AXIS2_PLACEMENT_3D ( 'NONE', #1232, #856, #722 ) ;
#1301 = CARTESIAN_POINT ( 'NONE',  ( -0.1500000000000000800, -0.9400000000000000600, 3.179999999999999700 ) ) ;
#1302 = AXIS2_PLACEMENT_3D ( 'NONE', #1142, #872, #179 ) ;
#1303 = ORIENTED_EDGE ( 'NONE', *, *, #1136, .F. ) ;
#1304 = EDGE_CURVE ( 'NONE', #799, #1392, #1209, .T. ) ;
#1305 = CARTESIAN_POINT ( 'NONE',  ( 2.540000000000000500, -0.9400000000000000600, 0.0000000000000000000 ) ) ;
#1306 = CARTESIAN_POINT ( 'NONE',  ( 2.390000000000000600, -1.090000000000000100, -0.8899999999999999000 ) ) ;
#1307 = FACE_BOUND ( 'NONE', #78, .T. ) ;
#1308 = AXIS2_PLACEMENT_3D ( 'NONE', #408, #1039, #1728 ) ;
#1309 = DIRECTION ( 'NONE',  ( 0.0000000000000000000, 0.0000000000000000000, -1.000000000000000000 ) ) ;
#1310 = VECTOR ( 'NONE', #1036, 1000.000000000000000 ) ;
#1311 = SURFACE_STYLE_FILL_AREA ( #134 ) ;
#1312 = B_SPLINE_CURVE_WITH_KNOTS ( 'NONE', 3,
 ( #996, #867, #27, #490 ),
 .UNSPECIFIED., .F., .F.,
 ( 4, 4 ),
 ( 0.0000000000000000000, 0.0001473625535688259000 ),
 .UNSPECIFIED. ) ;
#1313 = LINE ( 'NONE', #292, #991 ) ;
#1315 = DIRECTION ( 'NONE',  ( 0.0000000000000000000, 1.000000000000000000, 0.0000000000000000000 ) ) ;
#1314 = AXIS2_PLACEMENT_3D ( 'NONE', #797, #206, #43 ) ;
#1316 = PRODUCT_DEFINITION_CONTEXT ( 'detailed design', #1382, 'design' ) ;
#1317 = EDGE_CURVE ( 'NONE', #260, #1275, #651, .T. ) ;
#1318 = FILL_AREA_STYLE_COLOUR ( '', #539 ) ;
#1319 = DIRECTION ( 'NONE',  ( 1.000000000000000000, 0.0000000000000000000, 0.0000000000000000000 ) ) ;
#1320 = CARTESIAN_POINT ( 'NONE',  ( -3.174999999999998900, 6.349999999999999600, -2.160000000000000100 ) ) ;
#1321 = AXIS2_PLACEMENT_3D ( 'NONE', #873, #654, #1544 ) ;
#1322 = VERTEX_POINT ( 'NONE', #957 ) ;
#1323 = CARTESIAN_POINT ( 'NONE',  ( -0.1500000000000000800, -0.6400000000000001200, 1.189999999999999900 ) ) ;
#1324 = CARTESIAN_POINT ( 'NONE',  ( 2.624865500860011500, 7.270000000000000500, 0.8109573370802536400 ) ) ;
#1325 = VERTEX_POINT ( 'NONE', #1520 ) ;
#1326 = PRESENTATION_STYLE_ASSIGNMENT (( #170 ) ) ;
#1327 = DIRECTION ( 'NONE',  ( 0.0000000000000000000, 0.0000000000000000000, 1.000000000000000000 ) ) ;
#1328 = ORIENTED_EDGE ( 'NONE', *, *, #110, .F. ) ;
#1329 = CIRCLE ( 'NONE', #237, 0.5000000000000000000 ) ;
#1330 = CARTESIAN_POINT ( 'NONE',  ( -0.1500000000000000800, -1.090000000000000100, 1.189999999999999900 ) ) ;
#1331 = ORIENTED_EDGE ( 'NONE', *, *, #1145, .F. ) ;
#1332 = DIRECTION ( 'NONE',  ( 0.0000000000000000000, 0.0000000000000000000, 1.000000000000000000 ) ) ;
#1333 = VECTOR ( 'NONE', #1711, 1000.000000000000000 ) ;
#1334 = EDGE_CURVE ( 'NONE', #417, #96, #609, .T. ) ;
#1335 = DIRECTION ( 'NONE',  ( -1.000000000000000000, 0.0000000000000000000, -0.0000000000000000000 ) ) ;
#1336 = CYLINDRICAL_SURFACE ( 'NONE', #602, 0.1499999999999999700 ) ;
#1337 = PRESENTATION_STYLE_ASSIGNMENT (( #1628 ) ) ;
#1338 = FACE_OUTER_BOUND ( 'NONE', #639, .T. ) ;
#1339 = COLOUR_RGB ( '',0.8745098039215686300, 1.000000000000000000, 0.9176470588235293700 ) ;
#1340 = FILL_AREA_STYLE_COLOUR ( '', #874 ) ;
#1341 = DIRECTION ( 'NONE',  ( -1.000000000000000000, -0.0000000000000000000, -0.0000000000000000000 ) ) ;
#1342 = EDGE_CURVE ( 'NONE', #825, #233, #82, .T. ) ;
#1343 = CARTESIAN_POINT ( 'NONE',  ( -2.539999999999999600, -0.9400000000000000600, -1.039999999999999800 ) ) ;
#1344 = DIRECTION ( 'NONE',  ( 0.0000000000000000000, 1.000000000000000000, 0.0000000000000000000 ) ) ;
#1345 = ORIENTED_EDGE ( 'NONE', *, *, #55, .F. ) ;
#1346 = SURFACE_SIDE_STYLE ('',( #448 ) ) ;
#1347 = AXIS2_PLACEMENT_3D ( 'NONE', #224, #228, #946 ) ;
#1348 = ORIENTED_EDGE ( 'NONE', *, *, #4, .T. ) ;
#1349 = CIRCLE ( 'NONE', #1542, 0.3999999999999966900 ) ;
#1350 = EDGE_LOOP ( 'NONE', ( #892, #6, #1121 ) ) ;
#1351 = DIRECTION ( 'NONE',  ( -0.0000000000000000000, 1.000000000000000000, 0.0000000000000000000 ) ) ;
#1352 = CARTESIAN_POINT ( 'NONE',  ( 0.0000000000000000000, 0.0000000000000000000, 3.179999999999999700 ) ) ;
#1353 = DIRECTION ( 'NONE',  ( 0.0000000000000000000, -1.000000000000000000, 0.0000000000000000000 ) ) ;
#1354 = ORIENTED_EDGE ( 'NONE', *, *, #1334, .F. ) ;
#1355 = VERTEX_POINT ( 'NONE', #39 ) ;
#1356 = CARTESIAN_POINT ( 'NONE',  ( -0.1500000000000000800, -1.090000000000000100, 3.179999999999999700 ) ) ;
#1357 = LINE ( 'NONE', #431, #463 ) ;
#1358 = AXIS2_PLACEMENT_3D ( 'NONE', #1419, #1736, #808 ) ;
#1359 = CARTESIAN_POINT ( 'NONE',  ( 2.390000000000000600, -0.6400000000000001200, -1.189999999999999900 ) ) ;
#1360 = VECTOR ( 'NONE', #1344, 1000.000000000000000 ) ;
#1361 = CARTESIAN_POINT ( 'NONE',  ( -2.689999999999999500, -1.090000000000000100, -1.189999999999999900 ) ) ;
#1362 = FILL_AREA_STYLE ('',( #1623 ) ) ;
#1363 = FILL_AREA_STYLE ('',( #402 ) ) ;
#1364 = LINE ( 'NONE', #1359, #316 ) ;
#1365 = APPLICATION_PROTOCOL_DEFINITION ( 'draft international standard', 'automotive_design', 1998, #848 ) ;
#1366 = VERTEX_POINT ( 'NONE', #613 ) ;
#1367 = VECTOR ( 'NONE', #261, 1000.000000000000000 ) ;
#1368 = DIRECTION ( 'NONE',  ( 1.000000000000000000, -0.0000000000000000000, -0.0000000000000000000 ) ) ;
#1369 = CARTESIAN_POINT ( 'NONE',  ( -0.1500000000000000500, -1.090000000000000100, 1.039999999999999800 ) ) ;
#1370 = CARTESIAN_POINT ( 'NONE',  ( 2.155000000000001100, 7.270000000000000500, 0.6399999999999999000 ) ) ;
#1371 = DIRECTION ( 'NONE',  ( 0.0000000000000000000, 0.0000000000000000000, -1.000000000000000000 ) ) ;
#1372 = EDGE_CURVE ( 'NONE', #582, #260, #1032, .T. ) ;
#1373 = VERTEX_POINT ( 'NONE', #1127 ) ;
#1374 = DIRECTION ( 'NONE',  ( -0.0000000000000000000, -1.000000000000000000, -0.0000000000000000000 ) ) ;
#1375 = ORIENTED_EDGE ( 'NONE', *, *, #1252, .T. ) ;
#1376 = AXIS2_PLACEMENT_3D ( 'NONE', #1101, #555, #415 ) ;
#1377 = VERTEX_POINT ( 'NONE', #138 ) ;
#1378 = COLOUR_RGB ( '',0.8745098039215686300, 1.000000000000000000, 0.9176470588235293700 ) ;
#1379 = CARTESIAN_POINT ( 'NONE',  ( -2.389999999999999700, -0.9400000000000000600, -3.179999999999999700 ) ) ;
#1380 = ADVANCED_FACE ( 'NONE', ( #1137 ), #1234, .T. ) ;
#1381 = FACE_OUTER_BOUND ( 'NONE', #1230, .T. ) ;
#1382 = APPLICATION_CONTEXT ( 'automotive_design' ) ;
#1383 = CARTESIAN_POINT ( 'NONE',  ( 2.155000000000001100, 7.370000000000000100, 0.4690426629197462800 ) ) ;
#1384 = VECTOR ( 'NONE', #784, 1000.000000000000000 ) ;
#1385 = MECHANICAL_DESIGN_GEOMETRIC_PRESENTATION_REPRESENTATION (  '', ( #583 ), #1283 ) ;
#1386 = ADVANCED_FACE ( 'NONE', ( #822 ), #101, .F. ) ;
#1387 = DIRECTION ( 'NONE',  ( -1.000000000000000000, 0.0000000000000000000, -9.035018104045873200E-017 ) ) ;
#1388 = DIRECTION ( 'NONE',  ( -0.0000000000000000000, -1.000000000000000000, -0.0000000000000000000 ) ) ;
#1389 = EDGE_CURVE ( 'NONE', #233, #1401, #270, .T. ) ;
#1390 = CARTESIAN_POINT ( 'NONE',  ( 0.1499999999999999400, -0.7900000000000001500, 1.339999999999999900 ) ) ;
#1391 = ORIENTED_EDGE ( 'NONE', *, *, #599, .F. ) ;
#1392 = VERTEX_POINT ( 'NONE', #167 ) ;
#1393 = ORIENTED_EDGE ( 'NONE', *, *, #191, .F. ) ;
#1394 = EDGE_CURVE ( 'NONE', #601, #585, #276, .T. ) ;
#1395 = ORIENTED_EDGE ( 'NONE', *, *, #1608, .T. ) ;
#1396 = CARTESIAN_POINT ( 'NONE',  ( 1.685134499139990600, 7.269999999999996900, 0.4690426629197462800 ) ) ;
#1397 = ADVANCED_FACE ( 'NONE', ( #1307, #220 ), #115, .T. ) ;
#1398 = ORIENTED_EDGE ( 'NONE', *, *, #1372, .F. ) ;
#1399 = EDGE_LOOP ( 'NONE', ( #1471, #375, #1707, #361 ) ) ;
#1400 = ORIENTED_EDGE ( 'NONE', *, *, #1042, .T. ) ;
#1401 = VERTEX_POINT ( 'NONE', #1463 ) ;
#1402 = VERTEX_POINT ( 'NONE', #127 ) ;
#1403 = LINE ( 'NONE', #382, #9 ) ;
#1404 = EDGE_CURVE ( 'NONE', #1373, #1392, #981, .T. ) ;
#1405 = ORIENTED_EDGE ( 'NONE', *, *, #400, .F. ) ;
#1406 = DIRECTION ( 'NONE',  ( -1.000000000000000000, 0.0000000000000000000, 0.0000000000000000000 ) ) ;
#1407 =( LENGTH_UNIT ( ) NAMED_UNIT ( * ) SI_UNIT ( .MILLI., .METRE. ) );
#1408 = MECHANICAL_DESIGN_GEOMETRIC_PRESENTATION_REPRESENTATION (  '', ( #480 ), #522 ) ;
#1409 = ORIENTED_EDGE ( 'NONE', *, *, #318, .T. ) ;
#1410 = VERTEX_POINT ( 'NONE', #1525 ) ;
#1411 = CARTESIAN_POINT ( 'NONE',  ( -4.409088834774384500E-016, -0.9400000000000000600, 3.179999999999999700 ) ) ;
#1412 = FACE_OUTER_BOUND ( 'NONE', #182, .T. ) ;
#1413 = CARTESIAN_POINT ( 'NONE',  ( 2.390000000000000600, -1.090000000000000100, -1.189999999999999900 ) ) ;
#1414 = FACE_OUTER_BOUND ( 'NONE', #1686, .T. ) ;
#1415 = ORIENTED_EDGE ( 'NONE', *, *, #653, .F. ) ;
#1416 = DIRECTION ( 'NONE',  ( -9.035018104045873200E-017, 0.0000000000000000000, 1.000000000000000000 ) ) ;
#1417 = EDGE_CURVE ( 'NONE', #754, #671, #140, .T. ) ;
#1418 = DIRECTION ( 'NONE',  ( 0.0000000000000000000, 0.0000000000000000000, -1.000000000000000000 ) ) ;
#1419 = CARTESIAN_POINT ( 'NONE',  ( 2.155000000000001100, 6.349999999999999600, 0.6399999999999999000 ) ) ;
#1420 =( NAMED_UNIT ( * ) PLANE_ANGLE_UNIT ( ) SI_UNIT ( $, .RADIAN. ) );
#1421 = CARTESIAN_POINT ( 'NONE',  ( 2.690000000000000400, -1.090000000000000100, -1.189999999999999900 ) ) ;
#1422 = DIRECTION ( 'NONE',  ( 1.604941620322696800E-031, -1.000000000000000000, 0.0000000000000000000 ) ) ;
#1423 = VERTEX_POINT ( 'NONE', #197 ) ;
#1424 = STYLED_ITEM ( 'NONE', ( #857 ), #1528 ) ;
#1425 = EDGE_CURVE ( 'NONE', #313, #1322, #1614, .T. ) ;
#1426 = ORIENTED_EDGE ( 'NONE', *, *, #230, .F. ) ;
#1427 = VECTOR ( 'NONE', #238, 1000.000000000000000 ) ;
#1428 = ADVANCED_FACE ( 'NONE', ( #1776 ), #1208, .F. ) ;
#1429 = CYLINDRICAL_SURFACE ( 'NONE', #1724, 0.1499999999999999700 ) ;
#1430 = DIRECTION ( 'NONE',  ( -0.0000000000000000000, 0.0000000000000000000, 1.000000000000000000 ) ) ;
#1431 = CARTESIAN_POINT ( 'NONE',  ( 0.0000000000000000000, 6.349999999999999600, 0.0000000000000000000 ) ) ;
#1432 = AXIS2_PLACEMENT_3D ( 'NONE', #1097, #384, #159 ) ;
#1433 = CARTESIAN_POINT ( 'NONE',  ( 1.685134499139990600, 7.370000000000000100, 0.4690426629197462800 ) ) ;
#1434 = CARTESIAN_POINT ( 'NONE',  ( 2.155000000000001100, 7.370000000000000100, 0.6399999999999999000 ) ) ;
#1435 = AXIS2_PLACEMENT_3D ( 'NONE', #1370, #1353, #1445 ) ;
#1436 = VECTOR ( 'NONE', #1022, 1000.000000000000000 ) ;
#1437 = SURFACE_STYLE_USAGE ( .BOTH. , #447 ) ;
#1438 = CARTESIAN_POINT ( 'NONE',  ( 2.390000000000000600, -0.7900000000000001500, -3.179999999999999700 ) ) ;
#1439 = SURFACE_SIDE_STYLE ('',( #1149 ) ) ;
#1440 = ORIENTED_EDGE ( 'NONE', *, *, #1317, .T. ) ;
#1441 = CARTESIAN_POINT ( 'NONE',  ( 2.390000000000000600, -1.090000000000000100, -1.189999999999999900 ) ) ;
#1442 = ORIENTED_EDGE ( 'NONE', *, *, #724, .F. ) ;
#1443 = ORIENTED_EDGE ( 'NONE', *, *, #626, .F. ) ;
#1444 = CARTESIAN_POINT ( 'NONE',  ( -4.336808689942017700E-016, -1.090000000000000100, 3.179999999999999700 ) ) ;
#1445 = DIRECTION ( 'NONE',  ( 0.0000000000000000000, 0.0000000000000000000, 1.000000000000000000 ) ) ;
#1446 = LINE ( 'NONE', #550, #1098 ) ;
#1447 = EDGE_CURVE ( 'NONE', #1643, #1726, #788, .T. ) ;
#1448 = CARTESIAN_POINT ( 'NONE',  ( 0.0000000000000000000, 7.169999999999999900, 0.0000000000000000000 ) ) ;
#1449 = CARTESIAN_POINT ( 'NONE',  ( 2.540000000000000500, -0.9400000000000000600, -1.039999999999999800 ) ) ;
#1450 = ORIENTED_EDGE ( 'NONE', *, *, #829, .T. ) ;
#1451 = SURFACE_SIDE_STYLE ('',( #1180 ) ) ;
#1452 = DIRECTION ( 'NONE',  ( 0.0000000000000000000, 0.0000000000000000000, -1.000000000000000000 ) ) ;
#1453 = AXIS2_PLACEMENT_3D ( 'NONE', #698, #962, #135 ) ;
#1454 = FACE_OUTER_BOUND ( 'NONE', #862, .T. ) ;
#1455 =( NAMED_UNIT ( * ) PLANE_ANGLE_UNIT ( ) SI_UNIT ( $, .RADIAN. ) );
#1456 = LINE ( 'NONE', #1008, #1239 ) ;
#1457 = CARTESIAN_POINT ( 'NONE',  ( 2.690000000000000400, -0.9400000000000000600, -3.179999999999999700 ) ) ;
#1458 = CARTESIAN_POINT ( 'NONE',  ( -2.389999999999999700, -0.6400000000000001200, -1.339999999999999900 ) ) ;
#1459 = FILL_AREA_STYLE ('',( #913 ) ) ;
#1460 = DIRECTION ( 'NONE',  ( -0.0000000000000000000, -0.0000000000000000000, -1.000000000000000000 ) ) ;
#1461 = ORIENTED_EDGE ( 'NONE', *, *, #309, .F. ) ;
#1462 = CARTESIAN_POINT ( 'NONE',  ( -2.689999999999999500, -0.9400000000000000600, -0.8899999999999999000 ) ) ;
#1463 = CARTESIAN_POINT ( 'NONE',  ( -2.539999999999999600, 0.0000000000000000000, -0.8899999999999999000 ) ) ;
#1464 = ORIENTED_EDGE ( 'NONE', *, *, #1470, .F. ) ;
#1465 = EDGE_LOOP ( 'NONE', ( #1164, #325, #726, #1521 ) ) ;
#1466 = CARTESIAN_POINT ( 'NONE',  ( 1.006511364405071200, 7.169999999999999900, 0.4690426629197462800 ) ) ;
#1467 = LINE ( 'NONE', #742, #998 ) ;
#1468 = VERTEX_POINT ( 'NONE', #1198 ) ;
#1469 = DIRECTION ( 'NONE',  ( 0.0000000000000000000, 0.0000000000000000000, 1.000000000000000000 ) ) ;
#1470 = EDGE_CURVE ( 'NONE', #621, #1402, #1639, .T. ) ;
#1471 = ORIENTED_EDGE ( 'NONE', *, *, #817, .F. ) ;
#1472 = FACE_OUTER_BOUND ( 'NONE', #1666, .T. ) ;
#1473 = DIRECTION ( 'NONE',  ( 0.0000000000000000000, -1.000000000000000000, 0.0000000000000000000 ) ) ;
#1474 = DIRECTION ( 'NONE',  ( 0.0000000000000000000, 0.0000000000000000000, 1.000000000000000000 ) ) ;
#1475 = MECHANICAL_DESIGN_GEOMETRIC_PRESENTATION_REPRESENTATION (  '', ( #1613 ), #1523 ) ;
#1476 = CARTESIAN_POINT ( 'NONE',  ( -2.389999999999999700, -1.090000000000000100, -0.8899999999999999000 ) ) ;
#1477 = ORIENTED_EDGE ( 'NONE', *, *, #895, .T. ) ;
#1478 = EDGE_LOOP ( 'NONE', ( #1299, #980, #514, #1331 ) ) ;
#1479 = CARTESIAN_POINT ( 'NONE',  ( -3.174999999999998900, 6.349999999999999600, -2.160000000000000100 ) ) ;
#1480 = SURFACE_STYLE_USAGE ( .BOTH. , #1439 ) ;
#1481 = STYLED_ITEM ( 'NONE', ( #1337 ), #1054 ) ;
#1482 = EDGE_CURVE ( 'NONE', #1325, #1298, #143, .T. ) ;
#1483 =( NAMED_UNIT ( * ) PLANE_ANGLE_UNIT ( ) SI_UNIT ( $, .RADIAN. ) );
#1484 =( LENGTH_UNIT ( ) NAMED_UNIT ( * ) SI_UNIT ( .MILLI., .METRE. ) );
#1485 = DIRECTION ( 'NONE',  ( 0.0000000000000000000, -0.0000000000000000000, 1.000000000000000000 ) ) ;
#1486 = SURFACE_STYLE_USAGE ( .BOTH. , #542 ) ;
#1487 = AXIS2_PLACEMENT_3D ( 'NONE', #1411, #1221, #440 ) ;
#1488 = ORIENTED_EDGE ( 'NONE', *, *, #1094, .T. ) ;
#1489 = ORIENTED_EDGE ( 'NONE', *, *, #997, .F. ) ;
#1490 = COLOUR_RGB ( '',0.8745098039215686300, 1.000000000000000000, 0.9176470588235293700 ) ;
#1491 = ORIENTED_EDGE ( 'NONE', *, *, #1094, .F. ) ;
#1492 = DIRECTION ( 'NONE',  ( -0.0000000000000000000, -1.000000000000000000, -0.0000000000000000000 ) ) ;
#1493 = DIRECTION ( 'NONE',  ( 1.000000000000000000, 0.0000000000000000000, 0.0000000000000000000 ) ) ;
#1494 = FACE_OUTER_BOUND ( 'NONE', #71, .T. ) ;
#1495 = B_SPLINE_CURVE_WITH_KNOTS ( 'NONE', 3,
 ( #1267, #851, #606, #1057 ),
 .UNSPECIFIED., .F., .F.,
 ( 4, 4 ),
 ( 0.0000000000000000000, 0.0001473625535688335700 ),
 .UNSPECIFIED. ) ;
#1496 = LINE ( 'NONE', #353, #611 ) ;
#1497 = EDGE_CURVE ( 'NONE', #1207, #1573, #1644, .T. ) ;
#1498 = MANIFOLD_SOLID_BREP ( 'Fillet1', #47 ) ;
#1499 = ORIENTED_EDGE ( 'NONE', *, *, #687, .F. ) ;
#1500 = CONICAL_SURFACE ( 'NONE', #1107, 0.3999999999999966900, 0.7853981633974499400 ) ;
#1501 = LINE ( 'NONE', #1074, #1141 ) ;
#1502 = LINE ( 'NONE', #730, #1706 ) ;
#1503 = ADVANCED_FACE ( 'NONE', ( #234 ), #488, .T. ) ;
#1504 = DIRECTION ( 'NONE',  ( 1.000000000000000000, 0.0000000000000000000, 0.0000000000000000000 ) ) ;
#1505 = EDGE_CURVE ( 'NONE', #813, #260, #785, .T. ) ;
#1506 = DIRECTION ( 'NONE',  ( -1.000000000000000000, 0.0000000000000000000, -0.0000000000000000000 ) ) ;
#1507 = ADVANCED_FACE ( 'NONE', ( #470 ), #124, .F. ) ;
#1508 = ORIENTED_EDGE ( 'NONE', *, *, #641, .T. ) ;
#1509 = EDGE_CURVE ( 'NONE', #813, #787, #1274, .T. ) ;
#1510 = ORIENTED_EDGE ( 'NONE', *, *, #817, .T. ) ;
#1511 = VECTOR ( 'NONE', #792, 1000.000000000000000 ) ;
#1512 = CIRCLE ( 'NONE', #360, 0.1499999999999999700 ) ;
#1513 = VECTOR ( 'NONE', #362, 1000.000000000000000 ) ;
#1514 = CARTESIAN_POINT ( 'NONE',  ( 0.1499999999999999400, -1.090000000000000100, 1.189999999999999900 ) ) ;
#1515 = PRESENTATION_LAYER_ASSIGNMENT (  '', '', ( #1424 ) ) ;
#1516 = COLOUR_RGB ( '',0.8745098039215686300, 1.000000000000000000, 0.9176470588235293700 ) ;
#1517 = EDGE_CURVE ( 'NONE', #1275, #799, #765, .T. ) ;
#1518 = ADVANCED_FACE ( 'NONE', ( #320 ), #1652, .T. ) ;
#1519 = VECTOR ( 'NONE', #1271, 1000.000000000000000 ) ;
#1520 = CARTESIAN_POINT ( 'NONE',  ( 2.155000000000001100, 7.370000000000000100, 0.2400000000000033500 ) ) ;
#1521 = ORIENTED_EDGE ( 'NONE', *, *, #1729, .F. ) ;
#1522 = CARTESIAN_POINT ( 'NONE',  ( -3.174999999999998500, 0.0000000000000000000, 2.160000000000000100 ) ) ;
#1523 =( GEOMETRIC_REPRESENTATION_CONTEXT ( 3 ) GLOBAL_UNCERTAINTY_ASSIGNED_CONTEXT ( ( #498 ) ) GLOBAL_UNIT_ASSIGNED_CONTEXT ( ( #11, #525, #763 ) ) REPRESENTATION_CONTEXT ( 'NONE', 'WORKASPACE' ) );
#1524 = DIRECTION ( 'NONE',  ( 1.000000000000000000, 0.0000000000000000000, 0.0000000000000000000 ) ) ;
#1525 = CARTESIAN_POINT ( 'NONE',  ( -2.689999999999999500, -0.0000000000000000000, -1.189999999999999900 ) ) ;
#1526 = STYLED_ITEM ( 'NONE', ( #1194 ), #1498 ) ;
#1527 = CARTESIAN_POINT ( 'NONE',  ( -4.065758146820641600E-017, -1.090000000000000100, 1.039999999999999800 ) ) ;
#1528 = MANIFOLD_SOLID_BREP ( 'Chamfer1', #1738 ) ;
#1529 = ORIENTED_EDGE ( 'NONE', *, *, #1539, .T. ) ;
#1530 = AXIS2_PLACEMENT_3D ( 'NONE', #533, #806, #1757 ) ;
#1531 = ORIENTED_EDGE ( 'NONE', *, *, #1290, .T. ) ;
#1532 = ORIENTED_EDGE ( 'NONE', *, *, #701, .F. ) ;
#1533 = ORIENTED_EDGE ( 'NONE', *, *, #1509, .F. ) ;
#1534 = CYLINDRICAL_SURFACE ( 'NONE', #880, 0.1499999999999999700 ) ;
#1535 = CARTESIAN_POINT ( 'NONE',  ( 1.756936203583456800, 7.337058116518993400, 0.8109573370802536400 ) ) ;
#1536 = VERTEX_POINT ( 'NONE', #192 ) ;
#1537 = FACE_OUTER_BOUND ( 'NONE', #494, .T. ) ;
#1538 = LINE ( 'NONE', #1741, #1188 ) ;
#1539 = EDGE_CURVE ( 'NONE', #1615, #1322, #1467, .T. ) ;
#1540 = PRESENTATION_STYLE_ASSIGNMENT (( #87 ) ) ;
#1541 = VERTEX_POINT ( 'NONE', #1289 ) ;
#1542 = AXIS2_PLACEMENT_3D ( 'NONE', #141, #1105, #293 ) ;
#1543 = UNCERTAINTY_MEASURE_WITH_UNIT (LENGTH_MEASURE( 1.000000000000000100E-005 ), #1031, 'distance_accuracy_value', 'NONE');
#1544 = DIRECTION ( 'NONE',  ( 0.0000000000000000000, 0.0000000000000000000, -1.000000000000000000 ) ) ;
#1545 = DIRECTION ( 'NONE',  ( 0.0000000000000000000, 0.0000000000000000000, -1.000000000000000000 ) ) ;
#1546 = SPHERICAL_SURFACE ( 'NONE', #1038, 0.1499999999999999900 ) ;
#1547 = CARTESIAN_POINT ( 'NONE',  ( -2.689999999999999500, -1.090000000000000100, -0.8899999999999999000 ) ) ;
#1548 = ORIENTED_EDGE ( 'NONE', *, *, #854, .T. ) ;
#1549 = CYLINDRICAL_SURFACE ( 'NONE', #278, 0.1499999999999999700 ) ;
#1550 = AXIS2_PLACEMENT_3D ( 'NONE', #1569, #826, #492 ) ;
#1551 = CARTESIAN_POINT ( 'NONE',  ( 2.155000000000001100, 7.370000000000000100, 0.1400000000000000400 ) ) ;
#1552 = ORIENTED_EDGE ( 'NONE', *, *, #165, .F. ) ;
#1553 = VECTOR ( 'NONE', #549, 1000.000000000000000 ) ;
#1554 = ORIENTED_EDGE ( 'NONE', *, *, #780, .T. ) ;
#1555 = EDGE_CURVE ( 'NONE', #1402, #621, #725, .T. ) ;
#1556 = ADVANCED_FACE ( 'NONE', ( #1381 ), #77, .F. ) ;
#1557 = VECTOR ( 'NONE', #721, 1000.000000000000000 ) ;
#1558 = DIRECTION ( 'NONE',  ( -1.000000000000000000, 0.0000000000000000000, -9.035018104045873200E-017 ) ) ;
#1559 = DIRECTION ( 'NONE',  ( -1.000000000000000000, -1.604941620322697100E-031, -0.0000000000000000000 ) ) ;
#1560 = AXIS2_PLACEMENT_3D ( 'NONE', #690, #1636, #820 ) ;
#1561 = SURFACE_SIDE_STYLE ('',( #1311 ) ) ;
#1562 = CARTESIAN_POINT ( 'NONE',  ( -2.389999999999999700, -0.7900000000000001500, -3.179999999999999700 ) ) ;
#1563 = DIRECTION ( 'NONE',  ( 1.000000000000000000, 0.0000000000000000000, 0.0000000000000000000 ) ) ;
#1564 = ORIENTED_EDGE ( 'NONE', *, *, #876, .F. ) ;
#1565 =( NAMED_UNIT ( * ) PLANE_ANGLE_UNIT ( ) SI_UNIT ( $, .RADIAN. ) );
#1566 = PRESENTATION_LAYER_ASSIGNMENT (  '', '', ( #1481 ) ) ;
#1567 = DIRECTION ( 'NONE',  ( 0.0000000000000000000, 0.0000000000000000000, 1.000000000000000000 ) ) ;
#1568 = EDGE_CURVE ( 'NONE', #1366, #520, #449, .T. ) ;
#1569 = CARTESIAN_POINT ( 'NONE',  ( -2.539999999999999600, -0.9400000000000000600, -1.039999999999999800 ) ) ;
#1570 = ORIENTED_EDGE ( 'NONE', *, *, #840, .T. ) ;
#1571 = PLANE ( 'NONE',  #469 ) ;
#1572 =( LENGTH_UNIT ( ) NAMED_UNIT ( * ) SI_UNIT ( .MILLI., .METRE. ) );
#1573 = VERTEX_POINT ( 'NONE', #782 ) ;
#1574 = VERTEX_POINT ( 'NONE', #356 ) ;
#1575 = AXIS2_PLACEMENT_3D ( 'NONE', #1034, #1167, #1195 ) ;
#1576 = DIRECTION ( 'NONE',  ( -0.0000000000000000000, -1.000000000000000000, -0.0000000000000000000 ) ) ;
#1577 = VECTOR ( 'NONE', #148, 1000.000000000000000 ) ;
#1578 = DIRECTION ( 'NONE',  ( 0.0000000000000000000, 0.0000000000000000000, -1.000000000000000000 ) ) ;
#1579 = SURFACE_STYLE_USAGE ( .BOTH. , #1346 ) ;
#1580 = VERTEX_POINT ( 'NONE', #652 ) ;
#1581 = LINE ( 'NONE', #1606, #592 ) ;
#1582 = FACE_OUTER_BOUND ( 'NONE', #791, .T. ) ;
#1583 = CARTESIAN_POINT ( 'NONE',  ( 2.690000000000000400, -0.7900000000000001500, -3.179999999999999700 ) ) ;
#1584 = DIRECTION ( 'NONE',  ( -0.0000000000000000000, 0.0000000000000000000, -1.000000000000000000 ) ) ;
#1585 = DIRECTION ( 'NONE',  ( -0.0000000000000000000, 0.0000000000000000000, -1.000000000000000000 ) ) ;
#1586 = MECHANICAL_DESIGN_GEOMETRIC_PRESENTATION_REPRESENTATION (  '', ( #1009 ), #180 ) ;
#1587 = CARTESIAN_POINT ( 'NONE',  ( 2.540000000000000500, -0.9400000000000000600, -1.039999999999999800 ) ) ;
#1588 = CARTESIAN_POINT ( 'NONE',  ( -2.689999999999999500, -0.7900000000000001500, -3.179999999999999700 ) ) ;
#1589 = VERTEX_POINT ( 'NONE', #1152 ) ;
#1590 = EDGE_LOOP ( 'NONE', ( #302, #1755, #692, #986 ) ) ;
#1591 = FACE_OUTER_BOUND ( 'NONE', #1157, .T. ) ;
#1592 = VERTEX_POINT ( 'NONE', #528 ) ;
#1593 = ORIENTED_EDGE ( 'NONE', *, *, #545, .F. ) ;
#1594 = EDGE_CURVE ( 'NONE', #1574, #1134, #902, .T. ) ;
#1595 = CARTESIAN_POINT ( 'NONE',  ( 2.690000000000000400, -0.7900000000000001500, -1.339999999999999900 ) ) ;
#1596 = LINE ( 'NONE', #205, #13 ) ;
#1597 = CARTESIAN_POINT ( 'NONE',  ( 2.540000000000000500, -1.090000000000000100, -0.8899999999999999000 ) ) ;
#1598 = ORIENTED_EDGE ( 'NONE', *, *, #1342, .T. ) ;
#1599 = LINE ( 'NONE', #1462, #1333 ) ;
#1600 = DIRECTION ( 'NONE',  ( 0.0000000000000000000, -0.0000000000000000000, 1.000000000000000000 ) ) ;
#1601 = FILL_AREA_STYLE_COLOUR ( '', #1002 ) ;
#1602 = DIRECTION ( 'NONE',  ( 1.000000000000000000, 0.0000000000000000000, 0.0000000000000000000 ) ) ;
#1603 = ORIENTED_EDGE ( 'NONE', *, *, #1760, .T. ) ;
#1604 = DIRECTION ( 'NONE',  ( 0.0000000000000000000, 0.0000000000000000000, 1.000000000000000000 ) ) ;
#1605 = ORIENTED_EDGE ( 'NONE', *, *, #386, .T. ) ;
#1606 = CARTESIAN_POINT ( 'NONE',  ( -0.1500000000000000800, 0.0000000000000000000, 1.189999999999999900 ) ) ;
#1607 = MECHANICAL_DESIGN_GEOMETRIC_PRESENTATION_REPRESENTATION (  '', ( #1424 ), #1701 ) ;
#1608 = EDGE_CURVE ( 'NONE', #350, #859, #1364, .T. ) ;
#1609 = PLANE ( 'NONE',  #491 ) ;
#1610 = CARTESIAN_POINT ( 'NONE',  ( 0.1499999999999999400, -0.7900000000000001500, 3.179999999999999700 ) ) ;
#1611 = APPLICATION_PROTOCOL_DEFINITION ( 'draft international standard', 'automotive_design', 1998, #1382 ) ;
#1612 = DIRECTION ( 'NONE',  ( -1.000000000000000000, 0.0000000000000000000, -0.0000000000000000000 ) ) ;
#1613 = STYLED_ITEM ( 'NONE', ( #1771 ), #830 ) ;
#1614 = LINE ( 'NONE', #656, #531 ) ;
#1615 = VERTEX_POINT ( 'NONE', #1297 ) ;
#1616 = DIRECTION ( 'NONE',  ( 0.0000000000000000000, 0.0000000000000000000, -1.000000000000000000 ) ) ;
#1617 = PRESENTATION_LAYER_ASSIGNMENT (  '', '', ( #1526 ) ) ;
#1618 = ORIENTED_EDGE ( 'NONE', *, *, #567, .T. ) ;
#1619 =( LENGTH_UNIT ( ) NAMED_UNIT ( * ) SI_UNIT ( .MILLI., .METRE. ) );
#1620 = VERTEX_POINT ( 'NONE', #1064 ) ;
#1621 = VECTOR ( 'NONE', #219, 1000.000000000000000 ) ;
#1622 = DIRECTION ( 'NONE',  ( 1.000000000000000000, 0.0000000000000000000, 0.0000000000000000000 ) ) ;
#1623 = FILL_AREA_STYLE_COLOUR ( '', #1490 ) ;
#1624 = CIRCLE ( 'NONE', #1575, 0.1499999999999999700 ) ;
#1625 = CARTESIAN_POINT ( 'NONE',  ( 0.0000000000000000000, 0.0000000000000000000, 0.0000000000000000000 ) ) ;
#1626 =( NAMED_UNIT ( * ) PLANE_ANGLE_UNIT ( ) SI_UNIT ( $, .RADIAN. ) );
#1627 = STYLED_ITEM ( 'NONE', ( #331 ), #1257 ) ;
#1628 = SURFACE_STYLE_USAGE ( .BOTH. , #815 ) ;
#1629 = LINE ( 'NONE', #118, #993 ) ;
#1630 = UNCERTAINTY_MEASURE_WITH_UNIT (LENGTH_MEASURE( 1.000000000000000100E-005 ), #684, 'distance_accuracy_value', 'NONE');
#1631 = FACE_OUTER_BOUND ( 'NONE', #790, .T. ) ;
#1632 = FACE_OUTER_BOUND ( 'NONE', #321, .T. ) ;
#1633 = DIRECTION ( 'NONE',  ( -0.0000000000000000000, 1.000000000000000000, -0.0000000000000000000 ) ) ;
#1634 = ORIENTED_EDGE ( 'NONE', *, *, #68, .T. ) ;
#1635 = CARTESIAN_POINT ( 'NONE',  ( -3.174999999999998500, 0.0000000000000000000, 2.160000000000000100 ) ) ;
#1636 = DIRECTION ( 'NONE',  ( -0.0000000000000000000, 1.000000000000000000, -0.0000000000000000000 ) ) ;
#1637 = EDGE_CURVE ( 'NONE', #1001, #341, #1720, .T. ) ;
#1638 = EDGE_CURVE ( 'NONE', #1726, #584, #1675, .T. ) ;
#1639 = CIRCLE ( 'NONE', #1358, 0.5000000000000000000 ) ;
#1640 = CARTESIAN_POINT ( 'NONE',  ( -2.389999999999999700, -0.6400000000000001200, -1.339999999999999900 ) ) ;
#1641 = ADVANCED_FACE ( 'NONE', ( #222 ), #1202, .F. ) ;
#1642 = AXIS2_PLACEMENT_3D ( 'NONE', #1767, #1088, #280 ) ;
#1643 = VERTEX_POINT ( 'NONE', #486 ) ;
#1644 = CIRCLE ( 'NONE', #1435, 0.5000000000000000000 ) ;
#1645 = ORIENTED_EDGE ( 'NONE', *, *, #1184, .T. ) ;
#1646 = FACE_OUTER_BOUND ( 'NONE', #311, .T. ) ;
#1647 = VERTEX_POINT ( 'NONE', #1018 ) ;
#1648 = CARTESIAN_POINT ( 'NONE',  ( -5.421010862427522200E-017, -1.090000000000000100, 0.8899999999999999000 ) ) ;
#1649 = DIRECTION ( 'NONE',  ( 1.003890900449541100E-016, 0.0000000000000000000, 1.000000000000000000 ) ) ;
#1650 = ORIENTED_EDGE ( 'NONE', *, *, #687, .T. ) ;
#1651 = CARTESIAN_POINT ( 'NONE',  ( -2.539999999999999600, -1.090000000000000100, -1.039999999999999800 ) ) ;
#1652 = SPHERICAL_SURFACE ( 'NONE', #1314, 0.1499999999999999900 ) ;
#1653 = ADVANCED_FACE ( 'NONE', ( #1631 ), #906, .T. ) ;
#1654 = CONICAL_SURFACE ( 'NONE', #1775, 0.4000000000000028000, 0.7853981633974369500 ) ;
#1655 = DIRECTION ( 'NONE',  ( -1.000000000000000000, -0.0000000000000000000, -0.0000000000000000000 ) ) ;
#1656 = CIRCLE ( 'NONE', #1753, 0.1499999999999999700 ) ;
#1657 = EDGE_LOOP ( 'NONE', ( #748, #326, #1393, #729 ) ) ;
#1658 = ADVANCED_FACE ( 'NONE', ( #953 ), #173, .T. ) ;
#1659 = EDGE_CURVE ( 'NONE', #1747, #1082, #551, .T. ) ;
#1660 = STYLED_ITEM ( 'NONE', ( #640 ), #1270 ) ;
#1661 = DIRECTION ( 'NONE',  ( 0.0000000000000000000, -1.000000000000000000, 0.0000000000000000000 ) ) ;
#1662 = ORIENTED_EDGE ( 'NONE', *, *, #1555, .T. ) ;
#1663 = DIRECTION ( 'NONE',  ( 0.0000000000000000000, -0.0000000000000000000, -1.000000000000000000 ) ) ;
#1664 = ORIENTED_EDGE ( 'NONE', *, *, #371, .T. ) ;
#1665 = ORIENTED_EDGE ( 'NONE', *, *, #756, .F. ) ;
#1666 = EDGE_LOOP ( 'NONE', ( #727, #1395, #1375, #477 ) ) ;
#1667 = ADVANCED_FACE ( 'NONE', ( #272 ), #659, .F. ) ;
#1668 = ORIENTED_EDGE ( 'NONE', *, *, #1638, .T. ) ;
#1669 = FACE_OUTER_BOUND ( 'NONE', #495, .T. ) ;
#1670 = CIRCLE ( 'NONE', #658, 0.1499999999999999900 ) ;
#1671 = MECHANICAL_DESIGN_GEOMETRIC_PRESENTATION_REPRESENTATION (  '', ( #1481 ), #1759 ) ;
#1672 = LINE ( 'NONE', #1369, #1367 ) ;
#1673 = EDGE_CURVE ( 'NONE', #520, #671, #1581, .T. ) ;
#1674 = LINE ( 'NONE', #786, #524 ) ;
#1675 = LINE ( 'NONE', #1045, #632 ) ;
#1676 = ORIENTED_EDGE ( 'NONE', *, *, #938, .T. ) ;
#1677 = ORIENTED_EDGE ( 'NONE', *, *, #95, .F. ) ;
#1678 = DIRECTION ( 'NONE',  ( 1.000000000000000000, 0.0000000000000000000, 0.0000000000000000000 ) ) ;
#1679 = EDGE_CURVE ( 'NONE', #350, #1746, #1266, .T. ) ;
#1680 = UNCERTAINTY_MEASURE_WITH_UNIT (LENGTH_MEASURE( 1.000000000000000100E-005 ), #800, 'distance_accuracy_value', 'NONE');
#1681 = ORIENTED_EDGE ( 'NONE', *, *, #1417, .T. ) ;
#1682 = UNCERTAINTY_MEASURE_WITH_UNIT (LENGTH_MEASURE( 1.000000000000000100E-005 ), #336, 'distance_accuracy_value', 'NONE');
#1683 = AXIS2_PLACEMENT_3D ( 'NONE', #348, #1584, #358 ) ;
#1684 = VERTEX_POINT ( 'NONE', #894 ) ;
#1685 = DIRECTION ( 'NONE',  ( -0.0000000000000000000, 1.000000000000000000, 0.0000000000000000000 ) ) ;
#1686 = EDGE_LOOP ( 'NONE', ( #560, #979, #1552, #1442 ) ) ;
#1687 = LINE ( 'NONE', #1361, #1384 ) ;
#1688 = DIRECTION ( 'NONE',  ( -0.0000000000000000000, 0.0000000000000000000, 1.000000000000000000 ) ) ;
#1689 = COLOUR_RGB ( '',0.8745098039215686300, 1.000000000000000000, 0.9176470588235293700 ) ;
#1690 = DIRECTION ( 'NONE',  ( 0.0000000000000000000, -0.0000000000000000000, -1.000000000000000000 ) ) ;
#1691 = CIRCLE ( 'NONE', #1560, 0.1499999999999999700 ) ;
#1692 = SURFACE_STYLE_FILL_AREA ( #1763 ) ;
#1693 = EDGE_CURVE ( 'NONE', #1468, #1084, #1538, .T. ) ;
#1694 = VECTOR ( 'NONE', #1374, 1000.000000000000000 ) ;
#1695 =( NAMED_UNIT ( * ) SI_UNIT ( $, .STERADIAN. ) SOLID_ANGLE_UNIT ( ) );
#1696 = AXIS2_PLACEMENT_3D ( 'NONE', #1210, #387, #251 ) ;
#1697 = VECTOR ( 'NONE', #335, 1000.000000000000000 ) ;
#1698 = CARTESIAN_POINT ( 'NONE',  ( -2.539999999999999600, 0.0000000000000000000, -1.039999999999999800 ) ) ;
#1699 = ADVANCED_FACE ( 'NONE', ( #868 ), #502, .F. ) ;
#1700 = DIRECTION ( 'NONE',  ( 0.0000000000000000000, 0.0000000000000000000, 1.000000000000000000 ) ) ;
#1701 =( GEOMETRIC_REPRESENTATION_CONTEXT ( 3 ) GLOBAL_UNCERTAINTY_ASSIGNED_CONTEXT ( ( #229 ) ) GLOBAL_UNIT_ASSIGNED_CONTEXT ( ( #1619, #102, #1003 ) ) REPRESENTATION_CONTEXT ( 'NONE', 'WORKASPACE' ) );
#1702 = CARTESIAN_POINT ( 'NONE',  ( 2.390000000000000600, -0.7900000000000001500, -1.339999999999999900 ) ) ;
#1703 = ORIENTED_EDGE ( 'NONE', *, *, #24, .F. ) ;
#1704 = EDGE_CURVE ( 'NONE', #585, #1151, #130, .T. ) ;
#1705 = DIRECTION ( 'NONE',  ( 0.0000000000000000000, 0.0000000000000000000, 1.000000000000000000 ) ) ;
#1706 = VECTOR ( 'NONE', #34, 1000.000000000000000 ) ;
#1707 = ORIENTED_EDGE ( 'NONE', *, *, #478, .F. ) ;
#1708 = ORIENTED_EDGE ( 'NONE', *, *, #743, .F. ) ;
#1709 = AXIS2_PLACEMENT_3D ( 'NONE', #1291, #1506, #819 ) ;
#1710 = EDGE_LOOP ( 'NONE', ( #884, #662, #1765, #76, #163, #897, #1250 ) ) ;
#1711 = DIRECTION ( 'NONE',  ( -0.0000000000000000000, 0.0000000000000000000, 1.000000000000000000 ) ) ;
#1712 = CIRCLE ( 'NONE', #960, 0.3999999999999966900 ) ;
#1713 = DIRECTION ( 'NONE',  ( 0.0000000000000000000, 0.0000000000000000000, -1.000000000000000000 ) ) ;
#1714 = FACE_OUTER_BOUND ( 'NONE', #989, .T. ) ;
#1715 = FACE_OUTER_BOUND ( 'NONE', #8, .T. ) ;
#1716 = MECHANICAL_DESIGN_GEOMETRIC_PRESENTATION_REPRESENTATION (  '', ( #1526 ), #23 ) ;
#1717 = FACE_OUTER_BOUND ( 'NONE', #633, .T. ) ;
#1718 = CARTESIAN_POINT ( 'NONE',  ( 0.1499999999999999700, -1.090000000000000100, 1.039999999999999800 ) ) ;
#1719 = CARTESIAN_POINT ( 'NONE',  ( 2.624865500860011500, 7.169999999999999900, 0.4690426629197462800 ) ) ;
#1720 = LINE ( 'NONE', #1320, #1310 ) ;
#1721 = DIRECTION ( 'NONE',  ( 0.0000000000000000000, 0.0000000000000000000, -1.000000000000000000 ) ) ;
#1722 = CARTESIAN_POINT ( 'NONE',  ( -2.340069688947880100E-016, -1.090000000000000100, 3.179999999999999700 ) ) ;
#1723 =( NAMED_UNIT ( * ) SI_UNIT ( $, .STERADIAN. ) SOLID_ANGLE_UNIT ( ) );
#1724 = AXIS2_PLACEMENT_3D ( 'NONE', #296, #890, #425 ) ;
#1725 = DIRECTION ( 'NONE',  ( -1.000000000000000000, -0.0000000000000000000, 0.0000000000000000000 ) ) ;
#1726 = VERTEX_POINT ( 'NONE', #669 ) ;
#1727 =( LENGTH_UNIT ( ) NAMED_UNIT ( * ) SI_UNIT ( .MILLI., .METRE. ) );
#1728 = DIRECTION ( 'NONE',  ( -1.003890900449541100E-016, 0.0000000000000000000, -1.000000000000000000 ) ) ;
#1729 = EDGE_CURVE ( 'NONE', #1077, #1468, #1501, .T. ) ;
#1730 = FILL_AREA_STYLE_COLOUR ( '', #70 ) ;
#1731 = ORIENTED_EDGE ( 'NONE', *, *, #1066, .T. ) ;
#1732 = LINE ( 'NONE', #1562, #824 ) ;
#1733 = CARTESIAN_POINT ( 'NONE',  ( 2.540000000000000500, -1.090000000000000100, -1.039999999999999800 ) ) ;
#1734 = AXIS2_PLACEMENT_3D ( 'NONE', #1640, #827, #1773 ) ;
#1735 =( NAMED_UNIT ( * ) SI_UNIT ( $, .STERADIAN. ) SOLID_ANGLE_UNIT ( ) );
#1736 = DIRECTION ( 'NONE',  ( 0.0000000000000000000, 1.000000000000000000, 0.0000000000000000000 ) ) ;
#1737 = CARTESIAN_POINT ( 'NONE',  ( -3.174999999999998900, 0.0000000000000000000, -2.160000000000000100 ) ) ;
#1738 = CLOSED_SHELL ( 'NONE', ( #889, #1251, #830, #573, #304, #1155, #482, #1397, #703, #1270, #1257, #1503, #1507, #1428, #976, #1017 ) ) ;
#1739 = ORIENTED_EDGE ( 'NONE', *, *, #1, .T. ) ;
#1740 = DIRECTION ( 'NONE',  ( 1.000000000000000000, 0.0000000000000000000, 0.0000000000000000000 ) ) ;
#1741 = CARTESIAN_POINT ( 'NONE',  ( -0.1500000000000000800, -0.7900000000000001500, 3.179999999999999700 ) ) ;
#1742 = AXIS2_PLACEMENT_3D ( 'NONE', #1128, #1604, #776 ) ;
#1743 = SURFACE_SIDE_STYLE ('',( #366 ) ) ;
#1744 = DIRECTION ( 'NONE',  ( -0.0000000000000000000, -1.000000000000000000, -0.0000000000000000000 ) ) ;
#1745 = DIRECTION ( 'NONE',  ( 9.035018104045873200E-017, -0.0000000000000000000, -1.000000000000000000 ) ) ;
#1746 = VERTEX_POINT ( 'NONE', #914 ) ;
#1747 = VERTEX_POINT ( 'NONE', #752 ) ;
#1748 = EDGE_CURVE ( 'NONE', #1592, #1746, #419, .T. ) ;
#1749 = VECTOR ( 'NONE', #98, 1000.000000000000000 ) ;
#1750 = DIRECTION ( 'NONE',  ( 0.0000000000000000000, 0.0000000000000000000, -1.000000000000000000 ) ) ;
#1751 = ORIENTED_EDGE ( 'NONE', *, *, #3, .T. ) ;
#1752 = DIRECTION ( 'NONE',  ( -1.000000000000000000, 0.0000000000000000000, 0.0000000000000000000 ) ) ;
#1753 = AXIS2_PLACEMENT_3D ( 'NONE', #156, #308, #978 ) ;
#1754 = DIRECTION ( 'NONE',  ( -0.0000000000000000000, -0.0000000000000000000, 1.000000000000000000 ) ) ;
#1755 = ORIENTED_EDGE ( 'NONE', *, *, #24, .T. ) ;
#1756 = DIRECTION ( 'NONE',  ( 0.0000000000000000000, 0.0000000000000000000, -1.000000000000000000 ) ) ;
#1757 = DIRECTION ( 'NONE',  ( 0.0000000000000000000, -0.0000000000000000000, -1.000000000000000000 ) ) ;
#1758 = ORIENTED_EDGE ( 'NONE', *, *, #876, .T. ) ;
#1759 =( GEOMETRIC_REPRESENTATION_CONTEXT ( 3 ) GLOBAL_UNCERTAINTY_ASSIGNED_CONTEXT ( ( #445 ) ) GLOBAL_UNIT_ASSIGNED_CONTEXT ( ( #956, #1420, #1108 ) ) REPRESENTATION_CONTEXT ( 'NONE', 'WORKASPACE' ) );
#1760 = EDGE_CURVE ( 'NONE', #1573, #1377, #462, .T. ) ;
#1761 = DIRECTION ( 'NONE',  ( 0.0000000000000000000, 1.000000000000000000, 0.0000000000000000000 ) ) ;
#1762 = CARTESIAN_POINT ( 'NONE',  ( 2.390000000000000600, -1.090000000000000100, -1.039999999999999800 ) ) ;
#1763 = FILL_AREA_STYLE ('',( #810 ) ) ;
#1764 = AXIS2_PLACEMENT_3D ( 'NONE', #1144, #836, #1600 ) ;
#1765 = ORIENTED_EDGE ( 'NONE', *, *, #1372, .T. ) ;
#1766 = DIRECTION ( 'NONE',  ( -1.003890900449541100E-016, -0.0000000000000000000, -1.000000000000000000 ) ) ;
#1767 = CARTESIAN_POINT ( 'NONE',  ( 1.337182679398789500E-016, -0.9400000000000000600, 2.416293943356926200E-032 ) ) ;
#1768 = ORIENTED_EDGE ( 'NONE', *, *, #158, .F. ) ;
#1769 = ORIENTED_EDGE ( 'NONE', *, *, #359, .T. ) ;
#1770 = EDGE_CURVE ( 'NONE', #1620, #603, #1456, .T. ) ;
#1771 = PRESENTATION_STYLE_ASSIGNMENT (( #1005 ) ) ;
#1772 = VECTOR ( 'NONE', #1649, 1000.000000000000000 ) ;
#1773 = DIRECTION ( 'NONE',  ( 0.0000000000000000000, 0.0000000000000000000, 1.000000000000000000 ) ) ;
#1774 = SURFACE_STYLE_FILL_AREA ( #1216 ) ;
#1775 = AXIS2_PLACEMENT_3D ( 'NONE', #189, #688, #248 ) ;
#1776 = FACE_OUTER_BOUND ( 'NONE', #558, .T. ) ;
#1777 = ORIENTED_EDGE ( 'NONE', *, *, #15, .F. ) ;
#1778 = ADVANCED_FACE ( 'NONE', ( #775 ), #597, .F. ) ;
ENDSEC;
END-ISO-10303-21;
