ISO-10303-21;
HEADER;
FILE_DESCRIPTION (( 'STEP AP214' ),
    '1' );
FILE_NAME ('CAS_SMD_L7.6W4.6H2S1.3F2.5.STEP',
    '2022-03-10T23:34:54',
    ( '' ),
    ( '' ),
    'SwSTEP 2.0',
    'SolidWorks 2021',
    '' );
FILE_SCHEMA (( 'AUTOMOTIVE_DESIGN' ));
ENDSEC;

DATA;
#1 = EDGE_LOOP ( 'NONE', ( #2090, #1476, #823, #2351 ) ) ;
#2 = LINE ( 'NONE', #1815, #383 ) ;
#3 = DIRECTION ( 'NONE',  ( -0.000000000000000000, -1.000000000000000000, -0.000000000000000000 ) ) ;
#4 = EDGE_CURVE ( 'NONE', #594, #2267, #2529, .T. ) ;
#5 = DIRECTION ( 'NONE',  ( -0.2763139702539124110, 0.000000000000000000, 0.9610674221107070592 ) ) ;
#6 = DIRECTION ( 'NONE',  ( 0.05375259206908022946, 0.000000000000000000, -0.9985542843760948362 ) ) ;
#7 = ORIENTED_EDGE ( 'NONE', *, *, #300, .F. ) ;
#8 = CARTESIAN_POINT ( 'NONE',  ( 7.399999999999999467, -3.673940397442037312E-17, -0.1999999999999996503 ) ) ;
#9 = EDGE_LOOP ( 'NONE', ( #2690, #2230, #93, #657 ) ) ;
#10 = DIRECTION ( 'NONE',  ( -0.000000000000000000, -1.000000000000000000, -0.000000000000000000 ) ) ;
#11 = FILL_AREA_STYLE ('',( #2061 ) ) ;
#12 = LINE ( 'NONE', #1014, #1128 ) ;
#13 = ORIENTED_EDGE ( 'NONE', *, *, #581, .T. ) ;
#14 =( LENGTH_UNIT ( ) NAMED_UNIT ( * ) SI_UNIT ( .MILLI., .METRE. ) );
#15 = VECTOR ( 'NONE', #1621, 1000.000000000000114 ) ;
#16 = CARTESIAN_POINT ( 'NONE',  ( 5.862220117805299502, -3.192222914327899506E-17, -0.8000000000000003775 ) ) ;
#17 = LINE ( 'NONE', #1862, #1628 ) ;
#18 = CARTESIAN_POINT ( 'NONE',  ( 4.887210071214730611, 1.905000000000000027, -2.049190320078301930 ) ) ;
#19 = PRESENTATION_STYLE_ASSIGNMENT (( #737 ) ) ;
#20 = VERTEX_POINT ( 'NONE', #1725 ) ;
#21 = ORIENTED_EDGE ( 'NONE', *, *, #1199, .F. ) ;
#22 = PRESENTATION_LAYER_ASSIGNMENT (  '', '', ( #69 ) ) ;
#23 = ADVANCED_FACE ( 'NONE', ( #807 ), #149, .T. ) ;
#24 = CARTESIAN_POINT ( 'NONE',  ( 3.760725431349892567, 1.905000000000000027, -2.702191784705270106 ) ) ;
#25 = DIRECTION ( 'NONE',  ( 0.000000000000000000, -0.000000000000000000, -1.000000000000000000 ) ) ;
#26 = VECTOR ( 'NONE', #2915, 1000.000000000000000 ) ;
#27 = DIRECTION ( 'NONE',  ( -0.000000000000000000, -1.000000000000000000, -0.000000000000000000 ) ) ;
#28 = VECTOR ( 'NONE', #909, 1000.000000000000000 ) ;
#29 =( GEOMETRIC_REPRESENTATION_CONTEXT ( 3 ) GLOBAL_UNCERTAINTY_ASSIGNED_CONTEXT ( ( #647 ) ) GLOBAL_UNIT_ASSIGNED_CONTEXT ( ( #1840, #2761, #287 ) ) REPRESENTATION_CONTEXT ( 'NONE', 'WORKASPACE' ) );
#30 = ORIENTED_EDGE ( 'NONE', *, *, #2750, .F. ) ;
#31 = VECTOR ( 'NONE', #335, 1000.000000000000000 ) ;
#32 = VECTOR ( 'NONE', #2729, 1000.000000000000114 ) ;
#33 = CARTESIAN_POINT ( 'NONE',  ( 3.229577011083042848, 1.905000000000000027, -2.049160894554300949 ) ) ;
#34 = ORIENTED_EDGE ( 'NONE', *, *, #333, .F. ) ;
#35 = DIRECTION ( 'NONE',  ( -0.9670745372626464720, -0.2544932992796438698, 0.000000000000000000 ) ) ;
#36 = VECTOR ( 'NONE', #2273, 1000.000000000000000 ) ;
#37 = LINE ( 'NONE', #80, #172 ) ;
#38 = ORIENTED_EDGE ( 'NONE', *, *, #1474, .T. ) ;
#39 = CARTESIAN_POINT ( 'NONE',  ( 3.729711267094204530, 1.899999999999999911, -2.126046051043519736 ) ) ;
#40 = CARTESIAN_POINT ( 'NONE',  ( 3.932371369323392596, 1.899999999999999911, -1.895731297701219953 ) ) ;
#41 = ORIENTED_EDGE ( 'NONE', *, *, #2370, .F. ) ;
#42 = VERTEX_POINT ( 'NONE', #1492 ) ;
#43 = FACE_OUTER_BOUND ( 'NONE', #702, .T. ) ;
#44 = EDGE_CURVE ( 'NONE', #906, #1770, #604, .T. ) ;
#45 = DIRECTION ( 'NONE',  ( -0.6995643972269877109, 0.000000000000000000, -0.7145695586382346809 ) ) ;
#46 = SURFACE_STYLE_USAGE ( .BOTH. , #2427 ) ;
#47 = EDGE_CURVE ( 'NONE', #1985, #2842, #2653, .T. ) ;
#48 = ORIENTED_EDGE ( 'NONE', *, *, #1640, .F. ) ;
#49 = ORIENTED_EDGE ( 'NONE', *, *, #2492, .F. ) ;
#50 = LINE ( 'NONE', #16, #2727 ) ;
#51 = VERTEX_POINT ( 'NONE', #2228 ) ;
#52 = DIRECTION ( 'NONE',  ( 0.05375259206908022946, 0.000000000000000000, -0.9985542843760948362 ) ) ;
#53 =( NAMED_UNIT ( * ) PLANE_ANGLE_UNIT ( ) SI_UNIT ( $, .RADIAN. ) );
#54 = DIRECTION ( 'NONE',  ( -6.687102215165528384E-19, 1.000000000000000000, 0.000000000000000000 ) ) ;
#55 = EDGE_CURVE ( 'NONE', #2272, #924, #370, .T. ) ;
#56 = ORIENTED_EDGE ( 'NONE', *, *, #1199, .T. ) ;
#57 = EDGE_CURVE ( 'NONE', #1051, #327, #1531, .T. ) ;
#58 = CARTESIAN_POINT ( 'NONE',  ( 5.078623117886716720, 1.899999999999999911, -1.895731297701220397 ) ) ;
#59 = ORIENTED_EDGE ( 'NONE', *, *, #1404, .T. ) ;
#60 = SURFACE_STYLE_USAGE ( .BOTH. , #2402 ) ;
#61 = EDGE_CURVE ( 'NONE', #2914, #2065, #2259, .T. ) ;
#62 = DIRECTION ( 'NONE',  ( -0.2762517575165896466, 0.000000000000000000, 0.9610853065513982330 ) ) ;
#63 = ORIENTED_EDGE ( 'NONE', *, *, #2902, .F. ) ;
#64 = LINE ( 'NONE', #769, #1528 ) ;
#65 = FACE_OUTER_BOUND ( 'NONE', #1560, .T. ) ;
#66 = SURFACE_STYLE_USAGE ( .BOTH. , #2368 ) ;
#67 = DIRECTION ( 'NONE',  ( -0.9237839814038768527, 0.000000000000000000, 0.3829140317376756864 ) ) ;
#68 = AXIS2_PLACEMENT_3D ( 'NONE', #1806, #1131, #1823 ) ;
#69 = STYLED_ITEM ( 'NONE', ( #83 ), #517 ) ;
#70 = LINE ( 'NONE', #1722, #2399 ) ;
#71 = AXIS2_PLACEMENT_3D ( 'NONE', #2648, #1055, #2463 ) ;
#72 = VECTOR ( 'NONE', #817, 1000.000000000000000 ) ;
#73 = VECTOR ( 'NONE', #1563, 1000.000000000000000 ) ;
#74 =( NAMED_UNIT ( * ) PLANE_ANGLE_UNIT ( ) SI_UNIT ( $, .RADIAN. ) );
#75 = VERTEX_POINT ( 'NONE', #1792 ) ;
#76 = LINE ( 'NONE', #289, #653 ) ;
#77 = VECTOR ( 'NONE', #992, 1000.000000000000000 ) ;
#78 = ADVANCED_FACE ( 'NONE', ( #879 ), #929, .F. ) ;
#79 = VECTOR ( 'NONE', #2824, 1000.000000000000000 ) ;
#80 = CARTESIAN_POINT ( 'NONE',  ( 6.715298507462684086, -1.651865671641793210, -4.052238805970150182 ) ) ;
#81 = ORIENTED_EDGE ( 'NONE', *, *, #1888, .T. ) ;
#82 = DIRECTION ( 'NONE',  ( 0.000000000000000000, 0.000000000000000000, 1.000000000000000000 ) ) ;
#83 = PRESENTATION_STYLE_ASSIGNMENT (( #347 ) ) ;
#84 = EDGE_CURVE ( 'NONE', #1753, #257, #2002, .T. ) ;
#85 = AXIS2_PLACEMENT_3D ( 'NONE', #440, #2070, #1169 ) ;
#86 = LINE ( 'NONE', #1881, #2779 ) ;
#87 = CARTESIAN_POINT ( 'NONE',  ( 0.2500000000000006661, -2.981555974335137194E-16, -4.400000000000001243 ) ) ;
#88 = SURFACE_SIDE_STYLE ('',( #2275 ) ) ;
#89 = PLANE ( 'NONE',  #618 ) ;
#90 = ORIENTED_EDGE ( 'NONE', *, *, #1075, .T. ) ;
#91 = CARTESIAN_POINT ( 'NONE',  ( 0.2338082901554405235, 0.06152849740932646999, -4.599999999999999645 ) ) ;
#92 = ADVANCED_FACE ( 'NONE', ( #484 ), #2536, .F. ) ;
#93 = ORIENTED_EDGE ( 'NONE', *, *, #1321, .F. ) ;
#94 = DIRECTION ( 'NONE',  ( -1.000000000000000000, -1.017195236304267233E-16, 0.000000000000000000 ) ) ;
#95 = ORIENTED_EDGE ( 'NONE', *, *, #1594, .F. ) ;
#96 = CARTESIAN_POINT ( 'NONE',  ( 4.369168781617137398, 1.905000000000000027, -2.702191784705270106 ) ) ;
#97 =( LENGTH_UNIT ( ) NAMED_UNIT ( * ) SI_UNIT ( .MILLI., .METRE. ) );
#98 = VERTEX_POINT ( 'NONE', #2521 ) ;
#99 = EDGE_CURVE ( 'NONE', #1452, #2014, #1403, .T. ) ;
#100 = PLANE ( 'NONE',  #1290 ) ;
#101 = CARTESIAN_POINT ( 'NONE',  ( 2.237508854434027583, 1.905000000000000027, -2.333617454457372897 ) ) ;
#102 = PRESENTATION_STYLE_ASSIGNMENT (( #962 ) ) ;
#103 = SURFACE_STYLE_USAGE ( .BOTH. , #566 ) ;
#104 = PRESENTATION_STYLE_ASSIGNMENT (( #1061 ) ) ;
#105 = CARTESIAN_POINT ( 'NONE',  ( 7.500999999999998558, -0.1000000000000000472, -3.800000000000000266 ) ) ;
#106 = ORIENTED_EDGE ( 'NONE', *, *, #1986, .T. ) ;
#107 =( NAMED_UNIT ( * ) PLANE_ANGLE_UNIT ( ) SI_UNIT ( $, .RADIAN. ) );
#108 = VERTEX_POINT ( 'NONE', #1557 ) ;
#109 = FACE_OUTER_BOUND ( 'NONE', #1751, .T. ) ;
#110 = ORIENTED_EDGE ( 'NONE', *, *, #1555, .T. ) ;
#111 = CARTESIAN_POINT ( 'NONE',  ( 2.237508854434027583, 1.905000000000000027, -2.333617454457372897 ) ) ;
#112 =( NAMED_UNIT ( * ) SI_UNIT ( $, .STERADIAN. ) SOLID_ANGLE_UNIT ( ) );
#113 = EDGE_CURVE ( 'NONE', #778, #2101, #2942, .T. ) ;
#114 =( GEOMETRIC_REPRESENTATION_CONTEXT ( 3 ) GLOBAL_UNCERTAINTY_ASSIGNED_CONTEXT ( ( #1541 ) ) GLOBAL_UNIT_ASSIGNED_CONTEXT ( ( #283, #1735, #2080 ) ) REPRESENTATION_CONTEXT ( 'NONE', 'WORKASPACE' ) );
#115 = VECTOR ( 'NONE', #1599, 1000.000000000000000 ) ;
#116 = DIRECTION ( 'NONE',  ( 1.000000000000000000, 0.000000000000000000, 0.000000000000000000 ) ) ;
#117 = DIRECTION ( 'NONE',  ( 0.000000000000000000, -0.000000000000000000, 1.000000000000000000 ) ) ;
#118 = VECTOR ( 'NONE', #881, 1000.000000000000000 ) ;
#119 = VECTOR ( 'NONE', #1816, 1000.000000000000000 ) ;
#120 = ORIENTED_EDGE ( 'NONE', *, *, #2492, .T. ) ;
#121 = CARTESIAN_POINT ( 'NONE',  ( 2.925812401867613932, 1.905000000000000027, -2.548686171911270559 ) ) ;
#122 = VERTEX_POINT ( 'NONE', #414 ) ;
#123 =( LENGTH_UNIT ( ) NAMED_UNIT ( * ) SI_UNIT ( .MILLI., .METRE. ) );
#124 = VECTOR ( 'NONE', #362, 1000.000000000000000 ) ;
#125 = ORIENTED_EDGE ( 'NONE', *, *, #2063, .T. ) ;
#126 = VECTOR ( 'NONE', #2941, 1000.000000000000000 ) ;
#127 = AXIS2_PLACEMENT_3D ( 'NONE', #2114, #728, #2532 ) ;
#128 = DIRECTION ( 'NONE',  ( 1.000000000000000000, 0.000000000000000000, -3.021165783968233551E-15 ) ) ;
#129 = CARTESIAN_POINT ( 'NONE',  ( 2.508990016831305070, 1.905000000000000027, -1.895731297701219509 ) ) ;
#130 = FILL_AREA_STYLE ('',( #2650 ) ) ;
#131 = FILL_AREA_STYLE_COLOUR ( '', #213 ) ;
#132 = VECTOR ( 'NONE', #2846, 1000.000000000000000 ) ;
#133 = EDGE_CURVE ( 'NONE', #2091, #511, #2710, .T. ) ;
#134 = UNCERTAINTY_MEASURE_WITH_UNIT (LENGTH_MEASURE( 1.000000000000000082E-05 ), #760, 'distance_accuracy_value', 'NONE');
#135 = ADVANCED_FACE ( 'NONE', ( #1353 ), #191, .F. ) ;
#136 = PLANE ( 'NONE',  #1723 ) ;
#137 = FILL_AREA_STYLE_COLOUR ( '', #514 ) ;
#138 = ORIENTED_EDGE ( 'NONE', *, *, #1171, .T. ) ;
#139 = VERTEX_POINT ( 'NONE', #1839 ) ;
#140 = SURFACE_STYLE_FILL_AREA ( #2208 ) ;
#141 = ORIENTED_EDGE ( 'NONE', *, *, #2839, .F. ) ;
#142 = ORIENTED_EDGE ( 'NONE', *, *, #2094, .F. ) ;
#143 = LINE ( 'NONE', #1991, #955 ) ;
#144 = DIRECTION ( 'NONE',  ( -0.2793947940878285241, 0.000000000000000000, 0.9601763114327596105 ) ) ;
#145 = CARTESIAN_POINT ( 'NONE',  ( -0.0009999999999998378242, 0.000000000000000000, -3.800000000000000266 ) ) ;
#146 = DIRECTION ( 'NONE',  ( -0.2765379750249962187, 0.000000000000000000, 0.9610029908221277006 ) ) ;
#147 = ADVANCED_FACE ( 'NONE', ( #913 ), #700, .F. ) ;
#148 = LINE ( 'NONE', #176, #126 ) ;
#149 = CYLINDRICAL_SURFACE ( 'NONE', #2713, 0.1000000000000002554 ) ;
#150 = EDGE_CURVE ( 'NONE', #98, #2914, #2025, .T. ) ;
#151 = ORIENTED_EDGE ( 'NONE', *, *, #2757, .T. ) ;
#152 = ORIENTED_EDGE ( 'NONE', *, *, #353, .T. ) ;
#153 = EDGE_LOOP ( 'NONE', ( #2386, #2231, #1841, #2782 ) ) ;
#154 = DIRECTION ( 'NONE',  ( -1.000000000000000000, -0.000000000000000000, -0.000000000000000000 ) ) ;
#155 =( LENGTH_UNIT ( ) NAMED_UNIT ( * ) SI_UNIT ( .MILLI., .METRE. ) );
#156 = DIRECTION ( 'NONE',  ( 0.9999999968487351953, 0.000000000000000000, 7.938847109419766123E-05 ) ) ;
#157 = CARTESIAN_POINT ( 'NONE',  ( 7.149999999999999467, 1.626303258728256651E-16, -4.400000000000001243 ) ) ;
#158 = UNCERTAINTY_MEASURE_WITH_UNIT (LENGTH_MEASURE( 1.000000000000000082E-05 ), #1320, 'distance_accuracy_value', 'NONE');
#159 = LINE ( 'NONE', #1309, #227 ) ;
#160 = VECTOR ( 'NONE', #2005, 1000.000000000000000 ) ;
#161 = ORIENTED_EDGE ( 'NONE', *, *, #673, .F. ) ;
#162 = EDGE_CURVE ( 'NONE', #1022, #1248, #2504, .T. ) ;
#163 = CARTESIAN_POINT ( 'NONE',  ( 4.607334084859068923, 1.905000000000000027, -2.398657675439464398 ) ) ;
#164 = ORIENTED_EDGE ( 'NONE', *, *, #186, .F. ) ;
#165 = VECTOR ( 'NONE', #662, 1000.000000000000114 ) ;
#166 = DIRECTION ( 'NONE',  ( 0.000000000000000000, 0.000000000000000000, -1.000000000000000000 ) ) ;
#167 = DIRECTION ( 'NONE',  ( 0.000000000000000000, 0.2060104810498415984, -0.9785497849867491604 ) ) ;
#168 = STYLED_ITEM ( 'NONE', ( #2872 ), #2358 ) ;
#169 = ADVANCED_FACE ( 'NONE', ( #177 ), #2276, .F. ) ;
#170 = PRESENTATION_LAYER_ASSIGNMENT (  '', '', ( #1573 ) ) ;
#171 = PLANE ( 'NONE',  #2189 ) ;
#172 = VECTOR ( 'NONE', #268, 1000.000000000000114 ) ;
#173 = VECTOR ( 'NONE', #2781, 1000.000000000000000 ) ;
#174 =( NAMED_UNIT ( * ) PLANE_ANGLE_UNIT ( ) SI_UNIT ( $, .RADIAN. ) );
#175 = AXIS2_PLACEMENT_3D ( 'NONE', #2037, #495, #1149 ) ;
#176 = CARTESIAN_POINT ( 'NONE',  ( 0.2500000000000001110, 0.000000000000000000, -4.599999999999999645 ) ) ;
#177 = FACE_OUTER_BOUND ( 'NONE', #2796, .T. ) ;
#178 = EDGE_LOOP ( 'NONE', ( #356, #1025, #2568, #1205, #1217, #2803, #828, #2732, #726, #2448, #655, #2247, #2576, #1250, #2514, #1644, #1315 ) ) ;
#179 = CARTESIAN_POINT ( 'NONE',  ( 2.782519898721566687, 1.899999999999999911, -2.049160894554300949 ) ) ;
#180 = ORIENTED_EDGE ( 'NONE', *, *, #2182, .F. ) ;
#181 = EDGE_CURVE ( 'NONE', #1122, #1022, #2746, .T. ) ;
#182 = DIRECTION ( 'NONE',  ( -1.000000000000000000, -1.017195236304267233E-16, 0.000000000000000000 ) ) ;
#183 = DIRECTION ( 'NONE',  ( -0.000000000000000000, -1.000000000000000000, -0.000000000000000000 ) ) ;
#184 = ORIENTED_EDGE ( 'NONE', *, *, #953, .F. ) ;
#185 = SURFACE_SIDE_STYLE ('',( #1318 ) ) ;
#186 = EDGE_CURVE ( 'NONE', #1495, #331, #1152, .T. ) ;
#187 = CARTESIAN_POINT ( 'NONE',  ( 4.234360638473013694, 1.905000000000000027, -1.895731297701220175 ) ) ;
#188 = SURFACE_STYLE_USAGE ( .BOTH. , #399 ) ;
#189 = UNCERTAINTY_MEASURE_WITH_UNIT (LENGTH_MEASURE( 1.000000000000000082E-05 ), #155, 'distance_accuracy_value', 'NONE');
#190 = CARTESIAN_POINT ( 'NONE',  ( 2.613988843316547239, 1.899999999999999911, -2.702191784705270106 ) ) ;
#191 = PLANE ( 'NONE',  #648 ) ;
#192 = ORIENTED_EDGE ( 'NONE', *, *, #1558, .F. ) ;
#193 = CARTESIAN_POINT ( 'NONE',  ( -0.1009999999999998399, 0.000000000000000000, -0.8000000000000003775 ) ) ;
#194 = ORIENTED_EDGE ( 'NONE', *, *, #2515, .T. ) ;
#195 = ORIENTED_EDGE ( 'NONE', *, *, #2537, .F. ) ;
#196 = DIRECTION ( 'NONE',  ( 0.000000000000000000, 0.000000000000000000, 1.000000000000000000 ) ) ;
#197 = CARTESIAN_POINT ( 'NONE',  ( 7.399999999999999467, 1.899999999999999689, -0.1999999999999996503 ) ) ;
#198 = FACE_OUTER_BOUND ( 'NONE', #2670, .T. ) ;
#199 = LINE ( 'NONE', #1649, #2773 ) ;
#200 = UNCERTAINTY_MEASURE_WITH_UNIT (LENGTH_MEASURE( 1.000000000000000082E-05 ), #2226, 'distance_accuracy_value', 'NONE');
#201 = EDGE_LOOP ( 'NONE', ( #952, #562, #2997, #614 ) ) ;
#202 = DIRECTION ( 'NONE',  ( -0.000000000000000000, -1.000000000000000000, -0.000000000000000000 ) ) ;
#203 = VERTEX_POINT ( 'NONE', #246 ) ;
#204 = CARTESIAN_POINT ( 'NONE',  ( 4.015460696978008670, 1.905000000000000027, -2.702191784705270106 ) ) ;
#205 = ADVANCED_FACE ( 'NONE', ( #2062 ), #2993, .T. ) ;
#206 = FACE_OUTER_BOUND ( 'NONE', #295, .T. ) ;
#207 = CARTESIAN_POINT ( 'NONE',  ( 2.419015307350435240, 1.905000000000000027, -1.895731297701219953 ) ) ;
#208 = EDGE_CURVE ( 'NONE', #465, #882, #2850, .T. ) ;
#209 = CIRCLE ( 'NONE', #610, 0.1000000000000000056 ) ;
#210 = ORIENTED_EDGE ( 'NONE', *, *, #2847, .T. ) ;
#211 = FILL_AREA_STYLE_COLOUR ( '', #1524 ) ;
#212 = ORIENTED_EDGE ( 'NONE', *, *, #2866, .T. ) ;
#213 = COLOUR_RGB ( '',0.8980392156862745390, 0.9215686274509803377, 0.9294117647058823817 ) ;
#214 = LINE ( 'NONE', #1629, #1148 ) ;
#215 = CARTESIAN_POINT ( 'NONE',  ( 3.583946168008536937, 1.905000000000000027, -2.613701871623553163 ) ) ;
#216 = LINE ( 'NONE', #2088, #2355 ) ;
#217 = CARTESIAN_POINT ( 'NONE',  ( 2.104431913717434988, 1.905000000000000027, -2.702191784705270106 ) ) ;
#218 = VERTEX_POINT ( 'NONE', #2567 ) ;
#219 = COLOUR_RGB ( '',0.8980392156862745390, 0.9215686274509803377, 0.9294117647058823817 ) ;
#220 = VERTEX_POINT ( 'NONE', #2881 ) ;
#221 = VECTOR ( 'NONE', #1610, 1000.000000000000000 ) ;
#222 = VECTOR ( 'NONE', #1682, 1000.000000000000000 ) ;
#223 = VECTOR ( 'NONE', #1828, 1000.000000000000000 ) ;
#224 = DIRECTION ( 'NONE',  ( 0.2759782365590708886, 0.000000000000000000, -0.9611638845408962961 ) ) ;
#225 = SURFACE_SIDE_STYLE ('',( #1802 ) ) ;
#226 = VECTOR ( 'NONE', #2022, 1000.000000000000227 ) ;
#227 = VECTOR ( 'NONE', #1556, 1000.000000000000000 ) ;
#228 = VECTOR ( 'NONE', #1921, 1000.000000000000000 ) ;
#229 = ADVANCED_FACE ( 'NONE', ( #818 ), #2341, .F. ) ;
#230 = CARTESIAN_POINT ( 'NONE',  ( 7.500999999999998558, 0.9499999999999998446, -3.800000000000000266 ) ) ;
#231 = VECTOR ( 'NONE', #196, 1000.000000000000000 ) ;
#232 = EDGE_CURVE ( 'NONE', #740, #2742, #12, .T. ) ;
#233 = PRESENTATION_STYLE_ASSIGNMENT (( #2252 ) ) ;
#234 = ORIENTED_EDGE ( 'NONE', *, *, #57, .F. ) ;
#235 = CARTESIAN_POINT ( 'NONE',  ( 3.583946168008537381, 1.899999999999999911, -2.613701871623553163 ) ) ;
#236 = ORIENTED_EDGE ( 'NONE', *, *, #2459, .F. ) ;
#237 = ADVANCED_FACE ( 'NONE', ( #1417 ), #2862, .T. ) ;
#238 = CARTESIAN_POINT ( 'NONE',  ( 5.760952024080364886, 1.905000000000000027, -2.702191784705270994 ) ) ;
#239 = LINE ( 'NONE', #884, #951 ) ;
#240 = PLANE ( 'NONE',  #279 ) ;
#241 = CARTESIAN_POINT ( 'NONE',  ( 4.953422408983801262, 1.905000000000000027, -2.398657675439464398 ) ) ;
#242 = VERTEX_POINT ( 'NONE', #864 ) ;
#243 = ORIENTED_EDGE ( 'NONE', *, *, #2953, .F. ) ;
#244 = DIRECTION ( 'NONE',  ( -0.000000000000000000, -1.000000000000000000, -0.000000000000000000 ) ) ;
#245 = DIRECTION ( 'NONE',  ( -0.2493773340269082317, -0.9476338693022512416, 0.1995018672215262689 ) ) ;
#246 = CARTESIAN_POINT ( 'NONE',  ( 7.500999999999998558, 0.8499999999999998668, -0.8000000000000003775 ) ) ;
#247 = ADVANCED_FACE ( 'NONE', ( #1761 ), #1083, .F. ) ;
#248 = SURFACE_STYLE_FILL_AREA ( #2081 ) ;
#249 = ORIENTED_EDGE ( 'NONE', *, *, #765, .F. ) ;
#250 = DIRECTION ( 'NONE',  ( 1.677931933608518861E-16, -1.000000000000000000, 0.000000000000000000 ) ) ;
#251 = EDGE_CURVE ( 'NONE', #2301, #331, #1521, .T. ) ;
#252 = APPLICATION_CONTEXT ( 'automotive_design' ) ;
#253 = CARTESIAN_POINT ( 'NONE',  ( 6.486442786069650523, -2.521517412935323943, -0.7308457711442772897 ) ) ;
#254 = DIRECTION ( 'NONE',  ( -0.000000000000000000, -1.000000000000000000, -0.000000000000000000 ) ) ;
#255 = PLANE ( 'NONE',  #2152 ) ;
#256 = FACE_OUTER_BOUND ( 'NONE', #2149, .T. ) ;
#257 = VERTEX_POINT ( 'NONE', #645 ) ;
#258 = ADVANCED_FACE ( 'NONE', ( #2237 ), #171, .T. ) ;
#259 = EDGE_LOOP ( 'NONE', ( #1885, #95, #1729, #2734, #288, #142, #7, #1706, #1102, #2826, #1820, #374, #2885, #2139, #577, #870, #1175, #1155, #358, #630, #450, #1480, #688 ) ) ;
#260 = DIRECTION ( 'NONE',  ( -1.000000000000000000, 0.000000000000000000, 0.000000000000000000 ) ) ;
#261 = CARTESIAN_POINT ( 'NONE',  ( 5.760952024080364886, 1.905000000000000027, -2.702191784705270994 ) ) ;
#262 = DIRECTION ( 'NONE',  ( 0.7059037656365216851, 0.000000000000000000, -0.7083077534943259534 ) ) ;
#263 = VERTEX_POINT ( 'NONE', #157 ) ;
#264 = LINE ( 'NONE', #2326, #173 ) ;
#265 = ORIENTED_EDGE ( 'NONE', *, *, #1262, .T. ) ;
#266 = CARTESIAN_POINT ( 'NONE',  ( 2.348590215755867572, 1.899999999999999911, -2.702191784705270550 ) ) ;
#267 = EDGE_CURVE ( 'NONE', #1534, #2897, #2924, .T. ) ;
#268 = DIRECTION ( 'NONE',  ( -0.2493773340269084815, -0.9476338693022512416, 0.1995018672215262689 ) ) ;
#269 = EDGE_LOOP ( 'NONE', ( #2570, #735, #180, #1995 ) ) ;
#270 = SURFACE_SIDE_STYLE ('',( #1223 ) ) ;
#271 =( LENGTH_UNIT ( ) NAMED_UNIT ( * ) SI_UNIT ( .MILLI., .METRE. ) );
#272 = ORIENTED_EDGE ( 'NONE', *, *, #1227, .T. ) ;
#273 = ORIENTED_EDGE ( 'NONE', *, *, #1886, .F. ) ;
#274 = STYLED_ITEM ( 'NONE', ( #19 ), #456 ) ;
#275 = ADVANCED_FACE ( 'NONE', ( #2936 ), #1748, .F. ) ;
#276 = CARTESIAN_POINT ( 'NONE',  ( 3.377795837061557727, 1.905000000000000027, -1.895731297701219731 ) ) ;
#277 = AXIS2_PLACEMENT_3D ( 'NONE', #2015, #2702, #1756 ) ;
#278 = PLANE ( 'NONE',  #127 ) ;
#279 = AXIS2_PLACEMENT_3D ( 'NONE', #2266, #902, #2056 ) ;
#280 = VECTOR ( 'NONE', #1845, 1000.000000000000000 ) ;
#281 = FACE_OUTER_BOUND ( 'NONE', #2814, .T. ) ;
#282 = VECTOR ( 'NONE', #396, 999.9999999999998863 ) ;
#283 =( LENGTH_UNIT ( ) NAMED_UNIT ( * ) SI_UNIT ( .MILLI., .METRE. ) );
#284 = VECTOR ( 'NONE', #1970, 1000.000000000000000 ) ;
#285 = ORIENTED_EDGE ( 'NONE', *, *, #2940, .T. ) ;
#286 = PRESENTATION_LAYER_ASSIGNMENT (  '', '', ( #759 ) ) ;
#287 =( NAMED_UNIT ( * ) SI_UNIT ( $, .STERADIAN. ) SOLID_ANGLE_UNIT ( ) );
#288 = ORIENTED_EDGE ( 'NONE', *, *, #2940, .F. ) ;
#289 = CARTESIAN_POINT ( 'NONE',  ( 5.716197898665055455, 1.905000000000000027, -2.546461728368874411 ) ) ;
#290 = AXIS2_PLACEMENT_3D ( 'NONE', #1632, #1846, #1864 ) ;
#291 = CARTESIAN_POINT ( 'NONE',  ( 3.760725431349892567, 1.905000000000000027, -2.702191784705270106 ) ) ;
#292 = VERTEX_POINT ( 'NONE', #427 ) ;
#293 = CARTESIAN_POINT ( 'NONE',  ( 7.149999999999999467, 1.899999999999999911, -4.400000000000001243 ) ) ;
#294 = LINE ( 'NONE', #1210, #748 ) ;
#295 = EDGE_LOOP ( 'NONE', ( #1048, #2809, #2631, #1311 ) ) ;
#296 = EDGE_CURVE ( 'NONE', #2517, #2843, #1349, .T. ) ;
#297 = DIRECTION ( 'NONE',  ( -0.2740217765954056084, 0.000000000000000000, 0.9617234872620598063 ) ) ;
#298 = FILL_AREA_STYLE_COLOUR ( '', #1441 ) ;
#299 = EDGE_CURVE ( 'NONE', #798, #122, #2949, .T. ) ;
#300 = EDGE_CURVE ( 'NONE', #694, #2175, #2720, .T. ) ;
#301 = ORIENTED_EDGE ( 'NONE', *, *, #500, .T. ) ;
#302 = PLANE ( 'NONE',  #1390 ) ;
#303 = ORIENTED_EDGE ( 'NONE', *, *, #2827, .F. ) ;
#304 = LINE ( 'NONE', #1007, #853 ) ;
#305 = DIRECTION ( 'NONE',  ( 0.000000000000000000, -0.000000000000000000, 1.000000000000000000 ) ) ;
#306 = ORIENTED_EDGE ( 'NONE', *, *, #133, .T. ) ;
#307 = FILL_AREA_STYLE_COLOUR ( '', #2199 ) ;
#308 = DIRECTION ( 'NONE',  ( -0.2759782365590708331, 0.000000000000000000, 0.9611638845408962961 ) ) ;
#309 = ORIENTED_EDGE ( 'NONE', *, *, #1015, .T. ) ;
#310 = PRESENTATION_STYLE_ASSIGNMENT (( #66 ) ) ;
#311 = EDGE_CURVE ( 'NONE', #2832, #1931, #1567, .T. ) ;
#312 = PLANE ( 'NONE',  #908 ) ;
#313 = ADVANCED_FACE ( 'NONE', ( #601 ), #2963, .F. ) ;
#314 =( NAMED_UNIT ( * ) PLANE_ANGLE_UNIT ( ) SI_UNIT ( $, .RADIAN. ) );
#315 = ORIENTED_EDGE ( 'NONE', *, *, #1262, .F. ) ;
#316 = DIRECTION ( 'NONE',  ( 0.000000000000000000, 0.000000000000000000, -1.000000000000000000 ) ) ;
#317 = CARTESIAN_POINT ( 'NONE',  ( 3.377795837061557727, 1.905000000000000027, -1.895731297701219731 ) ) ;
#318 = ORIENTED_EDGE ( 'NONE', *, *, #1214, .T. ) ;
#319 = CARTESIAN_POINT ( 'NONE',  ( 4.507586455951489768, 1.899999999999999911, -2.049190320078301930 ) ) ;
#320 = FILL_AREA_STYLE_COLOUR ( '', #1333 ) ;
#321 = VERTEX_POINT ( 'NONE', #1633 ) ;
#322 = CARTESIAN_POINT ( 'NONE',  ( 7.154533678756475723, 1.882772020725388629, -4.599999999999999645 ) ) ;
#323 = ORIENTED_EDGE ( 'NONE', *, *, #1618, .F. ) ;
#324 = VECTOR ( 'NONE', #871, 1000.000000000000000 ) ;
#325 = LINE ( 'NONE', #834, #1198 ) ;
#326 = VECTOR ( 'NONE', #2714, 1000.000000000000227 ) ;
#327 = VERTEX_POINT ( 'NONE', #443 ) ;
#328 = EDGE_CURVE ( 'NONE', #2074, #2901, #199, .T. ) ;
#329 = VECTOR ( 'NONE', #52, 1000.000000000000114 ) ;
#330 = VECTOR ( 'NONE', #254, 1000.000000000000000 ) ;
#331 = VERTEX_POINT ( 'NONE', #455 ) ;
#332 = DIRECTION ( 'NONE',  ( 0.2544932992796438143, -0.9670745372626463610, 0.000000000000000000 ) ) ;
#333 = EDGE_CURVE ( 'NONE', #798, #551, #1123, .T. ) ;
#334 = ORIENTED_EDGE ( 'NONE', *, *, #2827, .T. ) ;
#335 = DIRECTION ( 'NONE',  ( 1.677931933608518861E-16, -1.000000000000000000, 0.000000000000000000 ) ) ;
#336 = ORIENTED_EDGE ( 'NONE', *, *, #2127, .T. ) ;
#337 =( GEOMETRIC_REPRESENTATION_CONTEXT ( 3 ) GLOBAL_UNCERTAINTY_ASSIGNED_CONTEXT ( ( #158 ) ) GLOBAL_UNIT_ASSIGNED_CONTEXT ( ( #1320, #174, #1510 ) ) REPRESENTATION_CONTEXT ( 'NONE', 'WORKASPACE' ) );
#338 = PLANE ( 'NONE',  #2829 ) ;
#339 = CARTESIAN_POINT ( 'NONE',  ( 4.910838768598099868, 1.899999999999999911, -2.249597769199492170 ) ) ;
#340 = FILL_AREA_STYLE_COLOUR ( '', #2297 ) ;
#341 = CARTESIAN_POINT ( 'NONE',  ( 4.887210071214730611, 1.899999999999999911, -2.049190320078301930 ) ) ;
#342 = FILL_AREA_STYLE ('',( #137 ) ) ;
#343 = PRESENTATION_STYLE_ASSIGNMENT (( #531 ) ) ;
#344 = VERTEX_POINT ( 'NONE', #903 ) ;
#345 = ORIENTED_EDGE ( 'NONE', *, *, #1006, .F. ) ;
#346 =( NAMED_UNIT ( * ) PLANE_ANGLE_UNIT ( ) SI_UNIT ( $, .RADIAN. ) );
#347 = SURFACE_STYLE_USAGE ( .BOTH. , #2407 ) ;
#348 = EDGE_LOOP ( 'NONE', ( #2617, #1515, #2263, #1865 ) ) ;
#349 = ORIENTED_EDGE ( 'NONE', *, *, #2988, .F. ) ;
#350 = CARTESIAN_POINT ( 'NONE',  ( 2.782519898721566687, 1.905000000000000027, -2.049160894554300949 ) ) ;
#351 = CARTESIAN_POINT ( 'NONE',  ( 4.607334084859068923, 1.905000000000000027, -2.398657675439464398 ) ) ;
#352 = SURFACE_STYLE_FILL_AREA ( #2117 ) ;
#353 = EDGE_CURVE ( 'NONE', #576, #2065, #2057, .T. ) ;
#354 = SURFACE_STYLE_USAGE ( .BOTH. , #2600 ) ;
#355 = CARTESIAN_POINT ( 'NONE',  ( 7.400999999999998913, 0.8499999999999998668, -3.800000000000000266 ) ) ;
#356 = ORIENTED_EDGE ( 'NONE', *, *, #113, .T. ) ;
#357 = CARTESIAN_POINT ( 'NONE',  ( 3.229577011083042848, 1.905000000000000027, -2.049160894554300949 ) ) ;
#358 = ORIENTED_EDGE ( 'NONE', *, *, #718, .F. ) ;
#359 = FILL_AREA_STYLE_COLOUR ( '', #219 ) ;
#360 = EDGE_CURVE ( 'NONE', #617, #2219, #1161, .T. ) ;
#361 = PLANE ( 'NONE',  #1905 ) ;
#362 = DIRECTION ( 'NONE',  ( -0.000000000000000000, -1.000000000000000000, -0.000000000000000000 ) ) ;
#363 = SURFACE_STYLE_FILL_AREA ( #130 ) ;
#364 = DIRECTION ( 'NONE',  ( 0.000000000000000000, 0.000000000000000000, 1.000000000000000000 ) ) ;
#365 = EDGE_CURVE ( 'NONE', #42, #576, #2089, .T. ) ;
#366 = PRESENTATION_LAYER_ASSIGNMENT (  '', '', ( #2384 ) ) ;
#367 = PLANE ( 'NONE',  #433 ) ;
#368 = APPLICATION_CONTEXT ( 'automotive_design' ) ;
#369 = DIRECTION ( 'NONE',  ( -3.558818516450377162E-16, 0.000000000000000000, -1.000000000000000000 ) ) ;
#370 = LINE ( 'NONE', #1971, #412 ) ;
#371 = MECHANICAL_DESIGN_GEOMETRIC_PRESENTATION_REPRESENTATION (  '', ( #1764 ), #1043 ) ;
#372 = ORIENTED_EDGE ( 'NONE', *, *, #181, .T. ) ;
#373 = CARTESIAN_POINT ( 'NONE',  ( 4.650981948435314983, 1.899999999999999911, -2.548659198511568746 ) ) ;
#374 = ORIENTED_EDGE ( 'NONE', *, *, #2270, .F. ) ;
#375 = MECHANICAL_DESIGN_GEOMETRIC_PRESENTATION_REPRESENTATION (  '', ( #1679 ), #2044 ) ;
#376 = AXIS2_PLACEMENT_3D ( 'NONE', #1750, #2666, #2216 ) ;
#377 = VECTOR ( 'NONE', #2359, 1000.000000000000114 ) ;
#378 = CARTESIAN_POINT ( 'NONE',  ( 4.466326964883680084, 1.905000000000000027, -2.702191784705270550 ) ) ;
#379 = CARTESIAN_POINT ( 'NONE',  ( 2.882164538290417077, 1.905000000000000027, -2.398684648839587652 ) ) ;
#380 = PRESENTATION_STYLE_ASSIGNMENT (( #2935 ) ) ;
#381 = DIRECTION ( 'NONE',  ( 1.000000000000000000, 0.000000000000000000, 0.000000000000000000 ) ) ;
#382 = EDGE_CURVE ( 'NONE', #542, #1230, #1847, .T. ) ;
#383 = VECTOR ( 'NONE', #883, 1000.000000000000000 ) ;
#384 = VECTOR ( 'NONE', #784, 1000.000000000000000 ) ;
#385 = SURFACE_SIDE_STYLE ('',( #2652 ) ) ;
#386 = ADVANCED_FACE ( 'NONE', ( #256 ), #2334, .F. ) ;
#387 = UNCERTAINTY_MEASURE_WITH_UNIT (LENGTH_MEASURE( 1.000000000000000082E-05 ), #1302, 'distance_accuracy_value', 'NONE');
#388 = DIRECTION ( 'NONE',  ( -0.2762033010287693324, 0.000000000000000000, 0.9610992334305604734 ) ) ;
#389 = DIRECTION ( 'NONE',  ( 0.000000000000000000, 0.000000000000000000, 1.000000000000000000 ) ) ;
#390 = ORIENTED_EDGE ( 'NONE', *, *, #914, .F. ) ;
#391 =( NAMED_UNIT ( * ) SI_UNIT ( $, .STERADIAN. ) SOLID_ANGLE_UNIT ( ) );
#392 = ORIENTED_EDGE ( 'NONE', *, *, #689, .T. ) ;
#393 = FACE_OUTER_BOUND ( 'NONE', #2958, .T. ) ;
#394 = EDGE_LOOP ( 'NONE', ( #815, #2286, #1467, #2121 ) ) ;
#395 = CARTESIAN_POINT ( 'NONE',  ( 3.758697010579060915, 1.899999999999999911, -1.895731297701219953 ) ) ;
#396 = DIRECTION ( 'NONE',  ( -0.3829140317376756864, -0.000000000000000000, -0.9237839814038769637 ) ) ;
#397 = DIRECTION ( 'NONE',  ( 0.000000000000000000, 0.000000000000000000, 1.000000000000000000 ) ) ;
#398 = ORIENTED_EDGE ( 'NONE', *, *, #500, .F. ) ;
#399 = SURFACE_SIDE_STYLE ('',( #1099 ) ) ;
#400 = EDGE_CURVE ( 'NONE', #242, #2517, #2283, .T. ) ;
#401 = DIRECTION ( 'NONE',  ( 0.000000000000000000, 1.000000000000000000, 0.000000000000000000 ) ) ;
#402 = SURFACE_SIDE_STYLE ('',( #2461 ) ) ;
#403 = EDGE_CURVE ( 'NONE', #2855, #773, #1143, .T. ) ;
#404 = LINE ( 'NONE', #1741, #1812 ) ;
#405 = ORIENTED_EDGE ( 'NONE', *, *, #57, .T. ) ;
#406 = DIRECTION ( 'NONE',  ( 0.9611542233438690186, -0.000000000000000000, 0.2760118818968559373 ) ) ;
#407 = ORIENTED_EDGE ( 'NONE', *, *, #1111, .F. ) ;
#408 = CARTESIAN_POINT ( 'NONE',  ( 5.078623117886716720, 1.905000000000000027, -1.895731297701220397 ) ) ;
#409 = CARTESIAN_POINT ( 'NONE',  ( 4.607334084859068923, 1.905000000000000027, -2.398657675439464398 ) ) ;
#410 = FACE_BOUND ( 'NONE', #259, .T. ) ;
#411 = UNCERTAINTY_MEASURE_WITH_UNIT (LENGTH_MEASURE( 1.000000000000000082E-05 ), #2680, 'distance_accuracy_value', 'NONE');
#412 = VECTOR ( 'NONE', #2910, 1000.000000000000000 ) ;
#413 = LINE ( 'NONE', #1352, #1908 ) ;
#414 = CARTESIAN_POINT ( 'NONE',  ( 4.953422408983801262, 1.899999999999999911, -2.398657675439464398 ) ) ;
#415 = EDGE_CURVE ( 'NONE', #1032, #1495, #709, .T. ) ;
#416 = VECTOR ( 'NONE', #2739, 1000.000000000000000 ) ;
#417 = AXIS2_PLACEMENT_3D ( 'NONE', #2049, #2979, #2302 ) ;
#418 = ORIENTED_EDGE ( 'NONE', *, *, #893, .F. ) ;
#419 = PRESENTATION_STYLE_ASSIGNMENT (( #856 ) ) ;
#420 = VERTEX_POINT ( 'NONE', #2546 ) ;
#421 = EDGE_CURVE ( 'NONE', #1770, #594, #2513, .T. ) ;
#422 = VECTOR ( 'NONE', #944, 1000.000000000000114 ) ;
#423 = FACE_OUTER_BOUND ( 'NONE', #2207, .T. ) ;
#424 = LINE ( 'NONE', #2264, #1533 ) ;
#425 =( GEOMETRIC_REPRESENTATION_CONTEXT ( 3 ) GLOBAL_UNCERTAINTY_ASSIGNED_CONTEXT ( ( #1554 ) ) GLOBAL_UNIT_ASSIGNED_CONTEXT ( ( #1730, #346, #1265 ) ) REPRESENTATION_CONTEXT ( 'NONE', 'WORKASPACE' ) );
#426 = CARTESIAN_POINT ( 'NONE',  ( 5.020546938059225361, 1.905000000000000027, -2.547619496592405497 ) ) ;
#427 = CARTESIAN_POINT ( 'NONE',  ( 2.508990016831305070, 1.899999999999999911, -1.895731297701217066 ) ) ;
#428 = UNCERTAINTY_MEASURE_WITH_UNIT (LENGTH_MEASURE( 1.000000000000000082E-05 ), #1546, 'distance_accuracy_value', 'NONE');
#429 = ORIENTED_EDGE ( 'NONE', *, *, #1489, .F. ) ;
#430 = VECTOR ( 'NONE', #1021, 1000.000000000000114 ) ;
#431 = COLOUR_RGB ( '',0.8980392156862745390, 0.9215686274509803377, 0.9294117647058823817 ) ;
#432 = LINE ( 'NONE', #1125, #1443 ) ;
#433 = AXIS2_PLACEMENT_3D ( 'NONE', #2484, #1967, #2895 ) ;
#434 = DIRECTION ( 'NONE',  ( -0.000000000000000000, -0.000000000000000000, 1.000000000000000000 ) ) ;
#435 = CARTESIAN_POINT ( 'NONE',  ( 5.862220117805299502, -3.192222914327899506E-17, -3.800000000000000266 ) ) ;
#436 = ORIENTED_EDGE ( 'NONE', *, *, #1690, .T. ) ;
#437 = CARTESIAN_POINT ( 'NONE',  ( 0.000000000000000000, 0.9499999999999998446, -4.599999999999999645 ) ) ;
#438 = ORIENTED_EDGE ( 'NONE', *, *, #84, .F. ) ;
#439 = EDGE_CURVE ( 'NONE', #2943, #220, #2527, .T. ) ;
#440 = CARTESIAN_POINT ( 'NONE',  ( 2.348590215755867572, 1.905000000000000027, -2.702191784705270106 ) ) ;
#441 = CARTESIAN_POINT ( 'NONE',  ( 4.887210071214730611, 1.905000000000000027, -2.049190320078301930 ) ) ;
#442 = LINE ( 'NONE', #2753, #611 ) ;
#443 = CARTESIAN_POINT ( 'NONE',  ( 4.369168781617137398, 1.899999999999999911, -2.702191784705270106 ) ) ;
#444 = VERTEX_POINT ( 'NONE', #1411 ) ;
#445 = LINE ( 'NONE', #727, #1045 ) ;
#446 = ORIENTED_EDGE ( 'NONE', *, *, #2328, .T. ) ;
#447 = PLANE ( 'NONE',  #2202 ) ;
#448 = CARTESIAN_POINT ( 'NONE',  ( 4.137305445195226916, 1.899999999999999911, -1.895731297701220397 ) ) ;
#449 = DIRECTION ( 'NONE',  ( -0.05596501978068773447, 0.000000000000000000, 0.9984327301130242471 ) ) ;
#450 = ORIENTED_EDGE ( 'NONE', *, *, #2201, .F. ) ;
#451 = EDGE_LOOP ( 'NONE', ( #1657, #2887, #1183, #1637, #309, #2124, #2093, #2129, #1958, #945, #2825 ) ) ;
#452 = DIRECTION ( 'NONE',  ( 0.2729786930695514147, 0.000000000000000000, -0.9620200793798638905 ) ) ;
#453 = CARTESIAN_POINT ( 'NONE',  ( 5.495396459732828198, 1.899999999999999911, -2.546479257457582079 ) ) ;
#454 = DIRECTION ( 'NONE',  ( 0.2762033010287693879, 0.000000000000000000, -0.9610992334305603624 ) ) ;
#455 = CARTESIAN_POINT ( 'NONE',  ( 7.400999999999998913, 0.9499999999999998446, -0.8000000000000003775 ) ) ;
#456 = ADVANCED_FACE ( 'NONE', ( #1879 ), #1395, .T. ) ;
#457 = CARTESIAN_POINT ( 'NONE',  ( 1.643042118063711143, 1.905000000000000027, -1.895731297701219953 ) ) ;
#458 = CARTESIAN_POINT ( 'NONE',  ( 3.543701856940162376, 1.905000000000000027, -1.895731297701219953 ) ) ;
#459 = EDGE_CURVE ( 'NONE', #1034, #978, #2858, .T. ) ;
#460 = LINE ( 'NONE', #2777, #810 ) ;
#461 = DIRECTION ( 'NONE',  ( -6.687102215165528384E-19, 1.000000000000000000, 0.000000000000000000 ) ) ;
#462 = VERTEX_POINT ( 'NONE', #1663 ) ;
#463 = VECTOR ( 'NONE', #2730, 999.9999999999998863 ) ;
#464 = LINE ( 'NONE', #674, #1186 ) ;
#465 = VERTEX_POINT ( 'NONE', #2873 ) ;
#466 = VERTEX_POINT ( 'NONE', #1252 ) ;
#467 = PLANE ( 'NONE',  #713 ) ;
#468 = CARTESIAN_POINT ( 'NONE',  ( 4.234360638473013694, 1.905000000000000027, -1.895731297701220175 ) ) ;
#469 = DIRECTION ( 'NONE',  ( -0.9610674221107070592, 0.000000000000000000, -0.2763139702539124110 ) ) ;
#470 = CARTESIAN_POINT ( 'NONE',  ( 7.399999999999999467, 0.9499999999999998446, -4.600000000000000533 ) ) ;
#471 = ORIENTED_EDGE ( 'NONE', *, *, #1156, .T. ) ;
#472 = PRESENTATION_LAYER_ASSIGNMENT (  '', '', ( #1435 ) ) ;
#473 = STYLED_ITEM ( 'NONE', ( #1786 ), #2085 ) ;
#474 = STYLED_ITEM ( 'NONE', ( #233 ), #1324 ) ;
#475 = PLANE ( 'NONE',  #2969 ) ;
#476 = ORIENTED_EDGE ( 'NONE', *, *, #2976, .F. ) ;
#477 = ADVANCED_FACE ( 'NONE', ( #1235 ), #1933, .F. ) ;
#478 = DIRECTION ( 'NONE',  ( -0.000000000000000000, -1.000000000000000000, -0.000000000000000000 ) ) ;
#479 =( GEOMETRIC_REPRESENTATION_CONTEXT ( 3 ) GLOBAL_UNCERTAINTY_ASSIGNED_CONTEXT ( ( #1351 ) ) GLOBAL_UNIT_ASSIGNED_CONTEXT ( ( #1151, #2973, #912 ) ) REPRESENTATION_CONTEXT ( 'NONE', 'WORKASPACE' ) );
#480 = PRODUCT_DEFINITION_SHAPE ( 'NONE', 'NONE',  #1049 ) ;
#481 = ADVANCED_FACE ( 'NONE', ( #2606 ), #1471, .F. ) ;
#482 = AXIS2_PLACEMENT_3D ( 'NONE', #1543, #2664, #2457 ) ;
#483 = PLANE ( 'NONE',  #2348 ) ;
#484 = FACE_OUTER_BOUND ( 'NONE', #1875, .T. ) ;
#485 = ADVANCED_FACE ( 'NONE', ( #65 ), #2619, .F. ) ;
#486 = DIRECTION ( 'NONE',  ( 0.000000000000000000, -0.000000000000000000, 1.000000000000000000 ) ) ;
#487 = EDGE_LOOP ( 'NONE', ( #1020, #1635, #789, #787 ) ) ;
#488 = LINE ( 'NONE', #1407, #1803 ) ;
#489 = CARTESIAN_POINT ( 'NONE',  ( 3.228306809212786010, 1.899999999999999911, -2.398684648839587652 ) ) ;
#490 = CARTESIAN_POINT ( 'NONE',  ( 4.139541785171635624, 1.905000000000000027, -2.617159370927629070 ) ) ;
#491 = CARTESIAN_POINT ( 'NONE',  ( 3.293244040855623389, 1.905000000000000027, -2.548686171911270559 ) ) ;
#492 = DIRECTION ( 'NONE',  ( -1.000000000000000000, 0.000000000000000000, 0.000000000000000000 ) ) ;
#493 = ORIENTED_EDGE ( 'NONE', *, *, #2332, .T. ) ;
#494 = DIRECTION ( 'NONE',  ( 0.9610992334315862085, -0.000000000000000000, 0.2762033010252005760 ) ) ;
#495 = DIRECTION ( 'NONE',  ( 0.9610853065513983440, -0.000000000000000000, 0.2762517575165896466 ) ) ;
#496 = DIRECTION ( 'NONE',  ( 0.9610664548998851808, -0.000000000000000000, 0.2763173343570161089 ) ) ;
#497 = DIRECTION ( 'NONE',  ( 1.000000000000000000, 0.000000000000000000, 0.000000000000000000 ) ) ;
#498 = ORIENTED_EDGE ( 'NONE', *, *, #1739, .F. ) ;
#499 = CARTESIAN_POINT ( 'NONE',  ( 4.650981948435314983, 1.905000000000000027, -2.548659198511568746 ) ) ;
#500 = EDGE_CURVE ( 'NONE', #2871, #720, #294, .T. ) ;
#501 = LINE ( 'NONE', #317, #228 ) ;
#502 = CARTESIAN_POINT ( 'NONE',  ( 4.564799487016718338, 1.905000000000000027, -2.249597769199492170 ) ) ;
#503 = PLANE ( 'NONE',  #1289 ) ;
#504 = CARTESIAN_POINT ( 'NONE',  ( -0.1009999999999999926, 0.8499999999999998668, -3.800000000000000266 ) ) ;
#505 = ORIENTED_EDGE ( 'NONE', *, *, #1436, .F. ) ;
#506 = ORIENTED_EDGE ( 'NONE', *, *, #1523, .T. ) ;
#507 = PLANE ( 'NONE',  #1948 ) ;
#508 = DIRECTION ( 'NONE',  ( -0.000000000000000000, -0.000000000000000000, 1.000000000000000000 ) ) ;
#509 = ORIENTED_EDGE ( 'NONE', *, *, #1489, .T. ) ;
#510 = DIRECTION ( 'NONE',  ( 0.000000000000000000, -0.000000000000000000, 1.000000000000000000 ) ) ;
#511 = VERTEX_POINT ( 'NONE', #1266 ) ;
#512 = EDGE_CURVE ( 'NONE', #75, #2671, #1903, .T. ) ;
#513 = COLOUR_RGB ( '',0.7921568627450980005, 0.8196078431372548767, 0.9333333333333333481 ) ;
#514 = COLOUR_RGB ( '',0.8980392156862745390, 0.9215686274509803377, 0.9294117647058823817 ) ;
#515 = DIRECTION ( 'NONE',  ( -0.000000000000000000, -1.000000000000000000, -0.000000000000000000 ) ) ;
#516 = ORIENTED_EDGE ( 'NONE', *, *, #1075, .F. ) ;
#517 = ADVANCED_FACE ( 'NONE', ( #1713 ), #2180, .F. ) ;
#518 = DIRECTION ( 'NONE',  ( 0.000000000000000000, 0.9785497849867490494, -0.2060104810498415706 ) ) ;
#519 = VECTOR ( 'NONE', #2021, 1000.000000000000000 ) ;
#520 = SURFACE_STYLE_USAGE ( .BOTH. , #2577 ) ;
#521 = MECHANICAL_DESIGN_GEOMETRIC_PRESENTATION_REPRESENTATION (  '', ( #1335 ), #2582 ) ;
#522 = DIRECTION ( 'NONE',  ( 0.3829140317376756864, 0.000000000000000000, 0.9237839814038768527 ) ) ;
#523 = PRESENTATION_LAYER_ASSIGNMENT (  '', '', ( #473 ) ) ;
#524 = VECTOR ( 'NONE', #1796, 1000.000000000000000 ) ;
#525 = FACE_OUTER_BOUND ( 'NONE', #1988, .T. ) ;
#526 = VECTOR ( 'NONE', #1676, 1000.000000000000114 ) ;
#527 = PRESENTATION_LAYER_ASSIGNMENT (  '', '', ( #756 ) ) ;
#528 = ORIENTED_EDGE ( 'NONE', *, *, #1904, .F. ) ;
#529 = MECHANICAL_DESIGN_GEOMETRIC_PRESENTATION_REPRESENTATION (  '', ( #1295 ), #1532 ) ;
#530 = ORIENTED_EDGE ( 'NONE', *, *, #2146, .T. ) ;
#531 = SURFACE_STYLE_USAGE ( .BOTH. , #1206 ) ;
#532 = VECTOR ( 'NONE', #1486, 1000.000000000000114 ) ;
#533 = CARTESIAN_POINT ( 'NONE',  ( -0.0009999999999998378242, 0.000000000000000000, -0.8000000000000003775 ) ) ;
#534 = VERTEX_POINT ( 'NONE', #339 ) ;
#535 = ADVANCED_FACE ( 'NONE', ( #109 ), #982, .F. ) ;
#536 = FACE_OUTER_BOUND ( 'NONE', #2635, .T. ) ;
#537 = ORIENTED_EDGE ( 'NONE', *, *, #2839, .T. ) ;
#538 = EDGE_CURVE ( 'NONE', #51, #906, #1743, .T. ) ;
#539 = EDGE_LOOP ( 'NONE', ( #1502, #2628, #1942, #138 ) ) ;
#540 = PLANE ( 'NONE',  #1945 ) ;
#541 = CARTESIAN_POINT ( 'NONE',  ( 7.399999999999999467, 0.9499999999999998446, -4.600000000000000533 ) ) ;
#542 = VERTEX_POINT ( 'NONE', #827 ) ;
#543 = CARTESIAN_POINT ( 'NONE',  ( 0.4533582089552237182, -0.7727611940298496629, -0.3626865671641776867 ) ) ;
#544 = CARTESIAN_POINT ( 'NONE',  ( 3.758697010579060915, 1.905000000000000027, -1.895731297701219953 ) ) ;
#545 = EDGE_CURVE ( 'NONE', #975, #218, #1771, .T. ) ;
#546 = PLANE ( 'NONE',  #2488 ) ;
#547 = EDGE_CURVE ( 'NONE', #1534, #2219, #1079, .T. ) ;
#548 = LINE ( 'NONE', #1293, #2726 ) ;
#549 = ORIENTED_EDGE ( 'NONE', *, *, #1843, .T. ) ;
#550 =( LENGTH_UNIT ( ) NAMED_UNIT ( * ) SI_UNIT ( .MILLI., .METRE. ) );
#551 = VERTEX_POINT ( 'NONE', #163 ) ;
#552 = CARTESIAN_POINT ( 'NONE',  ( 4.234360638473013694, 1.905000000000000027, -1.895731297701220175 ) ) ;
#553 = EDGE_LOOP ( 'NONE', ( #2747, #41, #2573, #2206 ) ) ;
#554 = DIRECTION ( 'NONE',  ( 0.000000000000000000, 0.000000000000000000, -1.000000000000000000 ) ) ;
#555 = DIRECTION ( 'NONE',  ( 0.4668459304955208111, 0.000000000000000000, -0.8843386665637613664 ) ) ;
#556 =( NAMED_UNIT ( * ) SI_UNIT ( $, .STERADIAN. ) SOLID_ANGLE_UNIT ( ) );
#557 = FILL_AREA_STYLE ('',( #298 ) ) ;
#558 = DIRECTION ( 'NONE',  ( -1.000000000000000000, -1.677931933608518861E-16, 0.000000000000000000 ) ) ;
#559 = AXIS2_PLACEMENT_3D ( 'NONE', #2890, #406, #1103 ) ;
#560 = LINE ( 'NONE', #985, #2785 ) ;
#561 = AXIS2_PLACEMENT_3D ( 'NONE', #91, #35, #332 ) ;
#562 = ORIENTED_EDGE ( 'NONE', *, *, #2644, .F. ) ;
#563 = ADVANCED_FACE ( 'NONE', ( #1987 ), #1731, .F. ) ;
#564 = VECTOR ( 'NONE', #1164, 1000.000000000000114 ) ;
#565 = AXIS2_PLACEMENT_3D ( 'NONE', #2380, #2356, #1472 ) ;
#566 = SURFACE_SIDE_STYLE ('',( #1928 ) ) ;
#567 = ORIENTED_EDGE ( 'NONE', *, *, #689, .F. ) ;
#568 = FILL_AREA_STYLE ('',( #1658 ) ) ;
#569 = VECTOR ( 'NONE', #1861, 1000.000000000000000 ) ;
#570 = VECTOR ( 'NONE', #1781, 1000.000000000000114 ) ;
#571 = ORIENTED_EDGE ( 'NONE', *, *, #953, .T. ) ;
#572 = FILL_AREA_STYLE_COLOUR ( '', #513 ) ;
#573 = ORIENTED_EDGE ( 'NONE', *, *, #1778, .T. ) ;
#574 = VECTOR ( 'NONE', #1639, 1000.000000000000227 ) ;
#575 = CARTESIAN_POINT ( 'NONE',  ( 2.839629940447088607, 1.905000000000000027, -2.249597769201114872 ) ) ;
#576 = VERTEX_POINT ( 'NONE', #2931 ) ;
#577 = ORIENTED_EDGE ( 'NONE', *, *, #2770, .F. ) ;
#578 = LINE ( 'NONE', #2194, #2823 ) ;
#579 = DIRECTION ( 'NONE',  ( -0.000000000000000000, 0.000000000000000000, -1.000000000000000000 ) ) ;
#580 = DIRECTION ( 'NONE',  ( 1.000000000000000000, 0.000000000000000000, 2.989837354970568653E-16 ) ) ;
#581 = EDGE_CURVE ( 'NONE', #1767, #1577, #1326, .T. ) ;
#582 = ORIENTED_EDGE ( 'NONE', *, *, #770, .T. ) ;
#583 = DIRECTION ( 'NONE',  ( 0.2493773340269082317, -0.9476338693022512416, 0.1995018672215262967 ) ) ;
#584 = ORIENTED_EDGE ( 'NONE', *, *, #1924, .F. ) ;
#585 = DIRECTION ( 'NONE',  ( -0.000000000000000000, -1.000000000000000000, -0.000000000000000000 ) ) ;
#586 = ORIENTED_EDGE ( 'NONE', *, *, #987, .F. ) ;
#587 = EDGE_CURVE ( 'NONE', #924, #466, #1091, .T. ) ;
#588 = CARTESIAN_POINT ( 'NONE',  ( 4.607334084859068923, 1.899999999999999911, -2.398657675439464398 ) ) ;
#589 = CARTESIAN_POINT ( 'NONE',  ( 2.882164538290417077, 1.905000000000000027, -2.398684648839587652 ) ) ;
#590 =( LENGTH_UNIT ( ) NAMED_UNIT ( * ) SI_UNIT ( .MILLI., .METRE. ) );
#591 = FILL_AREA_STYLE_COLOUR ( '', #1911 ) ;
#592 = VERTEX_POINT ( 'NONE', #615 ) ;
#593 = ADVANCED_FACE ( 'NONE', ( #596 ), #2249, .T. ) ;
#594 = VERTEX_POINT ( 'NONE', #842 ) ;
#595 = ORIENTED_EDGE ( 'NONE', *, *, #2403, .F. ) ;
#596 = FACE_OUTER_BOUND ( 'NONE', #2945, .T. ) ;
#597 = ADVANCED_FACE ( 'NONE', ( #640 ), #2476, .F. ) ;
#598 = LINE ( 'NONE', #1773, #1138 ) ;
#599 = CARTESIAN_POINT ( 'NONE',  ( 4.910838768598099868, 1.899999999999999911, -2.249597769199492170 ) ) ;
#600 = SURFACE_STYLE_USAGE ( .BOTH. , #1283 ) ;
#601 = FACE_OUTER_BOUND ( 'NONE', #1009, .T. ) ;
#602 =( GEOMETRIC_REPRESENTATION_CONTEXT ( 3 ) GLOBAL_UNCERTAINTY_ASSIGNED_CONTEXT ( ( #2908 ) ) GLOBAL_UNIT_ASSIGNED_CONTEXT ( ( #2888, #2405, #391 ) ) REPRESENTATION_CONTEXT ( 'NONE', 'WORKASPACE' ) );
#603 = EDGE_CURVE ( 'NONE', #2956, #542, #1343, .T. ) ;
#604 = CIRCLE ( 'NONE', #1799, 0.1000000000000000056 ) ;
#605 = FACE_OUTER_BOUND ( 'NONE', #2036, .T. ) ;
#606 = VECTOR ( 'NONE', #725, 1000.000000000000000 ) ;
#607 = CARTESIAN_POINT ( 'NONE',  ( 7.149999999999999467, 1.899999999999999911, -4.599999999999999645 ) ) ;
#608 = DIRECTION ( 'NONE',  ( 1.000000000000000000, 0.000000000000000000, 0.000000000000000000 ) ) ;
#609 = STYLED_ITEM ( 'NONE', ( #419 ), #593 ) ;
#610 = AXIS2_PLACEMENT_3D ( 'NONE', #1037, #2694, #1539 ) ;
#611 = VECTOR ( 'NONE', #1410, 1000.000000000000000 ) ;
#612 = VECTOR ( 'NONE', #830, 1000.000000000000000 ) ;
#613 = EDGE_LOOP ( 'NONE', ( #194, #398, #840, #1559 ) ) ;
#614 = ORIENTED_EDGE ( 'NONE', *, *, #2423, .T. ) ;
#615 = CARTESIAN_POINT ( 'NONE',  ( 5.716197898665055455, 1.899999999999999911, -2.546461728368874411 ) ) ;
#616 = VECTOR ( 'NONE', #621, 1000.000000000000000 ) ;
#617 = VERTEX_POINT ( 'NONE', #814 ) ;
#618 = AXIS2_PLACEMENT_3D ( 'NONE', #822, #369, #2841 ) ;
#619 = AXIS2_PLACEMENT_3D ( 'NONE', #2852, #1016, #801 ) ;
#620 = DIRECTION ( 'NONE',  ( 0.2746918797667263212, 0.000000000000000000, -0.9615323037684290197 ) ) ;
#621 = DIRECTION ( 'NONE',  ( -0.000000000000000000, -1.000000000000000000, -0.000000000000000000 ) ) ;
#622 = VECTOR ( 'NONE', #1795, 1000.000000000000114 ) ;
#623 = PLANE ( 'NONE',  #2003 ) ;
#624 = ADVANCED_FACE ( 'NONE', ( #393 ), #1314, .F. ) ;
#625 = FACE_OUTER_BOUND ( 'NONE', #780, .T. ) ;
#626 = APPLICATION_PROTOCOL_DEFINITION ( 'draft international standard', 'automotive_design', 1998, #368 ) ;
#627 = ORIENTED_EDGE ( 'NONE', *, *, #2657, .F. ) ;
#628 =( NAMED_UNIT ( * ) SI_UNIT ( $, .STERADIAN. ) SOLID_ANGLE_UNIT ( ) );
#629 = ORIENTED_EDGE ( 'NONE', *, *, #1010, .T. ) ;
#630 = ORIENTED_EDGE ( 'NONE', *, *, #2851, .F. ) ;
#631 = CARTESIAN_POINT ( 'NONE',  ( 3.234248312693473792, 1.899999999999999911, -1.895731297701219287 ) ) ;
#632 = LINE ( 'NONE', #2210, #2837 ) ;
#633 = CARTESIAN_POINT ( 'NONE',  ( 2.925812401867613932, 1.905000000000000027, -2.548686171911270559 ) ) ;
#634 = UNCERTAINTY_MEASURE_WITH_UNIT (LENGTH_MEASURE( 1.000000000000000082E-05 ), #123, 'distance_accuracy_value', 'NONE');
#635 = ADVANCED_FACE ( 'NONE', ( #1549 ), #1961, .F. ) ;
#636 = EDGE_CURVE ( 'NONE', #1826, #1506, #2733, .T. ) ;
#637 = CARTESIAN_POINT ( 'NONE',  ( 2.741056880455718492, 1.899999999999999911, -2.702191784705270106 ) ) ;
#638 = DIRECTION ( 'NONE',  ( 0.000000000000000000, -1.000000000000000000, -0.000000000000000000 ) ) ;
#639 = ORIENTED_EDGE ( 'NONE', *, *, #636, .T. ) ;
#640 = FACE_OUTER_BOUND ( 'NONE', #1406, .T. ) ;
#641 = ORIENTED_EDGE ( 'NONE', *, *, #44, .T. ) ;
#642 = LINE ( 'NONE', #33, #73 ) ;
#643 = FACE_OUTER_BOUND ( 'NONE', #1327, .T. ) ;
#644 = LINE ( 'NONE', #1565, #1150 ) ;
#645 = CARTESIAN_POINT ( 'NONE',  ( 2.104431913717434988, 1.899999999999999911, -2.702191784705270106 ) ) ;
#646 = DIRECTION ( 'NONE',  ( 0.2763139702539123554, 0.000000000000000000, -0.9610674221107070592 ) ) ;
#647 = UNCERTAINTY_MEASURE_WITH_UNIT (LENGTH_MEASURE( 1.000000000000000082E-05 ), #1840, 'distance_accuracy_value', 'NONE');
#648 = AXIS2_PLACEMENT_3D ( 'NONE', #2974, #1590, #1782 ) ;
#649 = DIRECTION ( 'NONE',  ( 0.004650693823677749285, 0.000000000000000000, -0.9999891854650021505 ) ) ;
#650 = DIRECTION ( 'NONE',  ( 0.000000000000000000, 0.000000000000000000, -1.000000000000000000 ) ) ;
#651 = AXIS2_PLACEMENT_3D ( 'NONE', #145, #2212, #381 ) ;
#652 = EDGE_CURVE ( 'NONE', #139, #20, #931, .T. ) ;
#653 = VECTOR ( 'NONE', #989, 1000.000000000000227 ) ;
#654 = VERTEX_POINT ( 'NONE', #193 ) ;
#655 = ORIENTED_EDGE ( 'NONE', *, *, #2711, .T. ) ;
#656 = FILL_AREA_STYLE ('',( #211 ) ) ;
#657 = ORIENTED_EDGE ( 'NONE', *, *, #914, .T. ) ;
#658 = PRESENTATION_LAYER_ASSIGNMENT (  '', '', ( #2922 ) ) ;
#659 = VECTOR ( 'NONE', #1067, 1000.000000000000000 ) ;
#660 = DIRECTION ( 'NONE',  ( 0.000000000000000000, 1.000000000000000000, 0.000000000000000000 ) ) ;
#661 = VECTOR ( 'NONE', #1234, 1000.000000000000000 ) ;
#662 = DIRECTION ( 'NONE',  ( -0.2760118818968559373, 0.000000000000000000, 0.9611542233438690186 ) ) ;
#663 = VECTOR ( 'NONE', #873, 1000.000000000000000 ) ;
#664 = CARTESIAN_POINT ( 'NONE',  ( 4.466326964883680972, 1.899999999999999911, -2.702191784705270994 ) ) ;
#665 = CARTESIAN_POINT ( 'NONE',  ( 3.583946168008536937, 1.899999999999999911, -2.613701871623553163 ) ) ;
#666 = CARTESIAN_POINT ( 'NONE',  ( 3.185723168826146257, 1.899999999999999911, -2.249597769201114872 ) ) ;
#667 = EDGE_LOOP ( 'NONE', ( #152, #2401, #1274, #1836 ) ) ;
#668 = LINE ( 'NONE', #1652, #36 ) ;
#669 = MECHANICAL_DESIGN_GEOMETRIC_PRESENTATION_REPRESENTATION (  '', ( #473 ), #2445 ) ;
#670 = LINE ( 'NONE', #448, #570 ) ;
#671 = DIRECTION ( 'NONE',  ( 8.836943128348286396E-16, 0.000000000000000000, -1.000000000000000000 ) ) ;
#672 = EDGE_LOOP ( 'NONE', ( #530, #1990, #2508, #2540 ) ) ;
#673 = EDGE_CURVE ( 'NONE', #203, #1931, #916, .T. ) ;
#674 = CARTESIAN_POINT ( 'NONE',  ( -0.1010000000000000064, 0.9499999999999998446, -3.800000000000000266 ) ) ;
#675 = ORIENTED_EDGE ( 'NONE', *, *, #421, .T. ) ;
#676 = CARTESIAN_POINT ( 'NONE',  ( 1.537779882194698855, -3.192222914327899506E-17, -0.8000000000000003775 ) ) ;
#677 = CARTESIAN_POINT ( 'NONE',  ( 1.537779882194698855, -0.1000000000000000472, -3.800000000000000266 ) ) ;
#678 = EDGE_CURVE ( 'NONE', #594, #2891, #464, .T. ) ;
#679 = FACE_OUTER_BOUND ( 'NONE', #684, .T. ) ;
#680 = CARTESIAN_POINT ( 'NONE',  ( 4.139541785171635624, 1.899999999999999911, -2.617159370927629070 ) ) ;
#681 = EDGE_LOOP ( 'NONE', ( #59, #2820, #980, #1714 ) ) ;
#682 = EDGE_LOOP ( 'NONE', ( #2899, #2870, #1233, #2990 ) ) ;
#683 = LINE ( 'NONE', #2772, #28 ) ;
#684 = EDGE_LOOP ( 'NONE', ( #1133, #141, #757, #1412 ) ) ;
#685 = LINE ( 'NONE', #2759, #717 ) ;
#686 = DIRECTION ( 'NONE',  ( 0.2759782365590708886, 0.000000000000000000, -0.9611638845408962961 ) ) ;
#687 = VERTEX_POINT ( 'NONE', #2541 ) ;
#688 = ORIENTED_EDGE ( 'NONE', *, *, #636, .F. ) ;
#689 = EDGE_CURVE ( 'NONE', #975, #2964, #896, .T. ) ;
#690 = LINE ( 'NONE', #489, #2305 ) ;
#691 = DIRECTION ( 'NONE',  ( -0.2764273280489774609, 0.000000000000000000, 0.9610348236706632852 ) ) ;
#692 = DIRECTION ( 'NONE',  ( 0.000000000000000000, 0.000000000000000000, -1.000000000000000000 ) ) ;
#693 = DIRECTION ( 'NONE',  ( -1.000000000000000000, 0.000000000000000000, 0.000000000000000000 ) ) ;
#694 = VERTEX_POINT ( 'NONE', #235 ) ;
#695 = EDGE_LOOP ( 'NONE', ( #872, #21, #249, #627, #595, #1056, #1914, #2256, #2528, #855, #1811, #2663, #812, #2506, #905, #1772, #528 ) ) ;
#696 = EDGE_CURVE ( 'NONE', #2074, #465, #2507, .T. ) ;
#697 = CARTESIAN_POINT ( 'NONE',  ( 2.348590215755867572, 1.899999999999999911, -2.702191784705270106 ) ) ;
#698 = CARTESIAN_POINT ( 'NONE',  ( 2.237508854434027583, 1.905000000000000027, -2.333617454457372897 ) ) ;
#699 = ADVANCED_FACE ( 'NONE', ( #2944 ), #1858, .F. ) ;
#700 = PLANE ( 'NONE',  #2338 ) ;
#701 = LINE ( 'NONE', #977, #1089 ) ;
#702 = EDGE_LOOP ( 'NONE', ( #2783, #1254, #582, #963 ) ) ;
#703 = PRESENTATION_LAYER_ASSIGNMENT (  '', '', ( #2287 ) ) ;
#704 = DIRECTION ( 'NONE',  ( -1.000000000000000000, 0.000000000000000000, 0.000000000000000000 ) ) ;
#705 = VECTOR ( 'NONE', #2789, 1000.000000000000114 ) ;
#706 = CARTESIAN_POINT ( 'NONE',  ( 4.015460696978008670, 1.905000000000000027, -2.702191784705270106 ) ) ;
#707 = DIRECTION ( 'NONE',  ( 0.9999999968487351953, 0.000000000000000000, 7.938847109419766123E-05 ) ) ;
#708 = PLANE ( 'NONE',  #290 ) ;
#709 = LINE ( 'NONE', #921, #115 ) ;
#710 = ORIENTED_EDGE ( 'NONE', *, *, #55, .F. ) ;
#711 = VECTOR ( 'NONE', #1261, 1000.000000000000114 ) ;
#712 = ORIENTED_EDGE ( 'NONE', *, *, #821, .T. ) ;
#713 = AXIS2_PLACEMENT_3D ( 'NONE', #1391, #1844, #1105 ) ;
#714 = MECHANICAL_DESIGN_GEOMETRIC_PRESENTATION_REPRESENTATION (  '', ( #1573 ), #1860 ) ;
#715 = LINE ( 'NONE', #8, #1719 ) ;
#716 = PLANE ( 'NONE',  #175 ) ;
#717 = VECTOR ( 'NONE', #1617, 1000.000000000000000 ) ;
#718 = EDGE_CURVE ( 'NONE', #2703, #2956, #2763, .T. ) ;
#719 = FACE_OUTER_BOUND ( 'NONE', #2549, .T. ) ;
#720 = VERTEX_POINT ( 'NONE', #266 ) ;
#721 = CARTESIAN_POINT ( 'NONE',  ( -0.1009999999999998260, -0.1000000000000000472, -3.800000000000000266 ) ) ;
#722 = PLANE ( 'NONE',  #1721 ) ;
#723 = CARTESIAN_POINT ( 'NONE',  ( 3.229577011083042848, 1.905000000000000027, -2.049160894554300949 ) ) ;
#724 = FACE_OUTER_BOUND ( 'NONE', #1157, .T. ) ;
#725 = DIRECTION ( 'NONE',  ( 1.000000000000000000, 0.000000000000000000, 0.000000000000000000 ) ) ;
#726 = ORIENTED_EDGE ( 'NONE', *, *, #267, .T. ) ;
#727 = CARTESIAN_POINT ( 'NONE',  ( 2.104431913717434988, 1.905000000000000027, -2.702191784705270106 ) ) ;
#728 = DIRECTION ( 'NONE',  ( 0.000000000000000000, -0.000000000000000000, 1.000000000000000000 ) ) ;
#729 = EDGE_CURVE ( 'NONE', #220, #1110, #1154, .T. ) ;
#730 = ORIENTED_EDGE ( 'NONE', *, *, #2937, .T. ) ;
#731 = CARTESIAN_POINT ( 'NONE',  ( 0.2245024875621892679, 0.09689054726368129256, -4.420398009950250895 ) ) ;
#732 = EDGE_LOOP ( 'NONE', ( #2845, #390, #567, #1135 ) ) ;
#733 =( NAMED_UNIT ( * ) SI_UNIT ( $, .STERADIAN. ) SOLID_ANGLE_UNIT ( ) );
#734 = DIRECTION ( 'NONE',  ( -0.000000000000000000, -1.000000000000000000, -0.000000000000000000 ) ) ;
#735 = ORIENTED_EDGE ( 'NONE', *, *, #2198, .F. ) ;
#736 =( LENGTH_UNIT ( ) NAMED_UNIT ( * ) SI_UNIT ( .MILLI., .METRE. ) );
#737 = SURFACE_STYLE_USAGE ( .BOTH. , #2320 ) ;
#738 = ORIENTED_EDGE ( 'NONE', *, *, #1886, .T. ) ;
#739 = FILL_AREA_STYLE_COLOUR ( '', #2000 ) ;
#740 = VERTEX_POINT ( 'NONE', #1626 ) ;
#741 = DIRECTION ( 'NONE',  ( -1.000000000000000000, 0.000000000000000000, 2.116196963092782927E-15 ) ) ;
#742 = ORIENTED_EDGE ( 'NONE', *, *, #403, .T. ) ;
#743 = LINE ( 'NONE', #2162, #2917 ) ;
#744 = STYLED_ITEM ( 'NONE', ( #1027 ), #229 ) ;
#745 = CARTESIAN_POINT ( 'NONE',  ( 4.137305445195226916, 1.905000000000000027, -1.895731297701220397 ) ) ;
#746 = ORIENTED_EDGE ( 'NONE', *, *, #1986, .F. ) ;
#747 = DIRECTION ( 'NONE',  ( -0.8843386665637613664, 0.000000000000000000, -0.4668459304955207556 ) ) ;
#748 = VECTOR ( 'NONE', #2135, 1000.000000000000000 ) ;
#749 = LINE ( 'NONE', #2815, #802 ) ;
#750 = PRESENTATION_LAYER_ASSIGNMENT (  '', '', ( #1335 ) ) ;
#751 =( LENGTH_UNIT ( ) NAMED_UNIT ( * ) SI_UNIT ( .MILLI., .METRE. ) );
#752 = COLOUR_RGB ( '',0.1019607843137254888, 0.1019607843137254888, 0.1019607843137254888 ) ;
#753 = VECTOR ( 'NONE', #1612, 1000.000000000000000 ) ;
#754 = VECTOR ( 'NONE', #816, 1000.000000000000000 ) ;
#755 = AXIS2_PLACEMENT_3D ( 'NONE', #926, #2967, #2271 ) ;
#756 = STYLED_ITEM ( 'NONE', ( #2118 ), #1380 ) ;
#757 = ORIENTED_EDGE ( 'NONE', *, *, #232, .F. ) ;
#758 = CIRCLE ( 'NONE', #1003, 0.1000000000000002554 ) ;
#759 = STYLED_ITEM ( 'NONE', ( #1693 ), #1655 ) ;
#760 =( LENGTH_UNIT ( ) NAMED_UNIT ( * ) SI_UNIT ( .MILLI., .METRE. ) );
#761 = ORIENTED_EDGE ( 'NONE', *, *, #673, .T. ) ;
#762 = ORIENTED_EDGE ( 'NONE', *, *, #403, .F. ) ;
#763 = CARTESIAN_POINT ( 'NONE',  ( 3.336842861889568024, 1.905000000000000027, -2.702191784705270106 ) ) ;
#764 = COLOUR_RGB ( '',0.8980392156862745390, 0.9215686274509803377, 0.9294117647058823817 ) ;
#765 = EDGE_CURVE ( 'NONE', #122, #1313, #488, .T. ) ;
#766 = ORIENTED_EDGE ( 'NONE', *, *, #1129, .T. ) ;
#767 = CARTESIAN_POINT ( 'NONE',  ( 5.495396459732828198, 1.905000000000000027, -2.546479257457581635 ) ) ;
#768 = ORIENTED_EDGE ( 'NONE', *, *, #2533, .F. ) ;
#769 = CARTESIAN_POINT ( 'NONE',  ( 3.293244040855623389, 1.899999999999999911, -2.548686171911270559 ) ) ;
#770 = EDGE_CURVE ( 'NONE', #1267, #1794, #1117, .T. ) ;
#771 = LINE ( 'NONE', #2598, #1807 ) ;
#772 = SURFACE_STYLE_USAGE ( .BOTH. , #2126 ) ;
#773 = VERTEX_POINT ( 'NONE', #2557 ) ;
#774 = FACE_OUTER_BOUND ( 'NONE', #1669, .T. ) ;
#775 = ORIENTED_EDGE ( 'NONE', *, *, #2863, .F. ) ;
#776 = ORIENTED_EDGE ( 'NONE', *, *, #1366, .F. ) ;
#777 = CARTESIAN_POINT ( 'NONE',  ( 3.336842861889568024, 1.899999999999999911, -2.702191784705270106 ) ) ;
#778 = VERTEX_POINT ( 'NONE', #499 ) ;
#779 = CARTESIAN_POINT ( 'NONE',  ( 4.507586455951489768, 1.905000000000000027, -2.049190320078301930 ) ) ;
#780 = EDGE_LOOP ( 'NONE', ( #1732, #968, #1167, #571 ) ) ;
#781 =( NAMED_UNIT ( * ) SI_UNIT ( $, .STERADIAN. ) SOLID_ANGLE_UNIT ( ) );
#782 = ORIENTED_EDGE ( 'NONE', *, *, #2519, .T. ) ;
#783 = ADVANCED_FACE ( 'NONE', ( #1420 ), #2614, .T. ) ;
#784 = DIRECTION ( 'NONE',  ( -1.000000000000000000, 0.000000000000000000, 0.000000000000000000 ) ) ;
#785 = DIRECTION ( 'NONE',  ( 0.000000000000000000, 0.000000000000000000, 1.000000000000000000 ) ) ;
#786 = LINE ( 'NONE', #58, #2830 ) ;
#787 = ORIENTED_EDGE ( 'NONE', *, *, #2741, .F. ) ;
#788 =( NAMED_UNIT ( * ) PLANE_ANGLE_UNIT ( ) SI_UNIT ( $, .RADIAN. ) );
#789 = ORIENTED_EDGE ( 'NONE', *, *, #821, .F. ) ;
#790 = LINE ( 'NONE', #1077, #1447 ) ;
#791 = ORIENTED_EDGE ( 'NONE', *, *, #84, .T. ) ;
#792 = LINE ( 'NONE', #319, #661 ) ;
#793 = ORIENTED_EDGE ( 'NONE', *, *, #2863, .T. ) ;
#794 = AXIS2_PLACEMENT_3D ( 'NONE', #1871, #558, #1703 ) ;
#795 = DIRECTION ( 'NONE',  ( -0.000000000000000000, -1.000000000000000000, -0.000000000000000000 ) ) ;
#796 = CARTESIAN_POINT ( 'NONE',  ( 2.882164538290417077, 1.905000000000000027, -2.398684648839587652 ) ) ;
#797 = MECHANICAL_DESIGN_GEOMETRIC_PRESENTATION_REPRESENTATION (  '', ( #274 ), #1941 ) ;
#798 = VERTEX_POINT ( 'NONE', #2810 ) ;
#799 = CIRCLE ( 'NONE', #2965, 0.1000000000000002554 ) ;
#800 = EDGE_CURVE ( 'NONE', #2987, #2854, #1696, .T. ) ;
#801 = DIRECTION ( 'NONE',  ( 0.000000000000000000, -0.000000000000000000, -1.000000000000000000 ) ) ;
#802 = VECTOR ( 'NONE', #972, 1000.000000000000114 ) ;
#803 = VECTOR ( 'NONE', #887, 1000.000000000000000 ) ;
#804 = EDGE_CURVE ( 'NONE', #2104, #1191, #743, .T. ) ;
#805 = STYLED_ITEM ( 'NONE', ( #928 ), #1606 ) ;
#806 =( NAMED_UNIT ( * ) SI_UNIT ( $, .STERADIAN. ) SOLID_ANGLE_UNIT ( ) );
#807 = FACE_OUTER_BOUND ( 'NONE', #1, .T. ) ;
#808 = DIRECTION ( 'NONE',  ( 0.000000000000000000, 1.000000000000000000, -0.000000000000000000 ) ) ;
#809 = VECTOR ( 'NONE', #1207, 1000.000000000000000 ) ;
#810 = VECTOR ( 'NONE', #245, 1000.000000000000114 ) ;
#811 = ORIENTED_EDGE ( 'NONE', *, *, #1780, .T. ) ;
#812 = ORIENTED_EDGE ( 'NONE', *, *, #1010, .F. ) ;
#813 = AXIS2_PLACEMENT_3D ( 'NONE', #2116, #45, #1884 ) ;
#814 = CARTESIAN_POINT ( 'NONE',  ( 5.760952024080364886, 1.899999999999999911, -2.702191784705270550 ) ) ;
#815 = ORIENTED_EDGE ( 'NONE', *, *, #1659, .F. ) ;
#816 = DIRECTION ( 'NONE',  ( -0.000000000000000000, -1.000000000000000000, -0.000000000000000000 ) ) ;
#817 = DIRECTION ( 'NONE',  ( -1.000000000000000000, 0.000000000000000000, 0.000000000000000000 ) ) ;
#818 = FACE_OUTER_BOUND ( 'NONE', #2749, .T. ) ;
#819 = ORIENTED_EDGE ( 'NONE', *, *, #2094, .T. ) ;
#820 = DIRECTION ( 'NONE',  ( -0.9999960426590096541, 0.000000000000000000, -0.002813301676023033382 ) ) ;
#821 = EDGE_CURVE ( 'NONE', #203, #331, #799, .T. ) ;
#822 = CARTESIAN_POINT ( 'NONE',  ( 4.234360638473013694, 1.905000000000000027, -1.895731297701220175 ) ) ;
#823 = ORIENTED_EDGE ( 'NONE', *, *, #311, .F. ) ;
#824 = ADVANCED_FACE ( 'NONE', ( #2375 ), #540, .F. ) ;
#825 = ORIENTED_EDGE ( 'NONE', *, *, #512, .T. ) ;
#826 = ORIENTED_EDGE ( 'NONE', *, *, #1255, .T. ) ;
#827 = CARTESIAN_POINT ( 'NONE',  ( 2.839629940447088607, 1.899999999999999911, -2.249597769201114872 ) ) ;
#828 = ORIENTED_EDGE ( 'NONE', *, *, #829, .T. ) ;
#829 = EDGE_CURVE ( 'NONE', #444, #2692, #76, .T. ) ;
#830 = DIRECTION ( 'NONE',  ( 0.000000000000000000, 0.000000000000000000, 1.000000000000000000 ) ) ;
#831 = DIRECTION ( 'NONE',  ( -0.000000000000000000, -1.000000000000000000, -0.000000000000000000 ) ) ;
#832 = CARTESIAN_POINT ( 'NONE',  ( -0.0009999999999999805052, 0.8499999999999998668, -3.800000000000000266 ) ) ;
#833 = DIRECTION ( 'NONE',  ( 0.000000000000000000, 0.000000000000000000, 1.000000000000000000 ) ) ;
#834 = CARTESIAN_POINT ( 'NONE',  ( 4.137305445195226916, 1.905000000000000027, -1.895731297701220397 ) ) ;
#835 = UNCERTAINTY_MEASURE_WITH_UNIT (LENGTH_MEASURE( 1.000000000000000082E-05 ), #1984, 'distance_accuracy_value', 'NONE');
#836 = LINE ( 'NONE', #637, #32 ) ;
#837 = ORIENTED_EDGE ( 'NONE', *, *, #2976, .T. ) ;
#838 = VERTEX_POINT ( 'NONE', #777 ) ;
#839 = FILL_AREA_STYLE ('',( #572 ) ) ;
#840 = ORIENTED_EDGE ( 'NONE', *, *, #1286, .F. ) ;
#841 = EDGE_CURVE ( 'NONE', #2871, #108, #304, .T. ) ;
#842 = CARTESIAN_POINT ( 'NONE',  ( -0.1009999999999999926, 0.8499999999999998668, -3.800000000000000266 ) ) ;
#843 = CARTESIAN_POINT ( 'NONE',  ( -0.0009999999999998345716, -0.1000000000000000472, -0.8000000000000003775 ) ) ;
#844 = DIRECTION ( 'NONE',  ( -0.000000000000000000, -1.000000000000000000, -0.000000000000000000 ) ) ;
#845 = ADVANCED_FACE ( 'NONE', ( #1930 ), #1918, .F. ) ;
#846 = DIRECTION ( 'NONE',  ( 1.000000000000000000, 0.000000000000000000, 0.000000000000000000 ) ) ;
#847 = UNCERTAINTY_MEASURE_WITH_UNIT (LENGTH_MEASURE( 1.000000000000000082E-05 ), #2778, 'distance_accuracy_value', 'NONE');
#848 = VECTOR ( 'NONE', #686, 1000.000000000000114 ) ;
#849 = PLANE ( 'NONE',  #482 ) ;
#850 = AXIS2_PLACEMENT_3D ( 'NONE', #1892, #2634, #308 ) ;
#851 = CARTESIAN_POINT ( 'NONE',  ( 2.173635845982745174, 1.899999999999999911, -1.895731297701220175 ) ) ;
#852 = EDGE_LOOP ( 'NONE', ( #506, #1263, #1625, #349 ) ) ;
#853 = VECTOR ( 'NONE', #1019, 1000.000000000000114 ) ;
#854 = VECTOR ( 'NONE', #2719, 1000.000000000000000 ) ;
#855 = ORIENTED_EDGE ( 'NONE', *, *, #976, .F. ) ;
#856 = SURFACE_STYLE_USAGE ( .BOTH. , #1301 ) ;
#857 = ORIENTED_EDGE ( 'NONE', *, *, #538, .T. ) ;
#858 = PRESENTATION_LAYER_ASSIGNMENT (  '', '', ( #2590 ) ) ;
#859 = EDGE_CURVE ( 'NONE', #1794, #2688, #1726, .T. ) ;
#860 = VECTOR ( 'NONE', #866, 1000.000000000000114 ) ;
#861 =( NAMED_UNIT ( * ) PLANE_ANGLE_UNIT ( ) SI_UNIT ( $, .RADIAN. ) );
#862 = CARTESIAN_POINT ( 'NONE',  ( 7.399999999999999467, 0.9676392572944283454, -4.596286472148542579 ) ) ;
#863 = SURFACE_SIDE_STYLE ('',( #363 ) ) ;
#864 = CARTESIAN_POINT ( 'NONE',  ( 3.729711267094204530, 1.905000000000000027, -2.126046051043519736 ) ) ;
#865 = EDGE_CURVE ( 'NONE', #2390, #1577, #1939, .T. ) ;
#866 = DIRECTION ( 'NONE',  ( -0.2493773340269082317, -0.9476338693022512416, -0.1995018672215262689 ) ) ;
#867 = UNCERTAINTY_MEASURE_WITH_UNIT (LENGTH_MEASURE( 1.000000000000000082E-05 ), #2860, 'distance_accuracy_value', 'NONE');
#868 = CARTESIAN_POINT ( 'NONE',  ( 3.293244040855623389, 1.905000000000000027, -2.548686171911270559 ) ) ;
#869 = SURFACE_STYLE_FILL_AREA ( #2313 ) ;
#870 = ORIENTED_EDGE ( 'NONE', *, *, #2417, .F. ) ;
#871 = DIRECTION ( 'NONE',  ( -0.000000000000000000, -1.000000000000000000, -0.000000000000000000 ) ) ;
#872 = ORIENTED_EDGE ( 'NONE', *, *, #1778, .F. ) ;
#873 = DIRECTION ( 'NONE',  ( -1.000000000000000000, -1.017195236304267233E-16, 0.000000000000000000 ) ) ;
#874 = LINE ( 'NONE', #2764, #1525 ) ;
#875 = CARTESIAN_POINT ( 'NONE',  ( 5.495396459732828198, 1.905000000000000027, -2.546479257457581635 ) ) ;
#876 = FACE_OUTER_BOUND ( 'NONE', #2645, .T. ) ;
#877 = EDGE_CURVE ( 'NONE', #2593, #1122, #1501, .T. ) ;
#878 = CARTESIAN_POINT ( 'NONE',  ( 7.400999999999998913, -1.884461857322079048E-16, -0.8000000000000003775 ) ) ;
#879 = FACE_OUTER_BOUND ( 'NONE', #1868, .T. ) ;
#880 = VERTEX_POINT ( 'NONE', #2737 ) ;
#881 = DIRECTION ( 'NONE',  ( -0.000000000000000000, -1.000000000000000000, -0.000000000000000000 ) ) ;
#882 = VERTEX_POINT ( 'NONE', #453 ) ;
#883 = DIRECTION ( 'NONE',  ( -0.000000000000000000, -0.000000000000000000, -1.000000000000000000 ) ) ;
#884 = CARTESIAN_POINT ( 'NONE',  ( 4.843665196979641152, 1.905000000000000027, -1.895731297701220397 ) ) ;
#885 = FACE_OUTER_BOUND ( 'NONE', #2918, .T. ) ;
#886 = CARTESIAN_POINT ( 'NONE',  ( 4.953422408983801262, 1.905000000000000027, -2.398657675439464398 ) ) ;
#887 = DIRECTION ( 'NONE',  ( -0.000000000000000000, -1.000000000000000000, -0.000000000000000000 ) ) ;
#888 = EDGE_CURVE ( 'NONE', #1794, #880, #1360, .T. ) ;
#889 = COLOUR_RGB ( '',0.8980392156862745390, 0.9215686274509803377, 0.9294117647058823817 ) ;
#890 = FACE_OUTER_BOUND ( 'NONE', #672, .T. ) ;
#891 = CARTESIAN_POINT ( 'NONE',  ( 3.583946168008536937, 1.905000000000000027, -2.613701871623553163 ) ) ;
#892 = VECTOR ( 'NONE', #995, 1000.000000000000000 ) ;
#893 = EDGE_CURVE ( 'NONE', #2671, #98, #2947, .T. ) ;
#894 = AXIS2_PLACEMENT_3D ( 'NONE', #2672, #2421, #2451 ) ;
#895 = ORIENTED_EDGE ( 'NONE', *, *, #2274, .T. ) ;
#896 = LINE ( 'NONE', #1370, #2292 ) ;
#897 = ORIENTED_EDGE ( 'NONE', *, *, #2554, .T. ) ;
#898 = DIRECTION ( 'NONE',  ( 0.2746918797667263212, 0.000000000000000000, -0.9615323037684290197 ) ) ;
#899 = VECTOR ( 'NONE', #1481, 1000.000000000000000 ) ;
#900 = LINE ( 'NONE', #197, #524 ) ;
#901 = VECTOR ( 'NONE', #1898, 1000.000000000000000 ) ;
#902 = DIRECTION ( 'NONE',  ( 0.000000000000000000, 0.000000000000000000, -1.000000000000000000 ) ) ;
#903 = CARTESIAN_POINT ( 'NONE',  ( 7.149999999999999467, -3.673940397442037312E-17, -0.1999999999999996503 ) ) ;
#904 = UNCERTAINTY_MEASURE_WITH_UNIT (LENGTH_MEASURE( 1.000000000000000082E-05 ), #271, 'distance_accuracy_value', 'NONE');
#905 = ORIENTED_EDGE ( 'NONE', *, *, #1404, .F. ) ;
#906 = VERTEX_POINT ( 'NONE', #2019 ) ;
#907 = VECTOR ( 'NONE', #2603, 1000.000000000000114 ) ;
#908 = AXIS2_PLACEMENT_3D ( 'NONE', #2128, #1451, #1041 ) ;
#909 = DIRECTION ( 'NONE',  ( 0.2793947940814920927, 0.000000000000000000, -0.9601763114346034689 ) ) ;
#910 = LINE ( 'NONE', #2774, #961 ) ;
#911 = MECHANICAL_DESIGN_GEOMETRIC_PRESENTATION_REPRESENTATION (  '', ( #2922 ), #1947 ) ;
#912 =( NAMED_UNIT ( * ) SI_UNIT ( $, .STERADIAN. ) SOLID_ANGLE_UNIT ( ) );
#913 = FACE_OUTER_BOUND ( 'NONE', #9, .T. ) ;
#914 = EDGE_CURVE ( 'NONE', #2964, #2703, #2544, .T. ) ;
#915 = VERTEX_POINT ( 'NONE', #2525 ) ;
#916 = LINE ( 'NONE', #2084, #2038 ) ;
#917 = ORIENTED_EDGE ( 'NONE', *, *, #2951, .F. ) ;
#918 = CARTESIAN_POINT ( 'NONE',  ( 1.537779882194698855, -3.192222914327899506E-17, -3.800000000000000266 ) ) ;
#919 = LINE ( 'NONE', #468, #223 ) ;
#920 = CARTESIAN_POINT ( 'NONE',  ( 2.925812401867613932, 1.905000000000000027, -2.548686171911270559 ) ) ;
#921 = CARTESIAN_POINT ( 'NONE',  ( 5.862220117805299502, -3.192222914327899506E-17, -0.8000000000000003775 ) ) ;
#922 = ORIENTED_EDGE ( 'NONE', *, *, #587, .F. ) ;
#923 = EDGE_CURVE ( 'NONE', #2143, #2491, #239, .T. ) ;
#924 = VERTEX_POINT ( 'NONE', #1159 ) ;
#925 = ORIENTED_EDGE ( 'NONE', *, *, #360, .T. ) ;
#926 = CARTESIAN_POINT ( 'NONE',  ( 7.500999999999998558, 0.9499999999999998446, -3.800000000000000266 ) ) ;
#927 = PRESENTATION_STYLE_ASSIGNMENT (( #2725 ) ) ;
#928 = PRESENTATION_STYLE_ASSIGNMENT (( #1130 ) ) ;
#929 = PLANE ( 'NONE',  #1430 ) ;
#930 = ORIENTED_EDGE ( 'NONE', *, *, #1542, .F. ) ;
#931 = LINE ( 'NONE', #2278, #1762 ) ;
#932 = EDGE_CURVE ( 'NONE', #2897, #2143, #919, .T. ) ;
#933 = CARTESIAN_POINT ( 'NONE',  ( 4.139541785171635624, 1.905000000000000027, -2.617159370927629070 ) ) ;
#934 = LINE ( 'NONE', #502, #2723 ) ;
#935 = CARTESIAN_POINT ( 'NONE',  ( 4.910838768598099868, 1.905000000000000027, -2.249597769199492170 ) ) ;
#936 = SURFACE_STYLE_FILL_AREA ( #2802 ) ;
#937 = ORIENTED_EDGE ( 'NONE', *, *, #696, .T. ) ;
#938 = EDGE_CURVE ( 'NONE', #740, #1976, #934, .T. ) ;
#939 = CARTESIAN_POINT ( 'NONE',  ( 5.760952024080364886, 1.905000000000000027, -2.702191784705270994 ) ) ;
#940 = CARTESIAN_POINT ( 'NONE',  ( 2.882164538290417077, 1.905000000000000027, -2.398684648839587652 ) ) ;
#941 =( NAMED_UNIT ( * ) PLANE_ANGLE_UNIT ( ) SI_UNIT ( $, .RADIAN. ) );
#942 = DIRECTION ( 'NONE',  ( 1.000000000000000000, 0.000000000000000000, 0.000000000000000000 ) ) ;
#943 = AXIS2_PLACEMENT_3D ( 'NONE', #2296, #638, #650 ) ;
#944 = DIRECTION ( 'NONE',  ( 0.2493773340269082317, -0.9476338693022512416, 0.1995018672215262967 ) ) ;
#945 = ORIENTED_EDGE ( 'NONE', *, *, #2473, .T. ) ;
#946 = VECTOR ( 'NONE', #585, 1000.000000000000000 ) ;
#947 = CARTESIAN_POINT ( 'NONE',  ( 2.613988843316547239, 1.905000000000000027, -2.702191784705270106 ) ) ;
#948 = CARTESIAN_POINT ( 'NONE',  ( 3.185723168826146257, 1.905000000000000027, -2.249597769201114872 ) ) ;
#949 = CARTESIAN_POINT ( 'NONE',  ( 5.265720420744335328, 1.905000000000000027, -2.546479257459596024 ) ) ;
#950 = ORIENTED_EDGE ( 'NONE', *, *, #990, .F. ) ;
#951 = VECTOR ( 'NONE', #1373, 1000.000000000000000 ) ;
#952 = ORIENTED_EDGE ( 'NONE', *, *, #2770, .T. ) ;
#953 = EDGE_CURVE ( 'NONE', #2856, #51, #2752, .T. ) ;
#954 = VECTOR ( 'NONE', #2393, 1000.000000000000000 ) ;
#955 = VECTOR ( 'NONE', #1978, 1000.000000000000000 ) ;
#956 = LINE ( 'NONE', #1636, #1575 ) ;
#957 = CARTESIAN_POINT ( 'NONE',  ( 1.537779882194698855, -0.1000000000000000472, -3.800000000000000266 ) ) ;
#958 = VECTOR ( 'NONE', #94, 1000.000000000000000 ) ;
#959 = EDGE_CURVE ( 'NONE', #1108, #466, #900, .T. ) ;
#960 = MECHANICAL_DESIGN_GEOMETRIC_PRESENTATION_REPRESENTATION (  '', ( #2243 ), #479 ) ;
#961 = VECTOR ( 'NONE', #1822, 1000.000000000000227 ) ;
#962 = SURFACE_STYLE_USAGE ( .BOTH. , #2621 ) ;
#963 = ORIENTED_EDGE ( 'NONE', *, *, #888, .T. ) ;
#964 = FACE_OUTER_BOUND ( 'NONE', #667, .T. ) ;
#965 = ORIENTED_EDGE ( 'NONE', *, *, #2981, .F. ) ;
#966 = DIRECTION ( 'NONE',  ( -1.000000000000000000, 0.000000000000000000, 0.000000000000000000 ) ) ;
#967 = CARTESIAN_POINT ( 'NONE',  ( 2.419015307350435240, 1.905000000000000027, -1.895731297701219953 ) ) ;
#968 = ORIENTED_EDGE ( 'NONE', *, *, #1042, .F. ) ;
#969 = LINE ( 'NONE', #2122, #526 ) ;
#970 =( NAMED_UNIT ( * ) PLANE_ANGLE_UNIT ( ) SI_UNIT ( $, .RADIAN. ) );
#971 = ORIENTED_EDGE ( 'NONE', *, *, #2775, .T. ) ;
#972 = DIRECTION ( 'NONE',  ( -0.7059037656365216851, -0.000000000000000000, 0.7083077534943259534 ) ) ;
#973 = CARTESIAN_POINT ( 'NONE',  ( 2.419015307350435240, 1.899999999999999911, -1.895731297701219953 ) ) ;
#974 = PRESENTATION_STYLE_ASSIGNMENT (( #2040 ) ) ;
#975 = VERTEX_POINT ( 'NONE', #2718 ) ;
#976 = EDGE_CURVE ( 'NONE', #2219, #1162, #2961, .T. ) ;
#977 = CARTESIAN_POINT ( 'NONE',  ( 5.078623117886716720, 1.905000000000000027, -1.895731297701220397 ) ) ;
#978 = VERTEX_POINT ( 'NONE', #948 ) ;
#979 = LINE ( 'NONE', #2148, #77 ) ;
#980 = ORIENTED_EDGE ( 'NONE', *, *, #1310, .F. ) ;
#981 = FACE_OUTER_BOUND ( 'NONE', #2279, .T. ) ;
#982 = PLANE ( 'NONE',  #850 ) ;
#983 = PLANE ( 'NONE',  #2586 ) ;
#984 = CARTESIAN_POINT ( 'NONE',  ( 3.228306809212786010, 1.905000000000000027, -2.398684648839587652 ) ) ;
#985 = CARTESIAN_POINT ( 'NONE',  ( 5.862220117805299502, -3.192222914327899506E-17, -3.800000000000000266 ) ) ;
#986 = ORIENTED_EDGE ( 'NONE', *, *, #2127, .F. ) ;
#987 = EDGE_CURVE ( 'NONE', #2715, #1826, #1584, .T. ) ;
#988 = ORIENTED_EDGE ( 'NONE', *, *, #1111, .T. ) ;
#989 = DIRECTION ( 'NONE',  ( 0.2762033010287693879, 0.000000000000000000, -0.9610992334305603624 ) ) ;
#990 = EDGE_CURVE ( 'NONE', #263, #2016, #2281, .T. ) ;
#991 = PRESENTATION_LAYER_ASSIGNMENT (  '', '', ( #744 ) ) ;
#992 = DIRECTION ( 'NONE',  ( 0.000000000000000000, 0.000000000000000000, 1.000000000000000000 ) ) ;
#993 = ORIENTED_EDGE ( 'NONE', *, *, #2473, .F. ) ;
#994 = LINE ( 'NONE', #96, #954 ) ;
#995 = DIRECTION ( 'NONE',  ( 1.000000000000000000, 0.000000000000000000, 0.000000000000000000 ) ) ;
#996 = AXIS2_PLACEMENT_3D ( 'NONE', #2681, #1331, #1070 ) ;
#997 =( GEOMETRIC_REPRESENTATION_CONTEXT ( 3 ) GLOBAL_UNCERTAINTY_ASSIGNED_CONTEXT ( ( #1288 ) ) GLOBAL_UNIT_ASSIGNED_CONTEXT ( ( #550, #788, #1434 ) ) REPRESENTATION_CONTEXT ( 'NONE', 'WORKASPACE' ) );
#998 = FACE_OUTER_BOUND ( 'NONE', #1280, .T. ) ;
#999 = PRESENTATION_LAYER_ASSIGNMENT (  '', '', ( #2052 ) ) ;
#1000 = VECTOR ( 'NONE', #154, 1000.000000000000000 ) ;
#1001 = DIRECTION ( 'NONE',  ( -0.000000000000000000, -0.000000000000000000, 1.000000000000000000 ) ) ;
#1002 = COLOUR_RGB ( '',0.8980392156862745390, 0.9215686274509803377, 0.9294117647058823817 ) ;
#1003 = AXIS2_PLACEMENT_3D ( 'NONE', #2350, #2616, #1422 ) ;
#1004 = COLOUR_RGB ( '',0.1019607843137254888, 0.1019607843137254888, 0.1019607843137254888 ) ;
#1005 = ORIENTED_EDGE ( 'NONE', *, *, #800, .T. ) ;
#1006 = EDGE_CURVE ( 'NONE', #1064, #740, #1596, .T. ) ;
#1007 = CARTESIAN_POINT ( 'NONE',  ( 2.005851497339631528, 1.905000000000000027, -2.358285853762934536 ) ) ;
#1008 = CARTESIAN_POINT ( 'NONE',  ( 3.417282441482504041, 1.899999999999999911, -2.702191784705270106 ) ) ;
#1009 = EDGE_LOOP ( 'NONE', ( #2583, #2321, #2193, #937 ) ) ;
#1010 = EDGE_CURVE ( 'NONE', #882, #592, #1611, .T. ) ;
#1011 = FACE_OUTER_BOUND ( 'NONE', #1833, .T. ) ;
#1012 = CARTESIAN_POINT ( 'NONE',  ( 7.399999999999999467, -0.8870026525198929646, -4.213262599469498326 ) ) ;
#1013 =( NAMED_UNIT ( * ) PLANE_ANGLE_UNIT ( ) SI_UNIT ( $, .RADIAN. ) );
#1014 = CARTESIAN_POINT ( 'NONE',  ( 4.564799487016718338, 1.905000000000000027, -2.249597769199492170 ) ) ;
#1015 = EDGE_CURVE ( 'NONE', #1767, #1634, #2511, .T. ) ;
#1016 = DIRECTION ( 'NONE',  ( 0.000000000000000000, -1.000000000000000000, 0.000000000000000000 ) ) ;
#1017 = FILL_AREA_STYLE ('',( #1938 ) ) ;
#1018 = ORIENTED_EDGE ( 'NONE', *, *, #99, .T. ) ;
#1019 = DIRECTION ( 'NONE',  ( -0.7059037656365216851, -0.000000000000000000, 0.7083077534943259534 ) ) ;
#1020 = ORIENTED_EDGE ( 'NONE', *, *, #2229, .F. ) ;
#1021 = DIRECTION ( 'NONE',  ( 0.2493773340269082317, -0.9476338693022512416, -0.1995018672215262967 ) ) ;
#1022 = VERTEX_POINT ( 'NONE', #215 ) ;
#1023 = SURFACE_SIDE_STYLE ('',( #1891 ) ) ;
#1024 = DIRECTION ( 'NONE',  ( 1.000000000000000000, 0.000000000000000000, 1.888631893057874286E-15 ) ) ;
#1025 = ORIENTED_EDGE ( 'NONE', *, *, #2182, .T. ) ;
#1026 = FACE_OUTER_BOUND ( 'NONE', #852, .T. ) ;
#1027 = PRESENTATION_STYLE_ASSIGNMENT (( #46 ) ) ;
#1028 = EDGE_CURVE ( 'NONE', #915, #1064, #2318, .T. ) ;
#1029 = LINE ( 'NONE', #1937, #2927 ) ;
#1030 = ORIENTED_EDGE ( 'NONE', *, *, #47, .F. ) ;
#1031 = DIRECTION ( 'NONE',  ( 0.000000000000000000, 1.000000000000000000, 0.000000000000000000 ) ) ;
#1032 = VERTEX_POINT ( 'NONE', #2765 ) ;
#1033 = PRODUCT_CONTEXT ( 'NONE', #252, 'mechanical' ) ;
#1034 = VERTEX_POINT ( 'NONE', #1170 ) ;
#1035 = SURFACE_STYLE_USAGE ( .BOTH. , #270 ) ;
#1036 =( NAMED_UNIT ( * ) SI_UNIT ( $, .STERADIAN. ) SOLID_ANGLE_UNIT ( ) );
#1037 = CARTESIAN_POINT ( 'NONE',  ( -0.0009999999999998378242, 0.000000000000000000, -3.800000000000000266 ) ) ;
#1038 = CARTESIAN_POINT ( 'NONE',  ( 1.872362597965852471, 1.905000000000000027, -1.895731297701219953 ) ) ;
#1039 = EDGE_CURVE ( 'NONE', #1236, #1465, #2055, .T. ) ;
#1040 = VECTOR ( 'NONE', #2067, 1000.000000000000000 ) ;
#1041 = DIRECTION ( 'NONE',  ( 0.000000000000000000, 0.9785497849867490494, -0.2060104810498415706 ) ) ;
#1042 = EDGE_CURVE ( 'NONE', #2500, #1614, #17, .T. ) ;
#1043 =( GEOMETRIC_REPRESENTATION_CONTEXT ( 3 ) GLOBAL_UNCERTAINTY_ASSIGNED_CONTEXT ( ( #1072 ) ) GLOBAL_UNIT_ASSIGNED_CONTEXT ( ( #751, #2804, #2398 ) ) REPRESENTATION_CONTEXT ( 'NONE', 'WORKASPACE' ) );
#1044 = VECTOR ( 'NONE', #1733, 1000.000000000000000 ) ;
#1045 = VECTOR ( 'NONE', #1821, 1000.000000000000114 ) ;
#1046 = AXIS2_PLACEMENT_3D ( 'NONE', #1641, #2325, #262 ) ;
#1047 = FACE_OUTER_BOUND ( 'NONE', #2900, .T. ) ;
#1048 = ORIENTED_EDGE ( 'NONE', *, *, #2883, .T. ) ;
#1049 = PRODUCT_DEFINITION ( 'UNKNOWN', '', #1332, #2665 ) ;
#1050 = VECTOR ( 'NONE', #1429, 1000.000000000000000 ) ;
#1051 = VERTEX_POINT ( 'NONE', #2265 ) ;
#1052 = SURFACE_SIDE_STYLE ('',( #1754 ) ) ;
#1053 = ORIENTED_EDGE ( 'NONE', *, *, #2456, .T. ) ;
#1054 = CIRCLE ( 'NONE', #1450, 0.1000000000000002554 ) ;
#1055 = DIRECTION ( 'NONE',  ( -0.9615825319869142351, 0.000000000000000000, -0.2745159998572670457 ) ) ;
#1056 = ORIENTED_EDGE ( 'NONE', *, *, #2294, .F. ) ;
#1057 = LINE ( 'NONE', #588, #1044 ) ;
#1058 = LINE ( 'NONE', #351, #616 ) ;
#1059 = SURFACE_STYLE_USAGE ( .BOTH. , #385 ) ;
#1060 = FILL_AREA_STYLE_COLOUR ( '', #1002 ) ;
#1061 = SURFACE_STYLE_USAGE ( .BOTH. , #402 ) ;
#1062 = ADVANCED_FACE ( 'NONE', ( #1647 ), #2559, .F. ) ;
#1063 = ORIENTED_EDGE ( 'NONE', *, *, #804, .F. ) ;
#1064 = VERTEX_POINT ( 'NONE', #2397 ) ;
#1065 = CARTESIAN_POINT ( 'NONE',  ( -0.001000000000000000671, -1.884461857322079048E-16, -0.8000000000000003775 ) ) ;
#1066 = VERTEX_POINT ( 'NONE', #2156 ) ;
#1067 = DIRECTION ( 'NONE',  ( 1.000000000000000000, 0.000000000000000000, 0.000000000000000000 ) ) ;
#1068 = FACE_OUTER_BOUND ( 'NONE', #2335, .T. ) ;
#1069 = FILL_AREA_STYLE_COLOUR ( '', #764 ) ;
#1070 = DIRECTION ( 'NONE',  ( -0.05375259206908023640, 0.000000000000000000, 0.9985542843760948362 ) ) ;
#1071 = FACE_OUTER_BOUND ( 'NONE', #682, .T. ) ;
#1072 = UNCERTAINTY_MEASURE_WITH_UNIT (LENGTH_MEASURE( 1.000000000000000082E-05 ), #751, 'distance_accuracy_value', 'NONE');
#1073 = DIRECTION ( 'NONE',  ( 0.7145695586382346809, -0.000000000000000000, -0.6995643972269877109 ) ) ;
#1074 = CARTESIAN_POINT ( 'NONE',  ( 7.400999999999998913, -4.065758146820641628E-17, -3.800000000000000266 ) ) ;
#1075 = EDGE_CURVE ( 'NONE', #2119, #2315, #771, .T. ) ;
#1076 = ORIENTED_EDGE ( 'NONE', *, *, #2610, .F. ) ;
#1077 = CARTESIAN_POINT ( 'NONE',  ( 6.935447761194028615, 2.715298507462685862, -0.3716417910447746276 ) ) ;
#1078 = EDGE_LOOP ( 'NONE', ( #1174, #826, #63, #675 ) ) ;
#1079 = LINE ( 'NONE', #1277, #160 ) ;
#1080 = ORIENTED_EDGE ( 'NONE', *, *, #1402, .T. ) ;
#1081 = ADVANCED_FACE ( 'NONE', ( #536 ), #100, .F. ) ;
#1082 = CARTESIAN_POINT ( 'NONE',  ( 1.997869822764845260, 1.905000000000000027, -2.333617454457363127 ) ) ;
#1083 = PLANE ( 'NONE',  #996 ) ;
#1084 = VECTOR ( 'NONE', #1966, 1000.000000000000114 ) ;
#1085 = PLANE ( 'NONE',  #1576 ) ;
#1086 = CARTESIAN_POINT ( 'NONE',  ( 4.369168781617137398, 1.905000000000000027, -2.702191784705270106 ) ) ;
#1087 = VECTOR ( 'NONE', #1630, 1000.000000000000000 ) ;
#1088 = VECTOR ( 'NONE', #1616, 1000.000000000000000 ) ;
#1089 = VECTOR ( 'NONE', #497, 1000.000000000000000 ) ;
#1090 = ORIENTED_EDGE ( 'NONE', *, *, #459, .T. ) ;
#1091 = LINE ( 'NONE', #2192, #2629 ) ;
#1092 = ORIENTED_EDGE ( 'NONE', *, *, #1919, .F. ) ;
#1093 = VECTOR ( 'NONE', #1685, 1000.000000000000000 ) ;
#1094 = EDGE_CURVE ( 'NONE', #720, #1753, #749, .T. ) ;
#1095 = LINE ( 'NONE', #2223, #1487 ) ;
#1096 = LINE ( 'NONE', #111, #282 ) ;
#1097 = CARTESIAN_POINT ( 'NONE',  ( 7.500999999999998558, 0.8499999999999998668, -3.800000000000000266 ) ) ;
#1098 = DIRECTION ( 'NONE',  ( -1.000000000000000000, 0.000000000000000000, 0.000000000000000000 ) ) ;
#1099 = SURFACE_STYLE_FILL_AREA ( #1350 ) ;
#1100 = DIRECTION ( 'NONE',  ( 1.000000000000000000, 0.000000000000000000, -0.000000000000000000 ) ) ;
#1101 = CARTESIAN_POINT ( 'NONE',  ( 4.650981948435314983, 1.905000000000000027, -2.548659198511568746 ) ) ;
#1102 = ORIENTED_EDGE ( 'NONE', *, *, #1227, .F. ) ;
#1103 = DIRECTION ( 'NONE',  ( 0.2760118818968559373, 0.000000000000000000, -0.9611542233438690186 ) ) ;
#1104 = ORIENTED_EDGE ( 'NONE', *, *, #2166, .T. ) ;
#1105 = DIRECTION ( 'NONE',  ( 0.2765379750249961632, 0.000000000000000000, -0.9610029908221277006 ) ) ;
#1106 = DIRECTION ( 'NONE',  ( -0.000000000000000000, -1.000000000000000000, -0.000000000000000000 ) ) ;
#1107 = CARTESIAN_POINT ( 'NONE',  ( 4.137305445195226916, 1.905000000000000027, -1.895731297701220397 ) ) ;
#1108 = VERTEX_POINT ( 'NONE', #1460 ) ;
#1109 = CARTESIAN_POINT ( 'NONE',  ( 3.760725431349892567, 1.905000000000000027, -2.702191784705270106 ) ) ;
#1110 = VERTEX_POINT ( 'NONE', #1225 ) ;
#1111 = EDGE_CURVE ( 'NONE', #1452, #2842, #86, .T. ) ;
#1112 = LINE ( 'NONE', #1377, #1088 ) ;
#1113 = ADVANCED_FACE ( 'NONE', ( #2564 ), #2136, .F. ) ;
#1114 = CARTESIAN_POINT ( 'NONE',  ( 2.104431913717434988, 1.905000000000000027, -2.702191784705270106 ) ) ;
#1115 = CARTESIAN_POINT ( 'NONE',  ( 3.229577011083042848, 1.905000000000000027, -2.049160894554300949 ) ) ;
#1116 = ORIENTED_EDGE ( 'NONE', *, *, #2166, .F. ) ;
#1117 = LINE ( 'NONE', #721, #2867 ) ;
#1118 = ORIENTED_EDGE ( 'NONE', *, *, #150, .T. ) ;
#1119 = DIRECTION ( 'NONE',  ( 0.2755265765475035655, -0.000000000000000000, -0.9612934544747574472 ) ) ;
#1120 = CARTESIAN_POINT ( 'NONE',  ( 4.466326964883680084, 1.899999999999999911, -2.702191784705270550 ) ) ;
#1121 = CARTESIAN_POINT ( 'NONE',  ( 4.843665196979641152, 1.905000000000000027, -1.895731297701220397 ) ) ;
#1122 = VERTEX_POINT ( 'NONE', #276 ) ;
#1123 = LINE ( 'NONE', #241, #1237 ) ;
#1124 = ORIENTED_EDGE ( 'NONE', *, *, #186, .T. ) ;
#1125 = CARTESIAN_POINT ( 'NONE',  ( 1.643042118063711143, 1.899999999999999911, -1.895731297701219953 ) ) ;
#1126 = ADVANCED_FACE ( 'NONE', ( #1026 ), #983, .F. ) ;
#1127 = CARTESIAN_POINT ( 'NONE',  ( 4.015460696978008670, 1.899999999999999911, -2.702191784705270106 ) ) ;
#1128 = VECTOR ( 'NONE', #942, 1000.000000000000000 ) ;
#1129 = EDGE_CURVE ( 'NONE', #2987, #838, #1691, .T. ) ;
#1130 = SURFACE_STYLE_USAGE ( .BOTH. , #2566 ) ;
#1131 = DIRECTION ( 'NONE',  ( 0.9984327301130243582, -0.000000000000000000, 0.05596501978068774141 ) ) ;
#1132 = AXIS2_PLACEMENT_3D ( 'NONE', #1173, #1831, #2268 ) ;
#1133 = ORIENTED_EDGE ( 'NONE', *, *, #2403, .T. ) ;
#1134 =( NAMED_UNIT ( * ) PLANE_ANGLE_UNIT ( ) SI_UNIT ( $, .RADIAN. ) );
#1135 = ORIENTED_EDGE ( 'NONE', *, *, #545, .T. ) ;
#1136 =( GEOMETRIC_REPRESENTATION_CONTEXT ( 3 ) GLOBAL_UNCERTAINTY_ASSIGNED_CONTEXT ( ( #189 ) ) GLOBAL_UNIT_ASSIGNED_CONTEXT ( ( #155, #1303, #1964 ) ) REPRESENTATION_CONTEXT ( 'NONE', 'WORKASPACE' ) );
#1137 =( GEOMETRIC_REPRESENTATION_CONTEXT ( 3 ) GLOBAL_UNCERTAINTY_ASSIGNED_CONTEXT ( ( #1998 ) ) GLOBAL_UNIT_ASSIGNED_CONTEXT ( ( #590, #2661, #1965 ) ) REPRESENTATION_CONTEXT ( 'NONE', 'WORKASPACE' ) );
#1138 = VECTOR ( 'NONE', #2676, 1000.000000000000000 ) ;
#1139 = DIRECTION ( 'NONE',  ( -1.000000000000000000, 0.000000000000000000, 0.000000000000000000 ) ) ;
#1140 = VECTOR ( 'NONE', #202, 1000.000000000000000 ) ;
#1141 = DIRECTION ( 'NONE',  ( -1.000000000000000000, 0.000000000000000000, 0.000000000000000000 ) ) ;
#1142 = DIRECTION ( 'NONE',  ( 0.9999891854650020395, 0.000000000000000000, 0.004650693823677748417 ) ) ;
#1143 = LINE ( 'NONE', #2767, #1622 ) ;
#1144 = ORIENTED_EDGE ( 'NONE', *, *, #2075, .F. ) ;
#1145 = EDGE_LOOP ( 'NONE', ( #2813, #2083, #2768, #837 ) ) ;
#1146 = PRESENTATION_LAYER_ASSIGNMENT (  '', '', ( #1295 ) ) ;
#1147 = CARTESIAN_POINT ( 'NONE',  ( 2.613988843316547239, 1.899999999999999911, -2.702191784705270106 ) ) ;
#1149 = DIRECTION ( 'NONE',  ( 0.2762517575165895911, 0.000000000000000000, -0.9610853065513982330 ) ) ;
#1148 = VECTOR ( 'NONE', #2705, 1000.000000000000000 ) ;
#1150 = VECTOR ( 'NONE', #2480, 1000.000000000000000 ) ;
#1151 =( LENGTH_UNIT ( ) NAMED_UNIT ( * ) SI_UNIT ( .MILLI., .METRE. ) );
#1152 = LINE ( 'NONE', #1605, #2865 ) ;
#1153 = EDGE_LOOP ( 'NONE', ( #1899, #1688, #2494, #301 ) ) ;
#1154 = LINE ( 'NONE', #437, #1040 ) ;
#1155 = ORIENTED_EDGE ( 'NONE', *, *, #603, .F. ) ;
#1156 = EDGE_CURVE ( 'NONE', #75, #1276, #1484, .T. ) ;
#1157 = EDGE_LOOP ( 'NONE', ( #1793, #234, #498, #2756 ) ) ;
#1158 = DIRECTION ( 'NONE',  ( -1.000000000000000000, 0.000000000000000000, 0.000000000000000000 ) ) ;
#1159 = CARTESIAN_POINT ( 'NONE',  ( 0.2500000000000002220, 1.899999999999999689, -4.400000000000001243 ) ) ;
#1160 = CARTESIAN_POINT ( 'NONE',  ( 5.716197898665055455, 1.899999999999999911, -2.546461728368874411 ) ) ;
#1161 = LINE ( 'NONE', #2754, #1854 ) ;
#1162 = VERTEX_POINT ( 'NONE', #1238 ) ;
#1163 = ORIENTED_EDGE ( 'NONE', *, *, #2682, .F. ) ;
#1164 = DIRECTION ( 'NONE',  ( -0.2762033010252005205, -0.000000000000000000, 0.9610992334315860974 ) ) ;
#1165 = LINE ( 'NONE', #1603, #2352 ) ;
#1166 = PLANE ( 'NONE',  #1046 ) ;
#1167 = ORIENTED_EDGE ( 'NONE', *, *, #1363, .T. ) ;
#1168 = ADVANCED_FACE ( 'NONE', ( #2171 ), #507, .T. ) ;
#1169 = DIRECTION ( 'NONE',  ( 1.000000000000000000, 0.000000000000000000, -0.000000000000000000 ) ) ;
#1170 = CARTESIAN_POINT ( 'NONE',  ( 2.839629940447088607, 1.905000000000000027, -2.249597769201114872 ) ) ;
#1171 = EDGE_CURVE ( 'NONE', #2771, #2956, #2880, .T. ) ;
#1172 = CARTESIAN_POINT ( 'NONE',  ( 7.400999999999998913, -1.884461857322079048E-16, -3.800000000000000266 ) ) ;
#1173 = CARTESIAN_POINT ( 'NONE',  ( 5.308353103673311146, 1.905000000000000027, -1.895731297701220397 ) ) ;
#1174 = ORIENTED_EDGE ( 'NONE', *, *, #678, .T. ) ;
#1175 = ORIENTED_EDGE ( 'NONE', *, *, #382, .F. ) ;
#1176 = CARTESIAN_POINT ( 'NONE',  ( 1.997869822764845260, 1.899999999999999911, -2.333617454457363571 ) ) ;
#1177 = LINE ( 'NONE', #204, #1490 ) ;
#1178 = LINE ( 'NONE', #2099, #1724 ) ;
#1179 =( NAMED_UNIT ( * ) PLANE_ANGLE_UNIT ( ) SI_UNIT ( $, .RADIAN. ) );
#1180 = VERTEX_POINT ( 'NONE', #843 ) ;
#1181 = COLOUR_RGB ( '',0.8980392156862745390, 0.9215686274509803377, 0.9294117647058823817 ) ;
#1182 = PLANE ( 'NONE',  #2876 ) ;
#1183 = ORIENTED_EDGE ( 'NONE', *, *, #804, .T. ) ;
#1184 = VECTOR ( 'NONE', #2221, 1000.000000000000000 ) ;
#1185 = CARTESIAN_POINT ( 'NONE',  ( 2.173635845982745174, 1.905000000000000027, -1.895731297701220175 ) ) ;
#1186 = VECTOR ( 'NONE', #250, 1000.000000000000000 ) ;
#1187 = CARTESIAN_POINT ( 'NONE',  ( 0.000000000000000000, 1.905000000000000027, 0.000000000000000000 ) ) ;
#1188 = ORIENTED_EDGE ( 'NONE', *, *, #2372, .F. ) ;
#1189 = CARTESIAN_POINT ( 'NONE',  ( -0.001000000000000000021, 0.9499999999999998446, -3.800000000000000266 ) ) ;
#1190 = ORIENTED_EDGE ( 'NONE', *, *, #2988, .T. ) ;
#1191 = VERTEX_POINT ( 'NONE', #1082 ) ;
#1192 = EDGE_LOOP ( 'NONE', ( #925, #1697, #1922, #1208 ) ) ;
#1193 = EDGE_CURVE ( 'NONE', #2133, #2109, #1281, .T. ) ;
#1194 = VECTOR ( 'NONE', #1849, 1000.000000000000000 ) ;
#1195 = CARTESIAN_POINT ( 'NONE',  ( 4.369168781617137398, 1.905000000000000027, -2.702191784705270106 ) ) ;
#1196 = CARTESIAN_POINT ( 'NONE',  ( 2.925812401867613932, 1.905000000000000027, -2.548686171911270559 ) ) ;
#1197 = VECTOR ( 'NONE', #2164, 1000.000000000000000 ) ;
#1198 = VECTOR ( 'NONE', #646, 1000.000000000000114 ) ;
#1199 = EDGE_CURVE ( 'NONE', #1313, #2994, #1057, .T. ) ;
#1200 = VECTOR ( 'NONE', #1365, 1000.000000000000000 ) ;
#1201 = PLANE ( 'NONE',  #813 ) ;
#1202 = CARTESIAN_POINT ( 'NONE',  ( 7.399999999999998579, 0.000000000000000000, -3.800000000000000266 ) ) ;
#1203 = ORIENTED_EDGE ( 'NONE', *, *, #1042, .T. ) ;
#1204 = CARTESIAN_POINT ( 'NONE',  ( 0.000000000000000000, 0.000000000000000000, -3.800000000000000266 ) ) ;
#1205 = ORIENTED_EDGE ( 'NONE', *, *, #1310, .T. ) ;
#1206 = SURFACE_SIDE_STYLE ('',( #1493 ) ) ;
#1207 = DIRECTION ( 'NONE',  ( -1.000000000000000000, 0.000000000000000000, 0.000000000000000000 ) ) ;
#1208 = ORIENTED_EDGE ( 'NONE', *, *, #2509, .T. ) ;
#1209 = CARTESIAN_POINT ( 'NONE',  ( 5.862220117805299502, -0.1000000000000000472, -3.800000000000000266 ) ) ;
#1210 = CARTESIAN_POINT ( 'NONE',  ( 2.348590215755867572, 1.905000000000000027, -2.702191784705270106 ) ) ;
#1211 = ORIENTED_EDGE ( 'NONE', *, *, #299, .T. ) ;
#1212 = DIRECTION ( 'NONE',  ( 0.000000000000000000, -0.000000000000000000, 1.000000000000000000 ) ) ;
#1213 =( LENGTH_UNIT ( ) NAMED_UNIT ( * ) SI_UNIT ( .MILLI., .METRE. ) );
#1214 = EDGE_CURVE ( 'NONE', #321, #139, #598, .T. ) ;
#1215 = PRESENTATION_STYLE_ASSIGNMENT (( #354 ) ) ;
#1216 = EDGE_CURVE ( 'NONE', #978, #1230, #578, .T. ) ;
#1217 = ORIENTED_EDGE ( 'NONE', *, *, #328, .T. ) ;
#1218 = DIRECTION ( 'NONE',  ( 1.000000000000000000, 0.000000000000000000, -0.000000000000000000 ) ) ;
#1219 = ORIENTED_EDGE ( 'NONE', *, *, #1421, .T. ) ;
#1220 = FILL_AREA_STYLE_COLOUR ( '', #2239 ) ;
#1221 = CARTESIAN_POINT ( 'NONE',  ( 3.758697010579060915, 1.899999999999999911, -1.895731297701219953 ) ) ;
#1222 = ORIENTED_EDGE ( 'NONE', *, *, #2912, .T. ) ;
#1223 = SURFACE_STYLE_FILL_AREA ( #1424 ) ;
#1224 = SURFACE_STYLE_FILL_AREA ( #2123 ) ;
#1225 = CARTESIAN_POINT ( 'NONE',  ( 0.000000000000000000, 0.9499999999999998446, 0.000000000000000000 ) ) ;
#1226 = LINE ( 'NONE', #984, #384 ) ;
#1227 = EDGE_CURVE ( 'NONE', #292, #1607, #1507, .T. ) ;
#1228 =( NAMED_UNIT ( * ) SI_UNIT ( $, .STERADIAN. ) SOLID_ANGLE_UNIT ( ) );
#1229 = DIRECTION ( 'NONE',  ( 0.000000000000000000, 0.000000000000000000, 1.000000000000000000 ) ) ;
#1230 = VERTEX_POINT ( 'NONE', #2436 ) ;
#1231 = ADVANCED_FACE ( 'NONE', ( #2424 ), #361, .F. ) ;
#1232 = CARTESIAN_POINT ( 'NONE',  ( 4.910838768598099868, 1.905000000000000027, -2.249597769199492170 ) ) ;
#1233 = ORIENTED_EDGE ( 'NONE', *, *, #1523, .F. ) ;
#1234 = DIRECTION ( 'NONE',  ( 0.2745159998572670457, 0.000000000000000000, -0.9615825319869142351 ) ) ;
#1235 = FACE_OUTER_BOUND ( 'NONE', #2181, .T. ) ;
#1236 = VERTEX_POINT ( 'NONE', #408 ) ;
#1237 = VECTOR ( 'NONE', #1613, 1000.000000000000000 ) ;
#1238 = CARTESIAN_POINT ( 'NONE',  ( 4.234360638473013694, 1.899999999999999911, -1.895731297701220175 ) ) ;
#1239 = PLANE ( 'NONE',  #1955 ) ;
#1240 = AXIS2_PLACEMENT_3D ( 'NONE', #1107, #469, #5 ) ;
#1241 = VECTOR ( 'NONE', #1409, 1000.000000000000000 ) ;
#1242 =( NAMED_UNIT ( * ) PLANE_ANGLE_UNIT ( ) SI_UNIT ( $, .RADIAN. ) );
#1243 = PRESENTATION_LAYER_ASSIGNMENT (  '', '', ( #805 ) ) ;
#1244 = MECHANICAL_DESIGN_GEOMETRIC_PRESENTATION_REPRESENTATION (  '', ( #1449 ), #337 ) ;
#1245 = LINE ( 'NONE', #1705, #1093 ) ;
#1246 = ORIENTED_EDGE ( 'NONE', *, *, #1015, .F. ) ;
#1247 = PRESENTATION_STYLE_ASSIGNMENT (( #60 ) ) ;
#1248 = VERTEX_POINT ( 'NONE', #1328 ) ;
#1249 = CARTESIAN_POINT ( 'NONE',  ( -0.1009999999999998399, 0.000000000000000000, -3.800000000000000266 ) ) ;
#1250 = ORIENTED_EDGE ( 'NONE', *, *, #232, .T. ) ;
#1251 = CARTESIAN_POINT ( 'NONE',  ( 7.400999999999998913, -0.1000000000000000472, -3.800000000000000266 ) ) ;
#1252 = CARTESIAN_POINT ( 'NONE',  ( 0.2500000000000002220, 1.899999999999999689, -0.1999999999999996503 ) ) ;
#1253 = ORIENTED_EDGE ( 'NONE', *, *, #2443, .F. ) ;
#1254 = ORIENTED_EDGE ( 'NONE', *, *, #2700, .T. ) ;
#1255 = EDGE_CURVE ( 'NONE', #2891, #654, #2893, .T. ) ;
#1256 = DIRECTION ( 'NONE',  ( -0.000000000000000000, -1.000000000000000000, -0.000000000000000000 ) ) ;
#1257 = LINE ( 'NONE', #2840, #2053 ) ;
#1258 =( LENGTH_UNIT ( ) NAMED_UNIT ( * ) SI_UNIT ( .MILLI., .METRE. ) );
#1259 = CARTESIAN_POINT ( 'NONE',  ( -0.001000000000000000671, -1.884461857322079048E-16, -3.800000000000000266 ) ) ;
#1260 = ORIENTED_EDGE ( 'NONE', *, *, #2735, .F. ) ;
#1261 = DIRECTION ( 'NONE',  ( 0.3725077383644281315, -0.000000000000000000, 0.9280290862136911789 ) ) ;
#1262 = EDGE_CURVE ( 'NONE', #2688, #2563, #143, .T. ) ;
#1263 = ORIENTED_EDGE ( 'NONE', *, *, #2995, .T. ) ;
#1264 = EDGE_LOOP ( 'NONE', ( #2362, #730, #1354, #971, #151, #1711, #857, #641 ) ) ;
#1265 =( NAMED_UNIT ( * ) SI_UNIT ( $, .STERADIAN. ) SOLID_ANGLE_UNIT ( ) );
#1266 = CARTESIAN_POINT ( 'NONE',  ( 7.500999999999998558, -1.084202172485504434E-16, -3.800000000000000266 ) ) ;
#1267 = VERTEX_POINT ( 'NONE', #2903 ) ;
#1268 = ORIENTED_EDGE ( 'NONE', *, *, #133, .F. ) ;
#1269 = EDGE_CURVE ( 'NONE', #2742, #798, #1095, .T. ) ;
#1270 = PLANE ( 'NONE',  #2486 ) ;
#1271 = CARTESIAN_POINT ( 'NONE',  ( 4.650981948435314983, 1.905000000000000027, -2.548659198511568746 ) ) ;
#1272 = DIRECTION ( 'NONE',  ( 1.000000000000000000, 0.000000000000000000, 0.000000000000000000 ) ) ;
#1273 = CARTESIAN_POINT ( 'NONE',  ( -0.0009999999999999805052, 0.8499999999999998668, -0.8000000000000003775 ) ) ;
#1274 = ORIENTED_EDGE ( 'NONE', *, *, #150, .F. ) ;
#1275 = CARTESIAN_POINT ( 'NONE',  ( 7.164303482587063954, 1.845646766169154684, -4.411442786069653010 ) ) ;
#1276 = VERTEX_POINT ( 'NONE', #395 ) ;
#1277 = CARTESIAN_POINT ( 'NONE',  ( 4.466326964883680084, 1.905000000000000027, -2.702191784705270550 ) ) ;
#1278 = ORIENTED_EDGE ( 'NONE', *, *, #400, .T. ) ;
#1279 = VECTOR ( 'NONE', #2013, 1000.000000000000000 ) ;
#1280 = EDGE_LOOP ( 'NONE', ( #2978, #1600, #2131, #303 ) ) ;
#1281 = LINE ( 'NONE', #1715, #659 ) ;
#1282 = SURFACE_STYLE_FILL_AREA ( #2224 ) ;
#1283 = SURFACE_SIDE_STYLE ('',( #2905 ) ) ;
#1284 = CARTESIAN_POINT ( 'NONE',  ( 7.400999999999998913, -4.065758146820641628E-17, -0.8000000000000003775 ) ) ;
#1285 = AXIS2_PLACEMENT_3D ( 'NONE', #2595, #747, #2394 ) ;
#1286 = EDGE_CURVE ( 'NONE', #2435, #2871, #2008, .T. ) ;
#1287 = CARTESIAN_POINT ( 'NONE',  ( 2.173635845982745174, 1.905000000000000027, -1.895731297701220175 ) ) ;
#1288 = UNCERTAINTY_MEASURE_WITH_UNIT (LENGTH_MEASURE( 1.000000000000000082E-05 ), #550, 'distance_accuracy_value', 'NONE');
#1289 = AXIS2_PLACEMENT_3D ( 'NONE', #935, #2512, #2020 ) ;
#1290 = AXIS2_PLACEMENT_3D ( 'NONE', #1195, #1212, #1681 ) ;
#1291 = PRESENTATION_LAYER_ASSIGNMENT (  '', '', ( #1679 ) ) ;
#1292 = AXIS2_PLACEMENT_3D ( 'NONE', #1453, #1345, #2539 ) ;
#1293 = CARTESIAN_POINT ( 'NONE',  ( 2.508990016831305070, 1.905000000000000027, -1.895731297701219509 ) ) ;
#1294 = ORIENTED_EDGE ( 'NONE', *, *, #47, .T. ) ;
#1295 = STYLED_ITEM ( 'NONE', ( #1215 ), #1670 ) ;
#1296 = AXIS2_PLACEMENT_3D ( 'NONE', #862, #167, #2894 ) ;
#1297 = EDGE_LOOP ( 'NONE', ( #1076, #1378, #2588, #1319 ) ) ;
#1298 =( NAMED_UNIT ( * ) SI_UNIT ( $, .STERADIAN. ) SOLID_ANGLE_UNIT ( ) );
#1299 = ORIENTED_EDGE ( 'NONE', *, *, #2731, .T. ) ;
#1300 = VECTOR ( 'NONE', #1797, 1000.000000000000000 ) ;
#1301 = SURFACE_SIDE_STYLE ('',( #140 ) ) ;
#1302 =( LENGTH_UNIT ( ) NAMED_UNIT ( * ) SI_UNIT ( .MILLI., .METRE. ) );
#1303 =( NAMED_UNIT ( * ) PLANE_ANGLE_UNIT ( ) SI_UNIT ( $, .RADIAN. ) );
#1304 = DIRECTION ( 'NONE',  ( 0.000000000000000000, 0.000000000000000000, 1.000000000000000000 ) ) ;
#1305 = VERTEX_POINT ( 'NONE', #2920 ) ;
#1306 = ADVANCED_FACE ( 'NONE', ( #2693 ), #2465, .F. ) ;
#1307 = LINE ( 'NONE', #1779, #2442 ) ;
#1308 = ADVANCED_FACE ( 'NONE', ( #964 ), #302, .F. ) ;
#1309 = CARTESIAN_POINT ( 'NONE',  ( 1.872362597965852471, 1.905000000000000027, -1.895731297701219953 ) ) ;
#1310 = EDGE_CURVE ( 'NONE', #1236, #2074, #701, .T. ) ;
#1311 = ORIENTED_EDGE ( 'NONE', *, *, #2198, .T. ) ;
#1312 = LINE ( 'NONE', #121, #1197 ) ;
#1313 = VERTEX_POINT ( 'NONE', #1643 ) ;
#1314 = PLANE ( 'NONE',  #71 ) ;
#1315 = ORIENTED_EDGE ( 'NONE', *, *, #2443, .T. ) ;
#1316 = CARTESIAN_POINT ( 'NONE',  ( 2.348590215755867572, 1.905000000000000027, -2.702191784705270106 ) ) ;
#1317 = FILL_AREA_STYLE_COLOUR ( '', #752 ) ;
#1318 = SURFACE_STYLE_FILL_AREA ( #2481 ) ;
#1319 = ORIENTED_EDGE ( 'NONE', *, *, #1255, .F. ) ;
#1320 =( LENGTH_UNIT ( ) NAMED_UNIT ( * ) SI_UNIT ( .MILLI., .METRE. ) );
#1321 = EDGE_CURVE ( 'NONE', #2964, #2771, #642, .T. ) ;
#1322 = LINE ( 'NONE', #1114, #2780 ) ;
#1323 = DIRECTION ( 'NONE',  ( 0.000000000000000000, 1.000000000000000000, 0.000000000000000000 ) ) ;
#1324 = ADVANCED_FACE ( 'NONE', ( #423 ), #2555, .F. ) ;
#1325 = ORIENTED_EDGE ( 'NONE', *, *, #932, .F. ) ;
#1326 = LINE ( 'NONE', #1505, #946 ) ;
#1327 = EDGE_LOOP ( 'NONE', ( #1609, #2667, #2110, #2179 ) ) ;
#1328 = CARTESIAN_POINT ( 'NONE',  ( 3.543701856940162376, 1.905000000000000027, -1.895731297701219953 ) ) ;
#1329 = DIRECTION ( 'NONE',  ( -0.2793947940814920372, 0.000000000000000000, 0.9601763114346034689 ) ) ;
#1330 = PLANE ( 'NONE',  #1389 ) ;
#1331 = DIRECTION ( 'NONE',  ( -0.9985542843760949472, 0.000000000000000000, -0.05375259206908024334 ) ) ;
#1332 = PRODUCT_DEFINITION_FORMATION_WITH_SPECIFIED_SOURCE ( 'ANY', '', #2324, .NOT_KNOWN. ) ;
#1333 = COLOUR_RGB ( '',0.1019607843137254888, 0.1019607843137254888, 0.1019607843137254888 ) ;
#1334 =( NAMED_UNIT ( * ) PLANE_ANGLE_UNIT ( ) SI_UNIT ( $, .RADIAN. ) );
#1335 = STYLED_ITEM ( 'NONE', ( #1247 ), #783 ) ;
#1336 = DIRECTION ( 'NONE',  ( -0.000000000000000000, -1.000000000000000000, -0.000000000000000000 ) ) ;
#1337 = DIRECTION ( 'NONE',  ( 1.000000000000000000, 0.000000000000000000, -0.000000000000000000 ) ) ;
#1338 =( GEOMETRIC_REPRESENTATION_CONTEXT ( 3 ) GLOBAL_UNCERTAINTY_ASSIGNED_CONTEXT ( ( #634 ) ) GLOBAL_UNIT_ASSIGNED_CONTEXT ( ( #123, #2691, #628 ) ) REPRESENTATION_CONTEXT ( 'NONE', 'WORKASPACE' ) );
#1339 = VECTOR ( 'NONE', #844, 1000.000000000000000 ) ;
#1340 = ORIENTED_EDGE ( 'NONE', *, *, #2417, .T. ) ;
#1341 = VECTOR ( 'NONE', #734, 1000.000000000000000 ) ;
#1342 = EDGE_CURVE ( 'NONE', #220, #2016, #1418, .T. ) ;
#1343 = LINE ( 'NONE', #179, #26 ) ;
#1344 = ORIENTED_EDGE ( 'NONE', *, *, #2229, .T. ) ;
#1345 = DIRECTION ( 'NONE',  ( -3.021165783968233945E-15, 0.000000000000000000, -1.000000000000000000 ) ) ;
#1346 = CARTESIAN_POINT ( 'NONE',  ( 2.782519898721566687, 1.905000000000000027, -2.049160894554300949 ) ) ;
#1347 = ADVANCED_FACE ( 'NONE', ( #1624 ), #2704, .F. ) ;
#1348 = CARTESIAN_POINT ( 'NONE',  ( 4.137305445195226916, 1.899999999999999911, -1.895731297701220619 ) ) ;
#1349 = LINE ( 'NONE', #1109, #519 ) ;
#1350 = FILL_AREA_STYLE ('',( #591 ) ) ;
#1351 = UNCERTAINTY_MEASURE_WITH_UNIT (LENGTH_MEASURE( 1.000000000000000082E-05 ), #1151, 'distance_accuracy_value', 'NONE');
#1352 = CARTESIAN_POINT ( 'NONE',  ( 1.874804917271859050, 1.905000000000000027, -2.702191784705270550 ) ) ;
#1353 = FACE_OUTER_BOUND ( 'NONE', #2433, .T. ) ;
#1354 = ORIENTED_EDGE ( 'NONE', *, *, #1459, .T. ) ;
#1355 = DIRECTION ( 'NONE',  ( -0.3725077383644280760, 0.000000000000000000, -0.9280290862136912899 ) ) ;
#1356 = ORIENTED_EDGE ( 'NONE', *, *, #1992, .F. ) ;
#1357 = ADVANCED_FACE ( 'NONE', ( #2587 ), #1405, .F. ) ;
#1358 = ORIENTED_EDGE ( 'NONE', *, *, #893, .T. ) ;
#1359 = CARTESIAN_POINT ( 'NONE',  ( 4.843665196979641152, 1.899999999999999911, -1.895731297701220397 ) ) ;
#1360 = LINE ( 'NONE', #677, #1087 ) ;
#1361 = FACE_OUTER_BOUND ( 'NONE', #2222, .T. ) ;
#1362 = ORIENTED_EDGE ( 'NONE', *, *, #296, .F. ) ;
#1363 = EDGE_CURVE ( 'NONE', #2500, #2856, #1856, .T. ) ;
#1364 = LINE ( 'NONE', #2035, #2874 ) ;
#1365 = DIRECTION ( 'NONE',  ( -0.000000000000000000, -1.000000000000000000, -0.000000000000000000 ) ) ;
#1366 = EDGE_CURVE ( 'NONE', #257, #2392, #264, .T. ) ;
#1367 = FILL_AREA_STYLE ('',( #2581 ) ) ;
#1368 = DIRECTION ( 'NONE',  ( -0.000000000000000000, -1.000000000000000000, -0.000000000000000000 ) ) ;
#1369 = ORIENTED_EDGE ( 'NONE', *, *, #1216, .T. ) ;
#1370 = CARTESIAN_POINT ( 'NONE',  ( 3.417282441482504041, 1.905000000000000027, -2.702191784705270106 ) ) ;
#1371 = EDGE_LOOP ( 'NONE', ( #742, #1848, #2408, #212 ) ) ;
#1372 = CARTESIAN_POINT ( 'NONE',  ( 4.910838768598099868, 1.905000000000000027, -2.249597769199492170 ) ) ;
#1373 = DIRECTION ( 'NONE',  ( -0.000000000000000000, -1.000000000000000000, -0.000000000000000000 ) ) ;
#1374 = CARTESIAN_POINT ( 'NONE',  ( 4.564799487016718338, 1.905000000000000027, -2.249597769199492170 ) ) ;
#1375 = DIRECTION ( 'NONE',  ( -0.000000000000000000, -0.000000000000000000, -1.000000000000000000 ) ) ;
#1376 = ORIENTED_EDGE ( 'NONE', *, *, #1790, .T. ) ;
#1377 = CARTESIAN_POINT ( 'NONE',  ( 3.543701856940162376, 1.905000000000000027, -1.895731297701219953 ) ) ;
#1378 = ORIENTED_EDGE ( 'NONE', *, *, #2700, .F. ) ;
#1379 = LINE ( 'NONE', #261, #1050 ) ;
#1380 = ADVANCED_FACE ( 'NONE', ( #719 ), #1182, .T. ) ;
#1381 = FACE_OUTER_BOUND ( 'NONE', #1153, .T. ) ;
#1382 = CARTESIAN_POINT ( 'NONE',  ( 4.137305445195226916, 1.905000000000000027, -1.895731297701220397 ) ) ;
#1383 = ADVANCED_FACE ( 'NONE', ( #2612 ), #89, .F. ) ;
#1384 = AXIS2_PLACEMENT_3D ( 'NONE', #1458, #2379, #1440 ) ;
#1385 = ORIENTED_EDGE ( 'NONE', *, *, #1739, .T. ) ;
#1386 = PRESENTATION_STYLE_ASSIGNMENT (( #2748 ) ) ;
#1387 = VERTEX_POINT ( 'NONE', #1694 ) ;
#1388 = VECTOR ( 'NONE', #182, 1000.000000000000000 ) ;
#1389 = AXIS2_PLACEMENT_3D ( 'NONE', #633, #2211, #1734 ) ;
#1390 = AXIS2_PLACEMENT_3D ( 'NONE', #2064, #2808, #741 ) ;
#1391 = CARTESIAN_POINT ( 'NONE',  ( 2.741056880455718492, 1.905000000000000027, -2.702191784705270106 ) ) ;
#1392 = DIRECTION ( 'NONE',  ( 0.2745159998572670457, 0.000000000000000000, -0.9615825319869142351 ) ) ;
#1393 =( GEOMETRIC_REPRESENTATION_CONTEXT ( 3 ) GLOBAL_UNCERTAINTY_ASSIGNED_CONTEXT ( ( #134 ) ) GLOBAL_UNIT_ASSIGNED_CONTEXT ( ( #760, #74, #2142 ) ) REPRESENTATION_CONTEXT ( 'NONE', 'WORKASPACE' ) );
#1394 = CARTESIAN_POINT ( 'NONE',  ( 7.500999999999998558, -1.084202172485504434E-16, -3.800000000000000266 ) ) ;
#1395 = PLANE ( 'NONE',  #2290 ) ;
#1396 = ORIENTED_EDGE ( 'NONE', *, *, #1752, .F. ) ;
#1397 = CIRCLE ( 'NONE', #2684, 0.1000000000000000056 ) ;
#1398 = PRESENTATION_LAYER_ASSIGNMENT (  '', '', ( #1768 ) ) ;
#1399 = CARTESIAN_POINT ( 'NONE',  ( 4.887210071214730611, 1.905000000000000027, -2.049190320078301930 ) ) ;
#1401 = FILL_AREA_STYLE ('',( #2291 ) ) ;
#1400 = VECTOR ( 'NONE', #660, 1000.000000000000000 ) ;
#1402 = EDGE_CURVE ( 'NONE', #2593, #292, #548, .T. ) ;
#1403 = LINE ( 'NONE', #435, #2475 ) ;
#1404 = EDGE_CURVE ( 'NONE', #1465, #465, #786, .T. ) ;
#1405 = PLANE ( 'NONE',  #1810 ) ;
#1406 = EDGE_LOOP ( 'NONE', ( #629, #1742, #1144, #2377 ) ) ;
#1407 = CARTESIAN_POINT ( 'NONE',  ( 4.953422408983801262, 1.899999999999999911, -2.398657675439464398 ) ) ;
#1408 = CARTESIAN_POINT ( 'NONE',  ( 1.537779882194698855, -0.1000000000000000472, -0.8000000000000003775 ) ) ;
#1409 = DIRECTION ( 'NONE',  ( -1.000000000000000000, 0.000000000000000000, 0.000000000000000000 ) ) ;
#1410 = DIRECTION ( 'NONE',  ( -0.000000000000000000, -0.000000000000000000, 1.000000000000000000 ) ) ;
#1411 = CARTESIAN_POINT ( 'NONE',  ( 5.716197898665055455, 1.905000000000000027, -2.546461728368874411 ) ) ;
#1412 = ORIENTED_EDGE ( 'NONE', *, *, #938, .T. ) ;
#1413 = DIRECTION ( 'NONE',  ( 1.000000000000000000, 0.000000000000000000, 0.000000000000000000 ) ) ;
#1414 = EDGE_LOOP ( 'NONE', ( #2248, #2277, #2579, #509, #1203, #1674 ) ) ;
#1415 = LINE ( 'NONE', #1196, #2112 ) ;
#1416 = CARTESIAN_POINT ( 'NONE',  ( 0.2500000000000001110, 0.000000000000000000, -0.8000000000000003775 ) ) ;
#1417 = FACE_OUTER_BOUND ( 'NONE', #1297, .T. ) ;
#1418 = LINE ( 'NONE', #731, #422 ) ;
#1419 = VERTEX_POINT ( 'NONE', #341 ) ;
#1420 = FACE_OUTER_BOUND ( 'NONE', #1414, .T. ) ;
#1421 = EDGE_CURVE ( 'NONE', #327, #1826, #1475, .T. ) ;
#1422 = DIRECTION ( 'NONE',  ( 1.000000000000000000, -8.881784197001228658E-16, 0.000000000000000000 ) ) ;
#1423 = CARTESIAN_POINT ( 'NONE',  ( 4.507586455951489768, 1.905000000000000027, -2.049190320078301930 ) ) ;
#1424 = FILL_AREA_STYLE ('',( #307 ) ) ;
#1425 = CARTESIAN_POINT ( 'NONE',  ( 2.839629940447088607, 1.899999999999999911, -2.249597769201114872 ) ) ;
#1426 = ORIENTED_EDGE ( 'NONE', *, *, #1843, .F. ) ;
#1427 = EDGE_CURVE ( 'NONE', #1034, #542, #1957, .T. ) ;
#1428 = FILL_AREA_STYLE ('',( #739 ) ) ;
#1429 = DIRECTION ( 'NONE',  ( -1.000000000000000000, 0.000000000000000000, 6.231556276460858489E-16 ) ) ;
#1430 = AXIS2_PLACEMENT_3D ( 'NONE', #207, #671, #2042 ) ;
#1431 = SURFACE_SIDE_STYLE ('',( #2361 ) ) ;
#1432 = ORIENTED_EDGE ( 'NONE', *, *, #2597, .T. ) ;
#1433 =( GEOMETRIC_REPRESENTATION_CONTEXT ( 3 ) GLOBAL_UNCERTAINTY_ASSIGNED_CONTEXT ( ( #200 ) ) GLOBAL_UNIT_ASSIGNED_CONTEXT ( ( #2226, #2906, #1993 ) ) REPRESENTATION_CONTEXT ( 'NONE', 'WORKASPACE' ) );
#1434 =( NAMED_UNIT ( * ) SI_UNIT ( $, .STERADIAN. ) SOLID_ANGLE_UNIT ( ) );
#1435 = STYLED_ITEM ( 'NONE', ( #1386 ), #699 ) ;
#1436 = EDGE_CURVE ( 'NONE', #1191, #2390, #1245, .T. ) ;
#1437 = CARTESIAN_POINT ( 'NONE',  ( 2.419015307350435240, 1.899999999999999911, -1.895731297701219953 ) ) ;
#1438 = EDGE_LOOP ( 'NONE', ( #323, #922, #2418, #1887 ) ) ;
#1439 = DIRECTION ( 'NONE',  ( 1.000000000000000000, 0.000000000000000000, 0.000000000000000000 ) ) ;
#1440 = DIRECTION ( 'NONE',  ( -0.2746459304916899491, 0.000000000000000000, 0.9615454294334478957 ) ) ;
#1441 = COLOUR_RGB ( '',0.8980392156862745390, 0.9215686274509803377, 0.9294117647058823817 ) ;
#1442 = VECTOR ( 'NONE', #2030, 1000.000000000000000 ) ;
#1443 = VECTOR ( 'NONE', #2758, 1000.000000000000114 ) ;
#1444 = ADVANCED_FACE ( 'NONE', ( #2627 ), #2373, .T. ) ;
#1445 = DIRECTION ( 'NONE',  ( -0.9670745372626464720, -0.2544932992796438698, 0.000000000000000000 ) ) ;
#1446 = CARTESIAN_POINT ( 'NONE',  ( 7.149999999999999467, 0.000000000000000000, -4.599999999999999645 ) ) ;
#1447 = VECTOR ( 'NONE', #583, 1000.000000000000114 ) ;
#1448 = ORIENTED_EDGE ( 'NONE', *, *, #2657, .T. ) ;
#1449 = STYLED_ITEM ( 'NONE', ( #1553 ), #1788 ) ;
#1450 = AXIS2_PLACEMENT_3D ( 'NONE', #1585, #2498, #1662 ) ;
#1451 = DIRECTION ( 'NONE',  ( 0.000000000000000000, -0.2060104810498415984, -0.9785497849867491604 ) ) ;
#1452 = VERTEX_POINT ( 'NONE', #2884 ) ;
#1453 = CARTESIAN_POINT ( 'NONE',  ( 3.234248312693473792, 1.905000000000000027, -1.895731297701219287 ) ) ;
#1454 = ORIENTED_EDGE ( 'NONE', *, *, #2833, .F. ) ;
#1455 = DIRECTION ( 'NONE',  ( 0.000000000000000000, -0.000000000000000000, -1.000000000000000000 ) ) ;
#1456 = ORIENTED_EDGE ( 'NONE', *, *, #2316, .T. ) ;
#1457 = LINE ( 'NONE', #2378, #2105 ) ;
#1458 = CARTESIAN_POINT ( 'NONE',  ( 3.185723168826146257, 1.905000000000000027, -2.249597769201114872 ) ) ;
#1459 = EDGE_CURVE ( 'NONE', #1180, #880, #2159, .T. ) ;
#1460 = CARTESIAN_POINT ( 'NONE',  ( 7.149999999999998579, 1.899999999999999689, -0.1999999999999996503 ) ) ;
#1461 = CARTESIAN_POINT ( 'NONE',  ( 7.149999999999999467, 0.000000000000000000, -3.800000000000000266 ) ) ;
#1462 = ADVANCED_FACE ( 'NONE', ( #1047 ), #1511, .F. ) ;
#1463 =( LENGTH_UNIT ( ) NAMED_UNIT ( * ) SI_UNIT ( .MILLI., .METRE. ) );
#1464 = EDGE_CURVE ( 'NONE', #1066, #1110, #1791, .T. ) ;
#1465 = VERTEX_POINT ( 'NONE', #2203 ) ;
#1466 =( NAMED_UNIT ( * ) PLANE_ANGLE_UNIT ( ) SI_UNIT ( $, .RADIAN. ) );
#1467 = ORIENTED_EDGE ( 'NONE', *, *, #415, .T. ) ;
#1468 = LINE ( 'NONE', #1513, #958 ) ;
#1469 = ORIENTED_EDGE ( 'NONE', *, *, #2270, .T. ) ;
#1470 = DIRECTION ( 'NONE',  ( 0.2493773340269082317, -0.9476338693022512416, -0.1995018672215262967 ) ) ;
#1471 = PLANE ( 'NONE',  #1384 ) ;
#1472 = DIRECTION ( 'NONE',  ( 1.000000000000000000, 0.000000000000000000, -0.000000000000000000 ) ) ;
#1473 = LINE ( 'NONE', #2383, #377 ) ;
#1474 = EDGE_CURVE ( 'NONE', #2104, #20, #159, .T. ) ;
#1475 = LINE ( 'NONE', #2385, #901 ) ;
#1476 = ORIENTED_EDGE ( 'NONE', *, *, #2161, .F. ) ;
#1477 =( GEOMETRIC_REPRESENTATION_CONTEXT ( 3 ) GLOBAL_UNCERTAINTY_ASSIGNED_CONTEXT ( ( #847 ) ) GLOBAL_UNIT_ASSIGNED_CONTEXT ( ( #2778, #1179, #2439 ) ) REPRESENTATION_CONTEXT ( 'NONE', 'WORKASPACE' ) );
#1478 = ORIENTED_EDGE ( 'NONE', *, *, #1825, .T. ) ;
#1479 = CARTESIAN_POINT ( 'NONE',  ( 3.760725431349892567, 1.899999999999999911, -2.702191784705270106 ) ) ;
#1480 = ORIENTED_EDGE ( 'NONE', *, *, #2316, .F. ) ;
#1481 = DIRECTION ( 'NONE',  ( -0.000000000000000000, -1.000000000000000000, -0.000000000000000000 ) ) ;
#1482 = VERTEX_POINT ( 'NONE', #868 ) ;
#1483 = VECTOR ( 'NONE', #1375, 1000.000000000000000 ) ;
#1484 = LINE ( 'NONE', #544, #2102 ) ;
#1485 = MECHANICAL_DESIGN_GEOMETRIC_PRESENTATION_REPRESENTATION (  '', ( #2434 ), #997 ) ;
#1486 = DIRECTION ( 'NONE',  ( 0.2793947940878285796, 0.000000000000000000, -0.9601763114327596105 ) ) ;
#1487 = VECTOR ( 'NONE', #620, 1000.000000000000114 ) ;
#1488 =( GEOMETRIC_REPRESENTATION_CONTEXT ( 3 ) GLOBAL_UNCERTAINTY_ASSIGNED_CONTEXT ( ( #2214 ) ) GLOBAL_UNIT_ASSIGNED_CONTEXT ( ( #2174, #314, #806 ) ) REPRESENTATION_CONTEXT ( 'NONE', 'WORKASPACE' ) );
#1489 = EDGE_CURVE ( 'NONE', #2016, #2500, #148, .T. ) ;
#1490 = VECTOR ( 'NONE', #2565, 1000.000000000000227 ) ;
#1491 = DIRECTION ( 'NONE',  ( -0.000000000000000000, -1.000000000000000000, -0.000000000000000000 ) ) ;
#1492 = CARTESIAN_POINT ( 'NONE',  ( 4.139541785171634736, 1.899999999999999911, -2.617159370927629070 ) ) ;
#1493 = SURFACE_STYLE_FILL_AREA ( #1671 ) ;
#1494 = ADVANCED_FACE ( 'NONE', ( #1589 ), #2012, .F. ) ;
#1495 = VERTEX_POINT ( 'NONE', #878 ) ;
#1496 = PRESENTATION_STYLE_ASSIGNMENT (( #1959 ) ) ;
#1497 = EDGE_LOOP ( 'NONE', ( #446, #1124, #2656, #986 ) ) ;
#1498 = ORIENTED_EDGE ( 'NONE', *, *, #765, .T. ) ;
#1499 = DIRECTION ( 'NONE',  ( 0.000000000000000000, -0.000000000000000000, -1.000000000000000000 ) ) ;
#1500 =( NAMED_UNIT ( * ) PLANE_ANGLE_UNIT ( ) SI_UNIT ( $, .RADIAN. ) );
#1501 = LINE ( 'NONE', #2643, #2389 ) ;
#1502 = ORIENTED_EDGE ( 'NONE', *, *, #603, .T. ) ;
#1503 = DIRECTION ( 'NONE',  ( -0.000000000000000000, -1.000000000000000000, -0.000000000000000000 ) ) ;
#1504 = ORIENTED_EDGE ( 'NONE', *, *, #1474, .F. ) ;
#1505 = CARTESIAN_POINT ( 'NONE',  ( 2.173635845982745174, 1.905000000000000027, -1.895731297701220175 ) ) ;
#1506 = VERTEX_POINT ( 'NONE', #2687 ) ;
#1507 = LINE ( 'NONE', #631, #1527 ) ;
#1508 = LINE ( 'NONE', #1774, #1339 ) ;
#1509 = FILL_AREA_STYLE_COLOUR ( '', #1181 ) ;
#1510 =( NAMED_UNIT ( * ) SI_UNIT ( $, .STERADIAN. ) SOLID_ANGLE_UNIT ( ) );
#1511 = PLANE ( 'NONE',  #2970 ) ;
#1512 = ORIENTED_EDGE ( 'NONE', *, *, #2161, .T. ) ;
#1513 = CARTESIAN_POINT ( 'NONE',  ( 1.537779882194698855, -3.192222914327899506E-17, -3.800000000000000266 ) ) ;
#1514 = VERTEX_POINT ( 'NONE', #2489 ) ;
#1515 = ORIENTED_EDGE ( 'NONE', *, *, #581, .F. ) ;
#1516 = ADVANCED_FACE ( 'NONE', ( #2709 ), #2024, .F. ) ;
#1517 = VECTOR ( 'NONE', #449, 1000.000000000000114 ) ;
#1518 = ORIENTED_EDGE ( 'NONE', *, *, #1808, .F. ) ;
#1519 = PRESENTATION_STYLE_ASSIGNMENT (( #1946 ) ) ;
#1520 =( NAMED_UNIT ( * ) PLANE_ANGLE_UNIT ( ) SI_UNIT ( $, .RADIAN. ) );
#1521 = LINE ( 'NONE', #1776, #2339 ) ;
#1522 = PRESENTATION_LAYER_ASSIGNMENT (  '', '', ( #274 ) ) ;
#1523 = EDGE_CURVE ( 'NONE', #2272, #1108, #1570, .T. ) ;
#1524 = COLOUR_RGB ( '',0.8980392156862745390, 0.9215686274509803377, 0.9294117647058823817 ) ;
#1525 = VECTOR ( 'NONE', #2018, 1000.000000000000114 ) ;
#1526 = UNCERTAINTY_MEASURE_WITH_UNIT (LENGTH_MEASURE( 1.000000000000000082E-05 ), #736, 'distance_accuracy_value', 'NONE');
#1527 = VECTOR ( 'NONE', #128, 1000.000000000000000 ) ;
#1528 = VECTOR ( 'NONE', #2108, 1000.000000000000227 ) ;
#1529 = VECTOR ( 'NONE', #116, 1000.000000000000000 ) ;
#1530 = CARTESIAN_POINT ( 'NONE',  ( 2.613988843316547239, 1.905000000000000027, -2.702191784705270106 ) ) ;
#1531 = LINE ( 'NONE', #1086, #1757 ) ;
#1532 =( GEOMETRIC_REPRESENTATION_CONTEXT ( 3 ) GLOBAL_UNCERTAINTY_ASSIGNED_CONTEXT ( ( #2939 ) ) GLOBAL_UNIT_ASSIGNED_CONTEXT ( ( #1463, #2400, #2625 ) ) REPRESENTATION_CONTEXT ( 'NONE', 'WORKASPACE' ) );
#1533 = VECTOR ( 'NONE', #1827, 1000.000000000000114 ) ;
#1534 = VERTEX_POINT ( 'NONE', #2470 ) ;
#1535 = ORIENTED_EDGE ( 'NONE', *, *, #2995, .F. ) ;
#1536 = CARTESIAN_POINT ( 'NONE',  ( 3.417282441482504041, 1.905000000000000027, -2.702191784705270106 ) ) ;
#1537 = EDGE_LOOP ( 'NONE', ( #2250, #1504, #1163, #318 ) ) ;
#1538 = DIRECTION ( 'NONE',  ( 0.9610348236706633962, -0.000000000000000000, 0.2764273280489774609 ) ) ;
#1539 = DIRECTION ( 'NONE',  ( 1.000000000000000000, 0.000000000000000000, 0.000000000000000000 ) ) ;
#1540 = LINE ( 'NONE', #2010, #72 ) ;
#1541 = UNCERTAINTY_MEASURE_WITH_UNIT (LENGTH_MEASURE( 1.000000000000000082E-05 ), #283, 'distance_accuracy_value', 'NONE');
#1542 = EDGE_CURVE ( 'NONE', #1387, #2474, #413, .T. ) ;
#1543 = CARTESIAN_POINT ( 'NONE',  ( 7.399999999999999467, 0.04031830238726778065, -0.1915119363395222651 ) ) ;
#1544 = EDGE_CURVE ( 'NONE', #687, #292, #836, .T. ) ;
#1545 = CARTESIAN_POINT ( 'NONE',  ( 3.336842861889568024, 1.905000000000000027, -2.702191784705270106 ) ) ;
#1546 =( LENGTH_UNIT ( ) NAMED_UNIT ( * ) SI_UNIT ( .MILLI., .METRE. ) );
#1547 = DIRECTION ( 'NONE',  ( 0.000000000000000000, 0.000000000000000000, 1.000000000000000000 ) ) ;
#1548 = VERTEX_POINT ( 'NONE', #2503 ) ;
#1549 = FACE_OUTER_BOUND ( 'NONE', #348, .T. ) ;
#1550 = VERTEX_POINT ( 'NONE', #190 ) ;
#1551 =( NAMED_UNIT ( * ) SI_UNIT ( $, .STERADIAN. ) SOLID_ANGLE_UNIT ( ) );
#1552 = CARTESIAN_POINT ( 'NONE',  ( 5.308353103673311146, 1.905000000000000027, -1.895731297701220397 ) ) ;
#1553 = PRESENTATION_STYLE_ASSIGNMENT (( #188 ) ) ;
#1554 = UNCERTAINTY_MEASURE_WITH_UNIT (LENGTH_MEASURE( 1.000000000000000082E-05 ), #1730, 'distance_accuracy_value', 'NONE');
#1555 = EDGE_CURVE ( 'NONE', #1387, #257, #1322, .T. ) ;
#1556 = DIRECTION ( 'NONE',  ( -0.000000000000000000, -1.000000000000000000, -0.000000000000000000 ) ) ;
#1557 = CARTESIAN_POINT ( 'NONE',  ( 2.005851497339631528, 1.905000000000000027, -2.358285853762934536 ) ) ;
#1558 = EDGE_CURVE ( 'NONE', #2006, #2435, #2954, .T. ) ;
#1559 = ORIENTED_EDGE ( 'NONE', *, *, #2919, .T. ) ;
#1560 = EDGE_LOOP ( 'NONE', ( #285, #768, #2285, #471 ) ) ;
#1561 = DIRECTION ( 'NONE',  ( -0.000000000000000000, -0.000000000000000000, 1.000000000000000000 ) ) ;
#1562 = EDGE_LOOP ( 'NONE', ( #1932, #2547, #988, #1222, #1104, #120, #1890, #2522, #315, #2462, #429, #950 ) ) ;
#1563 = DIRECTION ( 'NONE',  ( -1.000000000000000000, 0.000000000000000000, 0.000000000000000000 ) ) ;
#1564 = LINE ( 'NONE', #676, #1388 ) ;
#1565 = CARTESIAN_POINT ( 'NONE',  ( 3.543701856940162376, 1.899999999999999911, -1.895731297701219953 ) ) ;
#1566 = DIRECTION ( 'NONE',  ( 1.000000000000000000, 0.000000000000000000, -0.000000000000000000 ) ) ;
#1567 = CIRCLE ( 'NONE', #2716, 0.1000000000000002554 ) ;
#1568 =( LENGTH_UNIT ( ) NAMED_UNIT ( * ) SI_UNIT ( .MILLI., .METRE. ) );
#1569 = AXIS2_PLACEMENT_3D ( 'NONE', #1185, #2996, #1355 ) ;
#1570 = LINE ( 'NONE', #607, #1863 ) ;
#1571 = VECTOR ( 'NONE', #183, 1000.000000000000000 ) ;
#1572 = DIRECTION ( 'NONE',  ( -0.000000000000000000, -1.000000000000000000, -0.000000000000000000 ) ) ;
#1573 = STYLED_ITEM ( 'NONE', ( #1759 ), #1168 ) ;
#1574 = EDGE_CURVE ( 'NONE', #2315, #1452, #1982, .T. ) ;
#1575 = VECTOR ( 'NONE', #2257, 1000.000000000000000 ) ;
#1576 = AXIS2_PLACEMENT_3D ( 'NONE', #1766, #2001, #388 ) ;
#1577 = VERTEX_POINT ( 'NONE', #851 ) ;
#1578 = SURFACE_STYLE_FILL_AREA ( #656 ) ;
#1579 = ORIENTED_EDGE ( 'NONE', *, *, #2388, .F. ) ;
#1580 = ADVANCED_FACE ( 'NONE', ( #890 ), #1085, .F. ) ;
#1581 = VECTOR ( 'NONE', #10, 1000.000000000000000 ) ;
#1582 = STYLED_ITEM ( 'NONE', ( #380 ), #2045 ) ;
#1583 = FACE_OUTER_BOUND ( 'NONE', #613, .T. ) ;
#1584 = LINE ( 'NONE', #2307, #119 ) ;
#1585 = CARTESIAN_POINT ( 'NONE',  ( 7.400999999999998913, 0.8499999999999998668, -3.800000000000000266 ) ) ;
#1586 = ORIENTED_EDGE ( 'NONE', *, *, #113, .F. ) ;
#1587 = PRESENTATION_STYLE_ASSIGNMENT (( #2662 ) ) ;
#1588 = CARTESIAN_POINT ( 'NONE',  ( 4.564799487016718338, 1.899999999999999911, -2.249597769199492170 ) ) ;
#1589 = FACE_OUTER_BOUND ( 'NONE', #269, .T. ) ;
#1590 = DIRECTION ( 'NONE',  ( -0.9612934544747575583, 0.000000000000000000, -0.2755265765475036210 ) ) ;
#1591 = ORIENTED_EDGE ( 'NONE', *, *, #2807, .T. ) ;
#1592 = DIRECTION ( 'NONE',  ( -0.2762517575165896466, 0.000000000000000000, 0.9610853065513982330 ) ) ;
#1593 = VERTEX_POINT ( 'NONE', #1804 ) ;
#1594 = EDGE_CURVE ( 'NONE', #2065, #327, #670, .T. ) ;
#1595 = LINE ( 'NONE', #2751, #1627 ) ;
#1596 = LINE ( 'NONE', #1423, #2343 ) ;
#1597 = DIRECTION ( 'NONE',  ( -0.2732148821745548073, 0.000000000000000000, 0.9619530280415691248 ) ) ;
#1598 = ORIENTED_EDGE ( 'NONE', *, *, #1972, .T. ) ;
#1599 = DIRECTION ( 'NONE',  ( 1.000000000000000000, -1.017195236304267233E-16, 0.000000000000000000 ) ) ;
#1600 = ORIENTED_EDGE ( 'NONE', *, *, #421, .F. ) ;
#1601 = ADVANCED_FACE ( 'NONE', ( #625 ), #136, .T. ) ;
#1602 = CARTESIAN_POINT ( 'NONE',  ( 1.874804917271859050, 1.905000000000000027, -2.702191784705270550 ) ) ;
#1603 = CARTESIAN_POINT ( 'NONE',  ( 7.149999999999999467, 0.000000000000000000, -4.599999999999999645 ) ) ;
#1604 = CARTESIAN_POINT ( 'NONE',  ( 5.265720420744335328, 1.905000000000000027, -2.546479257459596024 ) ) ;
#1605 = CARTESIAN_POINT ( 'NONE',  ( 7.400999999999998913, -1.884461857322079048E-16, -0.8000000000000003775 ) ) ;
#1606 = MANIFOLD_SOLID_BREP ( 'Boss-Extrude5', #2034 ) ;
#1607 = VERTEX_POINT ( 'NONE', #2340 ) ;
#1608 = CARTESIAN_POINT ( 'NONE',  ( 4.015460696978008670, 1.899999999999999911, -2.702191784705270106 ) ) ;
#1609 = ORIENTED_EDGE ( 'NONE', *, *, #1544, .T. ) ;
#1610 = DIRECTION ( 'NONE',  ( -0.000000000000000000, -1.000000000000000000, -0.000000000000000000 ) ) ;
#1611 = LINE ( 'NONE', #2331, #2043 ) ;
#1612 = DIRECTION ( 'NONE',  ( -6.687102215165528384E-19, 1.000000000000000000, 0.000000000000000000 ) ) ;
#1613 = DIRECTION ( 'NONE',  ( -1.000000000000000000, 0.000000000000000000, 0.000000000000000000 ) ) ;
#1614 = VERTEX_POINT ( 'NONE', #1416 ) ;
#1615 = ADVANCED_FACE ( 'NONE', ( #206 ), #483, .F. ) ;
#1616 = DIRECTION ( 'NONE',  ( 1.000000000000000000, 0.000000000000000000, 0.000000000000000000 ) ) ;
#1617 = DIRECTION ( 'NONE',  ( -1.000000000000000000, 0.000000000000000000, 0.000000000000000000 ) ) ;
#1618 = EDGE_CURVE ( 'NONE', #466, #1110, #460, .T. ) ;
#1619 = AXIS2_PLACEMENT_3D ( 'NONE', #2689, #1547, #2178 ) ;
#1620 = VECTOR ( 'NONE', #2245, 1000.000000000000000 ) ;
#1621 = DIRECTION ( 'NONE',  ( 0.2755520632520480628, -0.000000000000000000, -0.9612861490927346875 ) ) ;
#1622 = VECTOR ( 'NONE', #2985, 999.9999999999998863 ) ;
#1623 = AXIS2_PLACEMENT_3D ( 'NONE', #105, #808, #2868 ) ;
#1624 = FACE_OUTER_BOUND ( 'NONE', #2190, .T. ) ;
#1625 = ORIENTED_EDGE ( 'NONE', *, *, #1690, .F. ) ;
#1626 = CARTESIAN_POINT ( 'NONE',  ( 4.564799487016718338, 1.905000000000000027, -2.249597769199492170 ) ) ;
#1627 = VECTOR ( 'NONE', #2960, 1000.000000000000000 ) ;
#1628 = VECTOR ( 'NONE', #2787, 1000.000000000000000 ) ;
#1629 = CARTESIAN_POINT ( 'NONE',  ( 5.862220117805299502, -0.1000000000000000472, -3.800000000000000266 ) ) ;
#1630 = DIRECTION ( 'NONE',  ( 0.000000000000000000, 0.000000000000000000, 1.000000000000000000 ) ) ;
#1631 = VECTOR ( 'NONE', #401, 1000.000000000000000 ) ;
#1632 = CARTESIAN_POINT ( 'NONE',  ( 5.078623117886716720, 1.905000000000000027, -1.895731297701220397 ) ) ;
#1633 = CARTESIAN_POINT ( 'NONE',  ( 1.643042118063711143, 1.905000000000000027, -1.895731297701219953 ) ) ;
#1634 = VERTEX_POINT ( 'NONE', #2992 ) ;
#1635 = ORIENTED_EDGE ( 'NONE', *, *, #251, .T. ) ;
#1636 = CARTESIAN_POINT ( 'NONE',  ( 2.782519898721566687, 1.905000000000000027, -2.049160894554300949 ) ) ;
#1637 = ORIENTED_EDGE ( 'NONE', *, *, #1727, .T. ) ;
#1638 = ADVANCED_FACE ( 'NONE', ( #1381 ), #1166, .F. ) ;
#1639 = DIRECTION ( 'NONE',  ( 0.2732148821745548073, 0.000000000000000000, -0.9619530280415691248 ) ) ;
#1640 = EDGE_CURVE ( 'NONE', #2854, #687, #1178, .T. ) ;
#1641 = CARTESIAN_POINT ( 'NONE',  ( 2.005851497339631528, 1.905000000000000027, -2.358285853762934536 ) ) ;
#1642 = ADVANCED_FACE ( 'NONE', ( #281 ), #1201, .F. ) ;
#1643 = CARTESIAN_POINT ( 'NONE',  ( 4.607334084859068923, 1.899999999999999911, -2.398657675439463954 ) ) ;
#1644 = ORIENTED_EDGE ( 'NONE', *, *, #333, .T. ) ;
#1645 = DIRECTION ( 'NONE',  ( 1.000000000000000000, 0.000000000000000000, 0.000000000000000000 ) ) ;
#1646 = DIRECTION ( 'NONE',  ( 0.000000000000000000, -1.000000000000000000, 0.000000000000000000 ) ) ;
#1647 = FACE_OUTER_BOUND ( 'NONE', #539, .T. ) ;
#1648 = FACE_OUTER_BOUND ( 'NONE', #681, .T. ) ;
#1649 = CARTESIAN_POINT ( 'NONE',  ( 5.308353103673311146, 1.905000000000000027, -1.895731297701220397 ) ) ;
#1650 = ORIENTED_EDGE ( 'NONE', *, *, #877, .F. ) ;
#1651 = LINE ( 'NONE', #697, #1194 ) ;
#1652 = CARTESIAN_POINT ( 'NONE',  ( 5.020546938059225361, 1.905000000000000027, -2.547619496592405497 ) ) ;
#1653 = CARTESIAN_POINT ( 'NONE',  ( 1.537779882194698855, -3.192222914327899506E-17, -3.800000000000000266 ) ) ;
#1654 = DIRECTION ( 'NONE',  ( 0.2762437428917398630, 0.000000000000000000, -0.9610876102172799529 ) ) ;
#1655 = ADVANCED_FACE ( 'NONE', ( #2805 ), #1667, .T. ) ;
#1656 = FILL_AREA_STYLE ('',( #2103 ) ) ;
#1657 = ORIENTED_EDGE ( 'NONE', *, *, #2459, .T. ) ;
#1658 = FILL_AREA_STYLE_COLOUR ( '', #2721 ) ;
#1659 = EDGE_CURVE ( 'NONE', #2014, #1593, #560, .T. ) ;
#1660 = LINE ( 'NONE', #2812, #2349 ) ;
#1661 = ORIENTED_EDGE ( 'NONE', *, *, #1094, .F. ) ;
#1662 = DIRECTION ( 'NONE',  ( 1.000000000000000000, 0.000000000000000000, 0.000000000000000000 ) ) ;
#1663 = CARTESIAN_POINT ( 'NONE',  ( 5.265720420744336217, 1.899999999999999911, -2.546479257459596024 ) ) ;
#1664 = ORIENTED_EDGE ( 'NONE', *, *, #1366, .T. ) ;
#1665 = SURFACE_STYLE_FILL_AREA ( #1428 ) ;
#1666 = CARTESIAN_POINT ( 'NONE',  ( -0.1009999999999998260, -0.1000000000000000472, -3.800000000000000266 ) ) ;
#1667 = PLANE ( 'NONE',  #619 ) ;
#1668 = ORIENTED_EDGE ( 'NONE', *, *, #2750, .T. ) ;
#1669 = EDGE_LOOP ( 'NONE', ( #573, #2452, #1586, #895 ) ) ;
#1670 = ADVANCED_FACE ( 'NONE', ( #525 ), #312, .F. ) ;
#1671 = FILL_AREA_STYLE ('',( #1220 ) ) ;
#1672 = PRESENTATION_LAYER_ASSIGNMENT (  '', '', ( #2434 ) ) ;
#1673 = DIRECTION ( 'NONE',  ( -0.2763173343570161089, 0.000000000000000000, 0.9610664548998850698 ) ) ;
#1674 = ORIENTED_EDGE ( 'NONE', *, *, #1692, .T. ) ;
#1675 = ADVANCED_FACE ( 'NONE', ( #2882 ), #2371, .T. ) ;
#1676 = DIRECTION ( 'NONE',  ( -0.2763173343570161089, 0.000000000000000000, 0.9610664548998850698 ) ) ;
#1677 = DIRECTION ( 'NONE',  ( -0.9670745372626463610, 0.2544932992796440918, 0.000000000000000000 ) ) ;
#1678 = VECTOR ( 'NONE', #795, 1000.000000000000000 ) ;
#1679 = STYLED_ITEM ( 'NONE', ( #2801 ), #2354 ) ;
#1680 = AXIS2_PLACEMENT_3D ( 'NONE', #2258, #649, #2896 ) ;
#1681 = DIRECTION ( 'NONE',  ( 1.000000000000000000, 0.000000000000000000, -0.000000000000000000 ) ) ;
#1682 = DIRECTION ( 'NONE',  ( 1.000000000000000000, -0.000000000000000000, 8.836943128348284424E-16 ) ) ;
#1683 = FILL_AREA_STYLE_COLOUR ( '', #2972 ) ;
#1684 = ORIENTED_EDGE ( 'NONE', *, *, #2811, .T. ) ;
#1685 = DIRECTION ( 'NONE',  ( -0.000000000000000000, -1.000000000000000000, -0.000000000000000000 ) ) ;
#1686 = ORIENTED_EDGE ( 'NONE', *, *, #1156, .F. ) ;
#1687 = LINE ( 'NONE', #1221, #907 ) ;
#1688 = ORIENTED_EDGE ( 'NONE', *, *, #2811, .F. ) ;
#1689 = LINE ( 'NONE', #2605, #899 ) ;
#1690 = EDGE_CURVE ( 'NONE', #2943, #1066, #70, .T. ) ;
#1691 = LINE ( 'NONE', #1934, #1678 ) ;
#1692 = EDGE_CURVE ( 'NONE', #1614, #420, #1029, .T. ) ;
#1693 = PRESENTATION_STYLE_ASSIGNMENT (( #2173 ) ) ;
#1694 = CARTESIAN_POINT ( 'NONE',  ( 2.104431913717434988, 1.905000000000000027, -2.702191784705270106 ) ) ;
#1695 = ORIENTED_EDGE ( 'NONE', *, *, #2711, .F. ) ;
#1696 = LINE ( 'NONE', #763, #2147 ) ;
#1697 = ORIENTED_EDGE ( 'NONE', *, *, #547, .F. ) ;
#1698 = CARTESIAN_POINT ( 'NONE',  ( 2.348590215755867572, 1.905000000000000027, -2.702191784705270106 ) ) ;
#1699 = ORIENTED_EDGE ( 'NONE', *, *, #2708, .T. ) ;
#1700 = LINE ( 'NONE', #39, #329 ) ;
#1701 = CARTESIAN_POINT ( 'NONE',  ( 1.874804917271859050, 1.905000000000000027, -2.702191784705270550 ) ) ;
#1702 = CYLINDRICAL_SURFACE ( 'NONE', #2977, 0.1000000000000000056 ) ;
#1703 = DIRECTION ( 'NONE',  ( 1.677931933608518861E-16, -1.000000000000000000, 0.000000000000000000 ) ) ;
#1704 = ADVANCED_FACE ( 'NONE', ( #774 ), #546, .F. ) ;
#1705 = CARTESIAN_POINT ( 'NONE',  ( 1.997869822764845260, 1.905000000000000027, -2.333617454457363127 ) ) ;
#1706 = ORIENTED_EDGE ( 'NONE', *, *, #2456, .F. ) ;
#1707 = VECTOR ( 'NONE', #1323, 1000.000000000000000 ) ;
#1708 = VECTOR ( 'NONE', #2011, 1000.000000000000114 ) ;
#1709 = ORIENTED_EDGE ( 'NONE', *, *, #2294, .T. ) ;
#1710 = DIRECTION ( 'NONE',  ( 6.687102215165528384E-19, 1.000000000000000000, 0.000000000000000000 ) ) ;
#1711 = ORIENTED_EDGE ( 'NONE', *, *, #2626, .T. ) ;
#1712 = SURFACE_STYLE_USAGE ( .BOTH. , #1023 ) ;
#1713 = FACE_OUTER_BOUND ( 'NONE', #2217, .T. ) ;
#1714 = ORIENTED_EDGE ( 'NONE', *, *, #1039, .T. ) ;
#1715 = CARTESIAN_POINT ( 'NONE',  ( 2.925812401867613932, 1.899999999999999911, -2.548686171911270559 ) ) ;
#1716 = CARTESIAN_POINT ( 'NONE',  ( 3.185723168826146257, 1.905000000000000027, -2.249597769201114872 ) ) ;
#1717 = SURFACE_STYLE_FILL_AREA ( #557 ) ;
#1718 = SURFACE_SIDE_STYLE ('',( #1853 ) ) ;
#1719 = VECTOR ( 'NONE', #260, 1000.000000000000000 ) ;
#1720 = AXIS2_PLACEMENT_3D ( 'NONE', #2336, #1893, #297 ) ;
#1721 = AXIS2_PLACEMENT_3D ( 'NONE', #1187, #1646, #1455 ) ;
#1722 = CARTESIAN_POINT ( 'NONE',  ( 7.399999999999999467, 0.9500000000000000666, -4.599999999999999645 ) ) ;
#1723 = AXIS2_PLACEMENT_3D ( 'NONE', #1653, #2520, #2745 ) ;
#1724 = VECTOR ( 'NONE', #27, 1000.000000000000000 ) ;
#1725 = CARTESIAN_POINT ( 'NONE',  ( 1.872362597965852693, 1.899999999999999911, -1.895731297701220397 ) ) ;
#1726 = LINE ( 'NONE', #2176, #1996 ) ;
#1727 = EDGE_CURVE ( 'NONE', #1191, #1767, #1473, .T. ) ;
#1728 = ORIENTED_EDGE ( 'NONE', *, *, #1427, .T. ) ;
#1729 = ORIENTED_EDGE ( 'NONE', *, *, #353, .F. ) ;
#1730 =( LENGTH_UNIT ( ) NAMED_UNIT ( * ) SI_UNIT ( .MILLI., .METRE. ) );
#1731 = PLANE ( 'NONE',  #559 ) ;
#1732 = ORIENTED_EDGE ( 'NONE', *, *, #2626, .F. ) ;
#1733 = DIRECTION ( 'NONE',  ( 0.2793947940814920927, 0.000000000000000000, -0.9601763114346034689 ) ) ;
#1734 = DIRECTION ( 'NONE',  ( -1.000000000000000000, 0.000000000000000000, -0.000000000000000000 ) ) ;
#1735 =( NAMED_UNIT ( * ) PLANE_ANGLE_UNIT ( ) SI_UNIT ( $, .RADIAN. ) );
#1736 = CARTESIAN_POINT ( 'NONE',  ( 0.000000000000000000, 1.905000000000000027, 0.000000000000000000 ) ) ;
#1737 = CARTESIAN_POINT ( 'NONE',  ( 2.839629940447088607, 1.905000000000000027, -2.249597769201114872 ) ) ;
#1738 =( NAMED_UNIT ( * ) SI_UNIT ( $, .STERADIAN. ) SOLID_ANGLE_UNIT ( ) );
#1739 = EDGE_CURVE ( 'NONE', #2914, #1051, #325, .T. ) ;
#1740 = ORIENTED_EDGE ( 'NONE', *, *, #400, .F. ) ;
#1741 = CARTESIAN_POINT ( 'NONE',  ( 3.583946168008536937, 1.905000000000000027, -2.613701871623553163 ) ) ;
#1742 = ORIENTED_EDGE ( 'NONE', *, *, #2675, .F. ) ;
#1743 = LINE ( 'NONE', #1065, #1184 ) ;
#1744 = ADVANCED_FACE ( 'NONE', ( #605 ), #849, .F. ) ;
#1745 = DIRECTION ( 'NONE',  ( -0.2544932992796438143, -0.9670745372626463610, 0.000000000000000000 ) ) ;
#1746 = PLANE ( 'NONE',  #2821 ) ;
#1747 = FACE_OUTER_BOUND ( 'NONE', #1264, .T. ) ;
#1748 = PLANE ( 'NONE',  #2913 ) ;
#1749 = CARTESIAN_POINT ( 'NONE',  ( 4.650981948435314983, 1.899999999999999911, -2.548659198511568746 ) ) ;
#1750 = CARTESIAN_POINT ( 'NONE',  ( 4.015460696978008670, 1.905000000000000027, -2.702191784705270106 ) ) ;
#1751 = EDGE_LOOP ( 'NONE', ( #1053, #243, #2028, #2523 ) ) ;
#1752 = EDGE_CURVE ( 'NONE', #924, #220, #2240, .T. ) ;
#1753 = VERTEX_POINT ( 'NONE', #2938 ) ;
#1754 = SURFACE_STYLE_FILL_AREA ( #839 ) ;
#1755 = EDGE_LOOP ( 'NONE', ( #2068, #1943, #236, #81 ) ) ;
#1756 = DIRECTION ( 'NONE',  ( 0.000000000000000000, 0.000000000000000000, -1.000000000000000000 ) ) ;
#1757 = VECTOR ( 'NONE', #1368, 1000.000000000000000 ) ;
#1758 = ADVANCED_FACE ( 'NONE', ( #876 ), #367, .F. ) ;
#1759 = PRESENTATION_STYLE_ASSIGNMENT (( #520 ) ) ;
#1760 = CARTESIAN_POINT ( 'NONE',  ( 1.537779882194698855, -3.192222914327899506E-17, -0.8000000000000003775 ) ) ;
#1761 = FACE_OUTER_BOUND ( 'NONE', #1975, .T. ) ;
#1762 = VECTOR ( 'NONE', #2027, 1000.000000000000000 ) ;
#1763 = FACE_BOUND ( 'NONE', #695, .T. ) ;
#1764 = STYLED_ITEM ( 'NONE', ( #2381 ), #2007 ) ;
#1765 = COLOUR_RGB ( '',0.8980392156862745390, 0.9215686274509803377, 0.9294117647058823817 ) ;
#1766 = CARTESIAN_POINT ( 'NONE',  ( 5.716197898665055455, 1.905000000000000027, -2.546461728368874411 ) ) ;
#1767 = VERTEX_POINT ( 'NONE', #1287 ) ;
#1768 = STYLED_ITEM ( 'NONE', ( #1997 ), #1744 ) ;
#1769 = VECTOR ( 'NONE', #452, 1000.000000000000114 ) ;
#1770 = VERTEX_POINT ( 'NONE', #2685 ) ;
#1771 = LINE ( 'NONE', #1536, #324 ) ;
#1772 = ORIENTED_EDGE ( 'NONE', *, *, #2883, .F. ) ;
#1773 = CARTESIAN_POINT ( 'NONE',  ( 1.643042118063711143, 1.905000000000000027, -1.895731297701219953 ) ) ;
#1774 = CARTESIAN_POINT ( 'NONE',  ( 3.729711267094204530, 1.905000000000000027, -2.126046051043519736 ) ) ;
#1775 = PLANE ( 'NONE',  #2822 ) ;
#1776 = CARTESIAN_POINT ( 'NONE',  ( 7.400999999999998913, 0.9499999999999998446, -3.800000000000000266 ) ) ;
#1777 = UNCERTAINTY_MEASURE_WITH_UNIT (LENGTH_MEASURE( 1.000000000000000082E-05 ), #97, 'distance_accuracy_value', 'NONE');
#1778 = EDGE_CURVE ( 'NONE', #2994, #1305, #2952, .T. ) ;
#1779 = CARTESIAN_POINT ( 'NONE',  ( 2.741056880455718492, 1.905000000000000027, -2.702191784705270106 ) ) ;
#1780 = EDGE_CURVE ( 'NONE', #2854, #2593, #1307, .T. ) ;
#1781 = DIRECTION ( 'NONE',  ( 0.2763139702539123554, 0.000000000000000000, -0.9610674221107070592 ) ) ;
#1782 = DIRECTION ( 'NONE',  ( -0.2755265765475036210, 0.000000000000000000, 0.9612934544747575583 ) ) ;
#1783 = ORIENTED_EDGE ( 'NONE', *, *, #1464, .F. ) ;
#1784 = ORIENTED_EDGE ( 'NONE', *, *, #1969, .F. ) ;
#1785 = CARTESIAN_POINT ( 'NONE',  ( 7.500999999999998558, 0.8499999999999998668, -3.800000000000000266 ) ) ;
#1786 = PRESENTATION_STYLE_ASSIGNMENT (( #600 ) ) ;
#1787 = CARTESIAN_POINT ( 'NONE',  ( 3.760725431349892567, 1.905000000000000027, -2.702191784705270106 ) ) ;
#1788 = ADVANCED_FACE ( 'NONE', ( #410, #1071, #2907, #1763 ), #623, .F. ) ;
#1789 = UNCERTAINTY_MEASURE_WITH_UNIT (LENGTH_MEASURE( 1.000000000000000082E-05 ), #1213, 'distance_accuracy_value', 'NONE');
#1790 = EDGE_CURVE ( 'NONE', #2154, #1482, #1415, .T. ) ;
#1791 = LINE ( 'NONE', #2928, #284 ) ;
#1792 = CARTESIAN_POINT ( 'NONE',  ( 3.758697010579060915, 1.905000000000000027, -1.895731297701219953 ) ) ;
#1793 = ORIENTED_EDGE ( 'NONE', *, *, #1594, .T. ) ;
#1794 = VERTEX_POINT ( 'NONE', #957 ) ;
#1795 = DIRECTION ( 'NONE',  ( -0.2493773340269084815, -0.9476338693022512416, -0.1995018672215262689 ) ) ;
#1796 = DIRECTION ( 'NONE',  ( -1.000000000000000000, 0.000000000000000000, 0.000000000000000000 ) ) ;
#1797 = DIRECTION ( 'NONE',  ( -0.000000000000000000, -0.000000000000000000, -1.000000000000000000 ) ) ;
#1798 = DIRECTION ( 'NONE',  ( -0.000000000000000000, -1.000000000000000000, -0.000000000000000000 ) ) ;
#1799 = AXIS2_PLACEMENT_3D ( 'NONE', #1273, #117, #608 ) ;
#1800 = FACE_OUTER_BOUND ( 'NONE', #1755, .T. ) ;
#1801 = VECTOR ( 'NONE', #492, 1000.000000000000000 ) ;
#1802 = SURFACE_STYLE_FILL_AREA ( #1401 ) ;
#1803 = VECTOR ( 'NONE', #2784, 1000.000000000000000 ) ;
#1804 = CARTESIAN_POINT ( 'NONE',  ( 7.400999999999998913, -1.884461857322079048E-16, -3.800000000000000266 ) ) ;
#1805 = VECTOR ( 'NONE', #156, 1000.000000000000114 ) ;
#1806 = CARTESIAN_POINT ( 'NONE',  ( 3.583946168008536937, 1.905000000000000027, -2.613701871623553163 ) ) ;
#1807 = VECTOR ( 'NONE', #1925, 1000.000000000000000 ) ;
#1808 = EDGE_CURVE ( 'NONE', #98, #576, #1869, .T. ) ;
#1809 = PRESENTATION_LAYER_ASSIGNMENT (  '', '', ( #168 ) ) ;
#1810 = AXIS2_PLACEMENT_3D ( 'NONE', #2314, #510, #2130 ) ;
#1811 = ORIENTED_EDGE ( 'NONE', *, *, #360, .F. ) ;
#1812 = VECTOR ( 'NONE', #1503, 1000.000000000000000 ) ;
#1813 = ORIENTED_EDGE ( 'NONE', *, *, #938, .F. ) ;
#1814 = VECTOR ( 'NONE', #1470, 1000.000000000000114 ) ;
#1815 = CARTESIAN_POINT ( 'NONE',  ( -0.0009999999999998345716, -0.1000000000000000472, -3.800000000000000266 ) ) ;
#1816 = DIRECTION ( 'NONE',  ( -0.000000000000000000, -1.000000000000000000, -0.000000000000000000 ) ) ;
#1817 = LINE ( 'NONE', #1172, #753 ) ;
#1818 = DIRECTION ( 'NONE',  ( 0.2762437428917398630, 0.000000000000000000, -0.9610876102172799529 ) ) ;
#1819 = ORIENTED_EDGE ( 'NONE', *, *, #2798, .T. ) ;
#1820 = ORIENTED_EDGE ( 'NONE', *, *, #2731, .F. ) ;
#1821 = DIRECTION ( 'NONE',  ( 0.2755520632520480628, -0.000000000000000000, -0.9612861490927346875 ) ) ;
#1822 = DIRECTION ( 'NONE',  ( 0.9999891854650020395, 0.000000000000000000, 0.004650693823677748417 ) ) ;
#1823 = DIRECTION ( 'NONE',  ( 0.05596501978068773447, 0.000000000000000000, -0.9984327301130242471 ) ) ;
#1824 = VERTEX_POINT ( 'NONE', #940 ) ;
#1825 = EDGE_CURVE ( 'NONE', #2832, #1985, #685, .T. ) ;
#1826 = VERTEX_POINT ( 'NONE', #1127 ) ;
#1827 = DIRECTION ( 'NONE',  ( 0.2729786930695514147, 0.000000000000000000, -0.9620200793798638905 ) ) ;
#1828 = DIRECTION ( 'NONE',  ( 1.000000000000000000, 0.000000000000000000, -3.558818516450377162E-16 ) ) ;
#1829 = EDGE_CURVE ( 'NONE', #2006, #773, #2502, .T. ) ;
#1830 = LINE ( 'NONE', #949, #1571 ) ;
#1831 = DIRECTION ( 'NONE',  ( -0.9610876102172800639, 0.000000000000000000, -0.2762437428917399185 ) ) ;
#1832 = ORIENTED_EDGE ( 'NONE', *, *, #2552, .F. ) ;
#1833 = EDGE_LOOP ( 'NONE', ( #1880, #1294, #407, #2327 ) ) ;
#1834 = EDGE_LOOP ( 'NONE', ( #1699, #476, #1356, #1902 ) ) ;
#1835 = DIRECTION ( 'NONE',  ( -0.000000000000000000, -1.000000000000000000, -0.000000000000000000 ) ) ;
#1836 = ORIENTED_EDGE ( 'NONE', *, *, #1808, .T. ) ;
#1837 = CARTESIAN_POINT ( 'NONE',  ( 1.874804917271859050, 1.905000000000000027, -2.702191784705270550 ) ) ;
#1838 =( LENGTH_UNIT ( ) NAMED_UNIT ( * ) SI_UNIT ( .MILLI., .METRE. ) );
#1839 = CARTESIAN_POINT ( 'NONE',  ( 1.643042118063711143, 1.899999999999999911, -1.895731297701219953 ) ) ;
#1840 =( LENGTH_UNIT ( ) NAMED_UNIT ( * ) SI_UNIT ( .MILLI., .METRE. ) );
#1841 = ORIENTED_EDGE ( 'NONE', *, *, #2898, .F. ) ;
#1842 = DIRECTION ( 'NONE',  ( -1.677931933608518861E-16, -1.000000000000000000, 0.000000000000000000 ) ) ;
#1843 = EDGE_CURVE ( 'NONE', #2715, #242, #1177, .T. ) ;
#1844 = DIRECTION ( 'NONE',  ( 0.9610029908221278117, -0.000000000000000000, 0.2765379750249962187 ) ) ;
#1845 = DIRECTION ( 'NONE',  ( 1.000000000000000000, -0.000000000000000000, 8.836943128348284424E-16 ) ) ;
#1846 = DIRECTION ( 'NONE',  ( 0.000000000000000000, 0.000000000000000000, -1.000000000000000000 ) ) ;
#1847 = LINE ( 'NONE', #1425, #606 ) ;
#1848 = ORIENTED_EDGE ( 'NONE', *, *, #1829, .F. ) ;
#1849 = DIRECTION ( 'NONE',  ( -1.000000000000000000, -0.000000000000000000, -0.000000000000000000 ) ) ;
#1850 = LINE ( 'NONE', #1837, #2246 ) ;
#1851 = MECHANICAL_DESIGN_GEOMETRIC_PRESENTATION_REPRESENTATION (  '', ( #2188 ), #2817 ) ;
#1852 = PRODUCT_RELATED_PRODUCT_CATEGORY ( 'part', '', ( #2324 ) ) ;
#1853 = SURFACE_STYLE_FILL_AREA ( #2553 ) ;
#1854 = VECTOR ( 'NONE', #693, 1000.000000000000000 ) ;
#1855 = VECTOR ( 'NONE', #1106, 1000.000000000000000 ) ;
#1856 = LINE ( 'NONE', #1874, #663 ) ;
#1857 = ORIENTED_EDGE ( 'NONE', *, *, #923, .F. ) ;
#1858 = PLANE ( 'NONE',  #417 ) ;
#1859 = VECTOR ( 'NONE', #244, 1000.000000000000000 ) ;
#1860 =( GEOMETRIC_REPRESENTATION_CONTEXT ( 3 ) GLOBAL_UNCERTAINTY_ASSIGNED_CONTEXT ( ( #387 ) ) GLOBAL_UNIT_ASSIGNED_CONTEXT ( ( #1302, #861, #1551 ) ) REPRESENTATION_CONTEXT ( 'NONE', 'WORKASPACE' ) );
#1861 = DIRECTION ( 'NONE',  ( -0.000000000000000000, -1.000000000000000000, -0.000000000000000000 ) ) ;
#1862 = CARTESIAN_POINT ( 'NONE',  ( 0.2500000000000001110, 0.000000000000000000, -4.599999999999999645 ) ) ;
#1863 = VECTOR ( 'NONE', #434, 1000.000000000000000 ) ;
#1864 = DIRECTION ( 'NONE',  ( -1.000000000000000000, 0.000000000000000000, -0.000000000000000000 ) ) ;
#1865 = ORIENTED_EDGE ( 'NONE', *, *, #1436, .T. ) ;
#1866 = MECHANICAL_DESIGN_GEOMETRIC_PRESENTATION_REPRESENTATION (  '', ( #759 ), #2542 ) ;
#1867 = LINE ( 'NONE', #666, #226 ) ;
#1868 = EDGE_LOOP ( 'NONE', ( #106, #2755, #1246, #13 ) ) ;
#1869 = LINE ( 'NONE', #2323, #1200 ) ;
#1870 = ADVANCED_FACE ( 'NONE', ( #2518 ), #278, .F. ) ;
#1871 = CARTESIAN_POINT ( 'NONE',  ( -0.1010000000000000064, 0.9499999999999998446, -3.800000000000000266 ) ) ;
#1872 = EDGE_CURVE ( 'NONE', #2101, #1305, #668, .T. ) ;
#1873 = ORIENTED_EDGE ( 'NONE', *, *, #2533, .T. ) ;
#1874 = CARTESIAN_POINT ( 'NONE',  ( 1.537779882194698855, -3.192222914327899506E-17, -3.800000000000000266 ) ) ;
#1875 = EDGE_LOOP ( 'NONE', ( #493, #549, #1278, #2107, #392, #1877, #782, #1090, #2058, #2177, #1920, #1376, #738, #1005, #811, #2050, #372, #2262, #2191, #825, #1358, #1118, #1385 ) ) ;
#1876 = CARTESIAN_POINT ( 'NONE',  ( 2.741056880455718492, 1.905000000000000027, -2.702191784705270106 ) ) ;
#1877 = ORIENTED_EDGE ( 'NONE', *, *, #1321, .T. ) ;
#1878 = LINE ( 'NONE', #2167, #2440 ) ;
#1879 = FACE_OUTER_BOUND ( 'NONE', #2562, .T. ) ;
#1880 = ORIENTED_EDGE ( 'NONE', *, *, #2735, .T. ) ;
#1881 = CARTESIAN_POINT ( 'NONE',  ( 5.862220117805299502, -3.192222914327899506E-17, -3.800000000000000266 ) ) ;
#1882 = DIRECTION ( 'NONE',  ( 0.000000000000000000, -1.000000000000000000, 0.000000000000000000 ) ) ;
#1883 = ADVANCED_FACE ( 'NONE', ( #2337 ), #716, .F. ) ;
#1884 = DIRECTION ( 'NONE',  ( -0.7145695586382346809, 0.000000000000000000, 0.6995643972269877109 ) ) ;
#1885 = ORIENTED_EDGE ( 'NONE', *, *, #1421, .F. ) ;
#1886 = EDGE_CURVE ( 'NONE', #1482, #2987, #2060, .T. ) ;
#1887 = ORIENTED_EDGE ( 'NONE', *, *, #729, .T. ) ;
#1888 = EDGE_CURVE ( 'NONE', #2474, #2392, #1850, .T. ) ;
#1889 = DIRECTION ( 'NONE',  ( 1.000000000000000000, -1.017195236304267233E-16, 0.000000000000000000 ) ) ;
#1890 = ORIENTED_EDGE ( 'NONE', *, *, #1692, .F. ) ;
#1891 = SURFACE_STYLE_FILL_AREA ( #2834 ) ;
#1892 = CARTESIAN_POINT ( 'NONE',  ( 3.377795837061557727, 1.905000000000000027, -1.895731297701219731 ) ) ;
#1893 = DIRECTION ( 'NONE',  ( -0.9617234872620600283, 0.000000000000000000, -0.2740217765954056639 ) ) ;
#1894 = LINE ( 'NONE', #1446, #2438 ) ;
#1895 = DIRECTION ( 'NONE',  ( 1.000000000000000000, -1.017195236304267233E-16, 0.000000000000000000 ) ) ;
#1896 = EDGE_LOOP ( 'NONE', ( #1340, #2066, #195, #1369 ) ) ;
#1897 = COLOUR_RGB ( '',0.8980392156862745390, 0.9215686274509803377, 0.9294117647058823817 ) ;
#1898 = DIRECTION ( 'NONE',  ( -1.000000000000000000, 0.000000000000000000, 0.000000000000000000 ) ) ;
#1899 = ORIENTED_EDGE ( 'NONE', *, *, #1094, .T. ) ;
#1900 = COLOUR_RGB ( '',0.1019607843137254888, 0.1019607843137254888, 0.1019607843137254888 ) ;
#1901 = LINE ( 'NONE', #779, #2048 ) ;
#1902 = ORIENTED_EDGE ( 'NONE', *, *, #2644, .T. ) ;
#1903 = LINE ( 'NONE', #2168, #2430 ) ;
#1904 = EDGE_CURVE ( 'NONE', #1305, #462, #910, .T. ) ;
#1905 = AXIS2_PLACEMENT_3D ( 'NONE', #378, #1538, #1963 ) ;
#1906 = ORIENTED_EDGE ( 'NONE', *, *, #439, .T. ) ;
#1907 = VECTOR ( 'NONE', #2059, 999.9999999999998863 ) ;
#1908 = VECTOR ( 'NONE', #2244, 1000.000000000000000 ) ;
#1909 = FACE_OUTER_BOUND ( 'NONE', #1371, .T. ) ;
#1910 = EDGE_LOOP ( 'NONE', ( #2017, #2604, #161, #712, #164, #2892, #2762, #1030 ) ) ;
#1911 = COLOUR_RGB ( '',0.1019607843137254888, 0.1019607843137254888, 0.1019607843137254888 ) ;
#1912 = VECTOR ( 'NONE', #898, 1000.000000000000114 ) ;
#1913 = DIRECTION ( 'NONE',  ( -0.000000000000000000, -0.000000000000000000, 1.000000000000000000 ) ) ;
#1914 = ORIENTED_EDGE ( 'NONE', *, *, #2063, .F. ) ;
#1915 = ADVANCED_BREP_SHAPE_REPRESENTATION ( 'CAS_SMD_L7.6W4.6H2S1.3F2.5', ( #1606, #1619 ), #2864 ) ;
#1916 = DIRECTION ( 'NONE',  ( 1.000000000000000000, -6.687102215165528384E-19, 0.000000000000000000 ) ) ;
#1917 = ORIENTED_EDGE ( 'NONE', *, *, #1363, .F. ) ;
#1918 = PLANE ( 'NONE',  #1623 ) ;
#1919 = EDGE_CURVE ( 'NONE', #1248, #2175, #2744, .T. ) ;
#1920 = ORIENTED_EDGE ( 'NONE', *, *, #1992, .T. ) ;
#1921 = DIRECTION ( 'NONE',  ( -0.000000000000000000, -1.000000000000000000, -0.000000000000000000 ) ) ;
#1922 = ORIENTED_EDGE ( 'NONE', *, *, #1953, .F. ) ;
#1923 = ORIENTED_EDGE ( 'NONE', *, *, #2981, .T. ) ;
#1924 = EDGE_CURVE ( 'NONE', #263, #2014, #1165, .T. ) ;
#1925 = DIRECTION ( 'NONE',  ( -1.000000000000000000, 0.000000000000000000, 0.000000000000000000 ) ) ;
#1926 =( LENGTH_UNIT ( ) NAMED_UNIT ( * ) SI_UNIT ( .MILLI., .METRE. ) );
#1927 = FILL_AREA_STYLE ('',( #1683 ) ) ;
#1928 = SURFACE_STYLE_FILL_AREA ( #1017 ) ;
#1929 = EDGE_LOOP ( 'NONE', ( #1579, #776, #438, #1661, #2877, #2303, #762, #746, #2548, #2284, #2601 ) ) ;
#1930 = FACE_OUTER_BOUND ( 'NONE', #2806, .T. ) ;
#1931 = VERTEX_POINT ( 'NONE', #2551 ) ;
#1932 = ORIENTED_EDGE ( 'NONE', *, *, #1924, .T. ) ;
#1933 = PLANE ( 'NONE',  #2580 ) ;
#1934 = CARTESIAN_POINT ( 'NONE',  ( 3.336842861889568024, 1.905000000000000027, -2.702191784705270106 ) ) ;
#1935 = LINE ( 'NONE', #796, #532 ) ;
#1936 = DIRECTION ( 'NONE',  ( -1.000000000000000000, 0.000000000000000000, 0.000000000000000000 ) ) ;
#1937 = CARTESIAN_POINT ( 'NONE',  ( 0.2500000000000001110, 0.000000000000000000, -4.599999999999999645 ) ) ;
#1938 = FILL_AREA_STYLE_COLOUR ( '', #431 ) ;
#1939 = LINE ( 'NONE', #2416, #711 ) ;
#1940 = PRESENTATION_LAYER_ASSIGNMENT (  '', '', ( #2188 ) ) ;
#1941 =( GEOMETRIC_REPRESENTATION_CONTEXT ( 3 ) GLOBAL_UNCERTAINTY_ASSIGNED_CONTEXT ( ( #904 ) ) GLOBAL_UNIT_ASSIGNED_CONTEXT ( ( #271, #970, #1036 ) ) REPRESENTATION_CONTEXT ( 'NONE', 'WORKASPACE' ) );
#1942 = ORIENTED_EDGE ( 'NONE', *, *, #2519, .F. ) ;
#1943 = ORIENTED_EDGE ( 'NONE', *, *, #1214, .F. ) ;
#1944 = CARTESIAN_POINT ( 'NONE',  ( 6.686917098445594121, -1.759715025906737340, -4.599999999999999645 ) ) ;
#1945 = AXIS2_PLACEMENT_3D ( 'NONE', #2145, #316, #2363 ) ;
#1946 = SURFACE_STYLE_USAGE ( .BOTH. , #2195 ) ;
#1947 =( GEOMETRIC_REPRESENTATION_CONTEXT ( 3 ) GLOBAL_UNCERTAINTY_ASSIGNED_CONTEXT ( ( #1789 ) ) GLOBAL_UNIT_ASSIGNED_CONTEXT ( ( #1213, #2849, #2609 ) ) REPRESENTATION_CONTEXT ( 'NONE', 'WORKASPACE' ) );
#1948 = AXIS2_PLACEMENT_3D ( 'NONE', #2659, #2410, #1745 ) ;
#1949 = CARTESIAN_POINT ( 'NONE',  ( 3.293244040855623389, 1.899999999999999911, -2.548686171911270559 ) ) ;
#1950 = CARTESIAN_POINT ( 'NONE',  ( 5.308353103673311146, 1.899999999999999911, -1.895731297701220397 ) ) ;
#1951 = MECHANICAL_DESIGN_GEOMETRIC_PRESENTATION_REPRESENTATION (  '', ( #168 ), #425 ) ;
#1952 = MECHANICAL_DESIGN_GEOMETRIC_PRESENTATION_REPRESENTATION (  '', ( #2590 ), #1488 ) ;
#1953 = EDGE_CURVE ( 'NONE', #2692, #1534, #1379, .T. ) ;
#1954 = VECTOR ( 'NONE', #2991, 1000.000000000000000 ) ;
#1955 = AXIS2_PLACEMENT_3D ( 'NONE', #2157, #2412, #54 ) ;
#1956 = ADVANCED_FACE ( 'NONE', ( #43 ), #447, .T. ) ;
#1957 = LINE ( 'NONE', #1737, #79 ) ;
#1958 = ORIENTED_EDGE ( 'NONE', *, *, #841, .T. ) ;
#1959 = SURFACE_STYLE_USAGE ( .BOTH. , #1052 ) ;
#1960 = ORIENTED_EDGE ( 'NONE', *, *, #1618, .T. ) ;
#1961 = PLANE ( 'NONE',  #1569 ) ;
#1962 = ORIENTED_EDGE ( 'NONE', *, *, #1574, .T. ) ;
#1963 = DIRECTION ( 'NONE',  ( 0.2764273280489774054, 0.000000000000000000, -0.9610348236706632852 ) ) ;
#1964 =( NAMED_UNIT ( * ) SI_UNIT ( $, .STERADIAN. ) SOLID_ANGLE_UNIT ( ) );
#1965 =( NAMED_UNIT ( * ) SI_UNIT ( $, .STERADIAN. ) SOLID_ANGLE_UNIT ( ) );
#1966 = DIRECTION ( 'NONE',  ( -0.05596501978068773447, 0.000000000000000000, 0.9984327301130242471 ) ) ;
#1967 = DIRECTION ( 'NONE',  ( -0.9620200793798638905, 0.000000000000000000, -0.2729786930695514147 ) ) ;
#1968 = UNCERTAINTY_MEASURE_WITH_UNIT (LENGTH_MEASURE( 1.000000000000000082E-05 ), #1838, 'distance_accuracy_value', 'NONE');
#1969 = EDGE_CURVE ( 'NONE', #2014, #1032, #1894, .T. ) ;
#1970 = DIRECTION ( 'NONE',  ( -1.000000000000000000, 0.000000000000000000, 0.000000000000000000 ) ) ;
#1971 = CARTESIAN_POINT ( 'NONE',  ( 7.399999999999999467, 1.899999999999999689, -4.400000000000001243 ) ) ;
#1972 = EDGE_CURVE ( 'NONE', #1162, #2491, #1257, .T. ) ;
#1973 = ORIENTED_EDGE ( 'NONE', *, *, #923, .T. ) ;
#1974 = LINE ( 'NONE', #1275, #430 ) ;
#1975 = EDGE_LOOP ( 'NONE', ( #1456, #1362, #1740, #2930 ) ) ;
#1976 = VERTEX_POINT ( 'NONE', #2172 ) ;
#1977 = ADVANCED_FACE ( 'NONE', ( #1909 ), #2599, .F. ) ;
#1978 = DIRECTION ( 'NONE',  ( 0.000000000000000000, 0.000000000000000000, 1.000000000000000000 ) ) ;
#1979 = LINE ( 'NONE', #2453, #124 ) ;
#1980 = UNCERTAINTY_MEASURE_WITH_UNIT (LENGTH_MEASURE( 1.000000000000000082E-05 ), #1926, 'distance_accuracy_value', 'NONE');
#1981 = DIRECTION ( 'NONE',  ( 0.9999960426590096541, 0.000000000000000000, 0.002813301676023033382 ) ) ;
#1982 = LINE ( 'NONE', #2446, #1631 ) ;
#1983 = ORIENTED_EDGE ( 'NONE', *, *, #1888, .F. ) ;
#1984 =( LENGTH_UNIT ( ) NAMED_UNIT ( * ) SI_UNIT ( .MILLI., .METRE. ) );
#1985 = VERTEX_POINT ( 'NONE', #2816 ) ;
#1986 = EDGE_CURVE ( 'NONE', #1577, #2855, #2184, .T. ) ;
#1987 = FACE_OUTER_BOUND ( 'NONE', #2082, .T. ) ;
#1988 = EDGE_LOOP ( 'NONE', ( #1960, #1783, #1535, #2790 ) ) ;
#1989 = AXIS2_PLACEMENT_3D ( 'NONE', #1202, #785, #1936 ) ;
#1990 = ORIENTED_EDGE ( 'NONE', *, *, #2509, .F. ) ;
#1991 = CARTESIAN_POINT ( 'NONE',  ( 1.537779882194698855, -3.192222914327899506E-17, -3.800000000000000266 ) ) ;
#1992 = EDGE_CURVE ( 'NONE', #1824, #2154, #1935, .T. ) ;
#1993 =( NAMED_UNIT ( * ) SI_UNIT ( $, .STERADIAN. ) SOLID_ANGLE_UNIT ( ) );
#1994 = MECHANICAL_DESIGN_GEOMETRIC_PRESENTATION_REPRESENTATION (  '', ( #2959 ), #1433 ) ;
#1995 = ORIENTED_EDGE ( 'NONE', *, *, #1872, .T. ) ;
#1996 = VECTOR ( 'NONE', #1031, 1000.000000000000000 ) ;
#1997 = PRESENTATION_STYLE_ASSIGNMENT (( #1059 ) ) ;
#1998 = UNCERTAINTY_MEASURE_WITH_UNIT (LENGTH_MEASURE( 1.000000000000000082E-05 ), #590, 'distance_accuracy_value', 'NONE');
#1999 = VECTOR ( 'NONE', #1413, 1000.000000000000000 ) ;
#2000 = COLOUR_RGB ( '',0.1019607843137254888, 0.1019607843137254888, 0.1019607843137254888 ) ;
#2001 = DIRECTION ( 'NONE',  ( -0.9610992334305605844, 0.000000000000000000, -0.2762033010287693879 ) ) ;
#2002 = LINE ( 'NONE', #2699, #15 ) ;
#2003 = AXIS2_PLACEMENT_3D ( 'NONE', #2078, #2096, #25 ) ;
#2004 = ORIENTED_EDGE ( 'NONE', *, *, #439, .F. ) ;
#2005 = DIRECTION ( 'NONE',  ( -0.000000000000000000, -1.000000000000000000, -0.000000000000000000 ) ) ;
#2006 = VERTEX_POINT ( 'NONE', #2620 ) ;
#2007 = ADVANCED_FACE ( 'NONE', ( #2357 ), #1239, .F. ) ;
#2008 = LINE ( 'NONE', #1316, #1000 ) ;
#2009 = FACE_OUTER_BOUND ( 'NONE', #1834, .T. ) ;
#2010 = CARTESIAN_POINT ( 'NONE',  ( 4.887210071214730611, 1.899999999999999911, -2.049190320078301930 ) ) ;
#2011 = DIRECTION ( 'NONE',  ( -0.2764273280489774609, 0.000000000000000000, 0.9610348236706632852 ) ) ;
#2012 = PLANE ( 'NONE',  #1680 ) ;
#2013 = DIRECTION ( 'NONE',  ( -1.677931933608518861E-16, -1.000000000000000000, 0.000000000000000000 ) ) ;
#2014 = VERTEX_POINT ( 'NONE', #1461 ) ;
#2015 = CARTESIAN_POINT ( 'NONE',  ( 1.537779882194698855, -0.1000000000000000472, -3.800000000000000266 ) ) ;
#2016 = VERTEX_POINT ( 'NONE', #87 ) ;
#2017 = ORIENTED_EDGE ( 'NONE', *, *, #1825, .F. ) ;
#2018 = DIRECTION ( 'NONE',  ( 0.2793947940878285796, 0.000000000000000000, -0.9601763114327596105 ) ) ;
#2019 = CARTESIAN_POINT ( 'NONE',  ( -0.001000000000000000021, 0.9499999999999998446, -0.8000000000000003775 ) ) ;
#2020 = DIRECTION ( 'NONE',  ( -0.2746918797667263212, 0.000000000000000000, 0.9615323037684290197 ) ) ;
#2021 = DIRECTION ( 'NONE',  ( -0.000000000000000000, -1.000000000000000000, -0.000000000000000000 ) ) ;
#2022 = DIRECTION ( 'NONE',  ( 0.2746459304916899491, 0.000000000000000000, -0.9615454294334478957 ) ) ;
#2023 =( NAMED_UNIT ( * ) SI_UNIT ( $, .STERADIAN. ) SOLID_ANGLE_UNIT ( ) );
#2024 = PLANE ( 'NONE',  #376 ) ;
#2025 = LINE ( 'NONE', #2955, #1620 ) ;
#2026 = EDGE_LOOP ( 'NONE', ( #2269, #2345, #2707, #1728 ) ) ;
#2027 = DIRECTION ( 'NONE',  ( 1.000000000000000000, -0.000000000000000000, -0.000000000000000000 ) ) ;
#2028 = ORIENTED_EDGE ( 'NONE', *, *, #181, .F. ) ;
#2029 = LINE ( 'NONE', #2306, #2293 ) ;
#2030 = DIRECTION ( 'NONE',  ( 0.000000000000000000, 0.000000000000000000, 1.000000000000000000 ) ) ;
#2031 = PLANE ( 'NONE',  #2535 ) ;
#2032 = DIRECTION ( 'NONE',  ( -0.2755520632520480628, 0.000000000000000000, 0.9612861490927346875 ) ) ;
#2033 = VERTEX_POINT ( 'NONE', #2369 ) ;
#2034 = CLOSED_SHELL ( 'NONE', ( #1788, #1655, #783, #517, #1168, #1126, #2623, #456, #1744, #1670, #1380, #1601, #593, #1956, #205, #1324, #2085, #237, #2045, #699, #2007, #2358, #845, #2354, #229, #258, #23, #1444, #2382, #824, #135, #635, #78, #1977, #1642, #2793, #1638, #386, #477, #2926, #1081, #1516, #247, #275, #1883, #147, #1062, #2215, #481, #1113, #2591, #2069, #2111, #1462, #2696, #1347, #535, #169, #1306, #485, #563, #1308, #2218, #92, #1704, #1494, #1615, #2140, #313, #597, #1580, #1357, #1231, #1383, #1758, #2185, #624, #2205, #2115, #1870, #2641, #1675 ) ) ;
#2035 = CARTESIAN_POINT ( 'NONE',  ( 3.377795837061557727, 1.899999999999999911, -1.895731297701219731 ) ) ;
#2036 = EDGE_LOOP ( 'NONE', ( #2404, #49, #30, #2654 ) ) ;
#2037 = CARTESIAN_POINT ( 'NONE',  ( 3.417282441482504041, 1.905000000000000027, -2.702191784705270106 ) ) ;
#2038 = VECTOR ( 'NONE', #1842, 1000.000000000000000 ) ;
#2039 = EDGE_CURVE ( 'NONE', #2033, #1824, #1226, .T. ) ;
#2040 = SURFACE_STYLE_USAGE ( .BOTH. , #2698 ) ;
#2041 = PRESENTATION_LAYER_ASSIGNMENT (  '', '', ( #1764 ) ) ;
#2042 = DIRECTION ( 'NONE',  ( -1.000000000000000000, 0.000000000000000000, -8.836943128348286396E-16 ) ) ;
#2043 = VECTOR ( 'NONE', #707, 1000.000000000000114 ) ;
#2044 =( GEOMETRIC_REPRESENTATION_CONTEXT ( 3 ) GLOBAL_UNCERTAINTY_ASSIGNED_CONTEXT ( ( #1526 ) ) GLOBAL_UNIT_ASSIGNED_CONTEXT ( ( #736, #2333, #781 ) ) REPRESENTATION_CONTEXT ( 'NONE', 'WORKASPACE' ) );
#2045 = ADVANCED_FACE ( 'NONE', ( #998 ), #1702, .T. ) ;
#2046 = COLOUR_RGB ( '',0.8980392156862745390, 0.9215686274509803377, 0.9294117647058823817 ) ;
#2047 = ORIENTED_EDGE ( 'NONE', *, *, #1028, .F. ) ;
#2048 = VECTOR ( 'NONE', #515, 1000.000000000000000 ) ;
#2049 = CARTESIAN_POINT ( 'NONE',  ( 5.862220117805299502, -3.192222914327899506E-17, -3.800000000000000266 ) ) ;
#2050 = ORIENTED_EDGE ( 'NONE', *, *, #877, .T. ) ;
#2051 = MECHANICAL_DESIGN_GEOMETRIC_PRESENTATION_REPRESENTATION (  '', ( #1768 ), #2879 ) ;
#2052 = STYLED_ITEM ( 'NONE', ( #1519 ), #2623 ) ;
#2053 = VECTOR ( 'NONE', #2861, 1000.000000000000000 ) ;
#2054 = LINE ( 'NONE', #2982, #221 ) ;
#2055 = LINE ( 'NONE', #2087, #330 ) ;
#2056 = DIRECTION ( 'NONE',  ( -1.000000000000000000, 0.000000000000000000, -0.000000000000000000 ) ) ;
#2057 = LINE ( 'NONE', #40, #416 ) ;
#2058 = ORIENTED_EDGE ( 'NONE', *, *, #2537, .T. ) ;
#2059 = DIRECTION ( 'NONE',  ( 0.7145695586382346809, -0.000000000000000000, -0.6995643972269877109 ) ) ;
#2060 = LINE ( 'NONE', #2968, #574 ) ;
#2061 = FILL_AREA_STYLE_COLOUR ( '', #2155 ) ;
#2062 = FACE_OUTER_BOUND ( 'NONE', #1078, .T. ) ;
#2063 = EDGE_CURVE ( 'NONE', #1419, #1514, #1540, .T. ) ;
#2064 = CARTESIAN_POINT ( 'NONE',  ( 3.932371369323392596, 1.905000000000000027, -1.895731297701219953 ) ) ;
#2065 = VERTEX_POINT ( 'NONE', #1348 ) ;
#2066 = ORIENTED_EDGE ( 'NONE', *, *, #2423, .F. ) ;
#2067 = DIRECTION ( 'NONE',  ( -0.000000000000000000, -0.000000000000000000, 1.000000000000000000 ) ) ;
#2068 = ORIENTED_EDGE ( 'NONE', *, *, #2388, .T. ) ;
#2069 = ADVANCED_FACE ( 'NONE', ( #2225 ), #1330, .F. ) ;
#2070 = DIRECTION ( 'NONE',  ( 0.000000000000000000, 0.000000000000000000, 1.000000000000000000 ) ) ;
#2071 = CARTESIAN_POINT ( 'NONE',  ( 7.399999999999999467, -1.084202172485504434E-16, -4.400000000000001243 ) ) ;
#2072 = FACE_OUTER_BOUND ( 'NONE', #2026, .T. ) ;
#2073 = DIRECTION ( 'NONE',  ( -0.9612861490927346875, 0.000000000000000000, -0.2755520632520480628 ) ) ;
#2074 = VERTEX_POINT ( 'NONE', #1552 ) ;
#2075 = EDGE_CURVE ( 'NONE', #2901, #444, #2426, .T. ) ;
#2076 = ORIENTED_EDGE ( 'NONE', *, *, #1829, .T. ) ;
#2077 = CARTESIAN_POINT ( 'NONE',  ( 4.843665196979642040, 1.899999999999999911, -1.895731297701220619 ) ) ;
#2078 = CARTESIAN_POINT ( 'NONE',  ( 0.000000000000000000, 1.899999999999999911, 0.000000000000000000 ) ) ;
#2079 = SURFACE_STYLE_FILL_AREA ( #11 ) ;
#2080 =( NAMED_UNIT ( * ) SI_UNIT ( $, .STERADIAN. ) SOLID_ANGLE_UNIT ( ) );
#2081 = FILL_AREA_STYLE ('',( #2569 ) ) ;
#2082 = EDGE_LOOP ( 'NONE', ( #2647, #1518, #418, #1873 ) ) ;
#2083 = ORIENTED_EDGE ( 'NONE', *, *, #2554, .F. ) ;
#2084 = CARTESIAN_POINT ( 'NONE',  ( 7.500999999999998558, 0.9499999999999998446, -0.8000000000000003775 ) ) ;
#2085 = ADVANCED_FACE ( 'NONE', ( #1747 ), #1775, .T. ) ;
#2086 = CARTESIAN_POINT ( 'NONE',  ( 3.336842861889568024, 1.899999999999999911, -2.702191784705270106 ) ) ;
#2087 = CARTESIAN_POINT ( 'NONE',  ( 5.078623117886716720, 1.905000000000000027, -1.895731297701220397 ) ) ;
#2088 = CARTESIAN_POINT ( 'NONE',  ( 5.020546938059225361, 1.905000000000000027, -2.547619496592405497 ) ) ;
#2089 = LINE ( 'NONE', #680, #705 ) ;
#2090 = ORIENTED_EDGE ( 'NONE', *, *, #2886, .F. ) ;
#2091 = VERTEX_POINT ( 'NONE', #1097 ) ;
#2092 = STYLED_ITEM ( 'NONE', ( #1496 ), #1915 ) ;
#2093 = ORIENTED_EDGE ( 'NONE', *, *, #1558, .T. ) ;
#2094 = EDGE_CURVE ( 'NONE', #2175, #1276, #644, .T. ) ;
#2095 = LINE ( 'NONE', #939, #2241 ) ;
#2096 = DIRECTION ( 'NONE',  ( 0.000000000000000000, -1.000000000000000000, 0.000000000000000000 ) ) ;
#2097 = VECTOR ( 'NONE', #1572, 1000.000000000000000 ) ;
#2098 = AXIS2_PLACEMENT_3D ( 'NONE', #217, #2073, #2032 ) ;
#2099 = CARTESIAN_POINT ( 'NONE',  ( 2.741056880455718492, 1.905000000000000027, -2.702191784705270106 ) ) ;
#2100 = PRESENTATION_STYLE_ASSIGNMENT (( #2639 ) ) ;
#2101 = VERTEX_POINT ( 'NONE', #426 ) ;
#2102 = VECTOR ( 'NONE', #1256, 1000.000000000000000 ) ;
#2103 = FILL_AREA_STYLE_COLOUR ( '', #2046 ) ;
#2104 = VERTEX_POINT ( 'NONE', #1038 ) ;
#2105 = VECTOR ( 'NONE', #2574, 1000.000000000000000 ) ;
#2106 = DIRECTION ( 'NONE',  ( 1.000000000000000000, 0.000000000000000000, 0.000000000000000000 ) ) ;
#2107 = ORIENTED_EDGE ( 'NONE', *, *, #2898, .T. ) ;
#2108 = DIRECTION ( 'NONE',  ( 0.2732148821745548073, 0.000000000000000000, -0.9619530280415691248 ) ) ;
#2109 = VERTEX_POINT ( 'NONE', #1949 ) ;
#2110 = ORIENTED_EDGE ( 'NONE', *, *, #1780, .F. ) ;
#2111 = ADVANCED_FACE ( 'NONE', ( #198 ), #2545, .F. ) ;
#2112 = VECTOR ( 'NONE', #2792, 1000.000000000000000 ) ;
#2113 = FILL_AREA_STYLE ('',( #340 ) ) ;
#2114 = CARTESIAN_POINT ( 'NONE',  ( 4.953422408983801262, 1.905000000000000027, -2.398657675439464398 ) ) ;
#2115 = ADVANCED_FACE ( 'NONE', ( #885 ), #503, .F. ) ;
#2116 = CARTESIAN_POINT ( 'NONE',  ( 2.613988843316547239, 1.905000000000000027, -2.702191784705270106 ) ) ;
#2117 = FILL_AREA_STYLE ('',( #1509 ) ) ;
#2118 = PRESENTATION_STYLE_ASSIGNMENT (( #2344 ) ) ;
#2119 = VERTEX_POINT ( 'NONE', #2319 ) ;
#2120 = CARTESIAN_POINT ( 'NONE',  ( -0.001000000000000000671, -1.884461857322079048E-16, -3.800000000000000266 ) ) ;
#2121 = ORIENTED_EDGE ( 'NONE', *, *, #2328, .F. ) ;
#2122 = CARTESIAN_POINT ( 'NONE',  ( 5.265720420744335328, 1.905000000000000027, -2.546479257459596024 ) ) ;
#2123 = FILL_AREA_STYLE ('',( #320 ) ) ;
#2124 = ORIENTED_EDGE ( 'NONE', *, *, #2607, .T. ) ;
#2125 = SURFACE_STYLE_FILL_AREA ( #2113 ) ;
#2126 = SURFACE_SIDE_STYLE ('',( #1717 ) ) ;
#2127 = EDGE_CURVE ( 'NONE', #1593, #2301, #1817, .T. ) ;
#2128 = CARTESIAN_POINT ( 'NONE',  ( 7.399999999999999467, 0.04031830238726778065, 0.1915119363395222651 ) ) ;
#2129 = ORIENTED_EDGE ( 'NONE', *, *, #1286, .T. ) ;
#2130 = DIRECTION ( 'NONE',  ( 1.000000000000000000, 0.000000000000000000, -0.000000000000000000 ) ) ;
#2131 = ORIENTED_EDGE ( 'NONE', *, *, #44, .F. ) ;
#2132 = LINE ( 'NONE', #1232, #2971 ) ;
#2133 = VERTEX_POINT ( 'NONE', #2282 ) ;
#2134 = PLANE ( 'NONE',  #755 ) ;
#2135 = DIRECTION ( 'NONE',  ( -0.000000000000000000, -1.000000000000000000, -0.000000000000000000 ) ) ;
#2136 = PLANE ( 'NONE',  #565 ) ;
#2137 = DIRECTION ( 'NONE',  ( -0.000000000000000000, -0.000000000000000000, 1.000000000000000000 ) ) ;
#2138 = DIRECTION ( 'NONE',  ( 0.000000000000000000, -0.000000000000000000, 1.000000000000000000 ) ) ;
#2139 = ORIENTED_EDGE ( 'NONE', *, *, #2708, .F. ) ;
#2140 = ADVANCED_FACE ( 'NONE', ( #1648 ), #708, .F. ) ;
#2141 =( GEOMETRIC_REPRESENTATION_CONTEXT ( 3 ) GLOBAL_UNCERTAINTY_ASSIGNED_CONTEXT ( ( #1980 ) ) GLOBAL_UNIT_ASSIGNED_CONTEXT ( ( #1926, #2795, #112 ) ) REPRESENTATION_CONTEXT ( 'NONE', 'WORKASPACE' ) );
#2142 =( NAMED_UNIT ( * ) SI_UNIT ( $, .STERADIAN. ) SOLID_ANGLE_UNIT ( ) );
#2143 = VERTEX_POINT ( 'NONE', #1121 ) ;
#2144 = AXIS2_PLACEMENT_3D ( 'NONE', #1944, #1677, #2835 ) ;
#2145 = CARTESIAN_POINT ( 'NONE',  ( 1.872362597965852471, 1.905000000000000027, -1.895731297701219953 ) ) ;
#2146 = EDGE_CURVE ( 'NONE', #592, #617, #2984, .T. ) ;
#2147 = VECTOR ( 'NONE', #966, 1000.000000000000000 ) ;
#2148 = CARTESIAN_POINT ( 'NONE',  ( -0.001000000000000000021, 0.9499999999999998446, -3.800000000000000266 ) ) ;
#2149 = EDGE_LOOP ( 'NONE', ( #791, #2673, #993, #1684 ) ) ;
#2150 = CARTESIAN_POINT ( 'NONE',  ( 7.400999999999998913, 0.9499999999999998446, -3.800000000000000266 ) ) ;
#2151 = DIRECTION ( 'NONE',  ( 0.000000000000000000, -0.2060104810498415984, -0.9785497849867491604 ) ) ;
#2152 = AXIS2_PLACEMENT_3D ( 'NONE', #18, #2254, #2308 ) ;
#2153 = MECHANICAL_DESIGN_GEOMETRIC_PRESENTATION_REPRESENTATION (  '', ( #474 ), #29 ) ;
#2154 = VERTEX_POINT ( 'NONE', #920 ) ;
#2155 = COLOUR_RGB ( '',0.7921568627450980005, 0.8196078431372548767, 0.9333333333333333481 ) ;
#2156 = CARTESIAN_POINT ( 'NONE',  ( 7.399999999999999467, 0.9499999999999998446, 0.000000000000000000 ) ) ;
#2157 = CARTESIAN_POINT ( 'NONE',  ( 7.400999999999998913, -1.884461857322079048E-16, -3.800000000000000266 ) ) ;
#2158 = PRESENTATION_LAYER_ASSIGNMENT (  '', '', ( #1449 ) ) ;
#2159 = LINE ( 'NONE', #2186, #1529 ) ;
#2160 = ORIENTED_EDGE ( 'NONE', *, *, #300, .T. ) ;
#2161 = EDGE_CURVE ( 'NONE', #1931, #511, #2948, .T. ) ;
#2162 = CARTESIAN_POINT ( 'NONE',  ( 1.997869822764845260, 1.905000000000000027, -2.333617454457363127 ) ) ;
#2163 = EDGE_LOOP ( 'NONE', ( #819, #1686, #1188, #2556 ) ) ;
#2164 = DIRECTION ( 'NONE',  ( -0.000000000000000000, -1.000000000000000000, -0.000000000000000000 ) ) ;
#2165 = EDGE_LOOP ( 'NONE', ( #639, #1832, #1426, #2360 ) ) ;
#2166 = EDGE_CURVE ( 'NONE', #1032, #344, #442, .T. ) ;
#2167 = CARTESIAN_POINT ( 'NONE',  ( 7.400999999999998913, -1.884461857322079048E-16, -3.800000000000000266 ) ) ;
#2168 = CARTESIAN_POINT ( 'NONE',  ( 3.758697010579060915, 1.905000000000000027, -1.895731297701219953 ) ) ;
#2169 = ORIENTED_EDGE ( 'NONE', *, *, #859, .F. ) ;
#2170 = ORIENTED_EDGE ( 'NONE', *, *, #1342, .F. ) ;
#2171 = FACE_OUTER_BOUND ( 'NONE', #1438, .T. ) ;
#2172 = CARTESIAN_POINT ( 'NONE',  ( 4.564799487016718338, 1.899999999999999911, -2.249597769199492170 ) ) ;
#2173 = SURFACE_STYLE_USAGE ( .BOTH. , #88 ) ;
#2174 =( LENGTH_UNIT ( ) NAMED_UNIT ( * ) SI_UNIT ( .MILLI., .METRE. ) );
#2175 = VERTEX_POINT ( 'NONE', #2962 ) ;
#2176 = CARTESIAN_POINT ( 'NONE',  ( 1.537779882194698855, -0.1000000000000000472, -3.800000000000000266 ) ) ;
#2177 = ORIENTED_EDGE ( 'NONE', *, *, #2039, .T. ) ;
#2178 = DIRECTION ( 'NONE',  ( 1.000000000000000000, 0.000000000000000000, 0.000000000000000000 ) ) ;
#2179 = ORIENTED_EDGE ( 'NONE', *, *, #1640, .T. ) ;
#2180 = PLANE ( 'NONE',  #2144 ) ;
#2181 = EDGE_LOOP ( 'NONE', ( #1664, #1983, #930, #110 ) ) ;
#2182 = EDGE_CURVE ( 'NONE', #2101, #2932, #216, .T. ) ;
#2183 = CARTESIAN_POINT ( 'NONE',  ( 3.293244040855623389, 1.905000000000000027, -2.548686171911270559 ) ) ;
#2184 = LINE ( 'NONE', #973, #222 ) ;
#2185 = ADVANCED_FACE ( 'NONE', ( #1361 ), #255, .F. ) ;
#2186 = CARTESIAN_POINT ( 'NONE',  ( -0.1009999999999998260, -0.1000000000000000472, -0.8000000000000003775 ) ) ;
#2187 = DIRECTION ( 'NONE',  ( 1.000000000000000000, 0.000000000000000000, 0.000000000000000000 ) ) ;
#2188 = STYLED_ITEM ( 'NONE', ( #104 ), #23 ) ;
#2189 = AXIS2_PLACEMENT_3D ( 'NONE', #2455, #397, #1098 ) ;
#2190 = EDGE_LOOP ( 'NONE', ( #272, #1454, #1650, #1080 ) ) ;
#2191 = ORIENTED_EDGE ( 'NONE', *, *, #2372, .T. ) ;
#2192 = CARTESIAN_POINT ( 'NONE',  ( 0.2500000000000001110, 1.900000000000000133, -4.599999999999999645 ) ) ;
#2193 = ORIENTED_EDGE ( 'NONE', *, *, #328, .F. ) ;
#2194 = CARTESIAN_POINT ( 'NONE',  ( 3.185723168826146257, 1.905000000000000027, -2.249597769201114872 ) ) ;
#2195 = SURFACE_SIDE_STYLE ('',( #1282 ) ) ;
#2196 = PRESENTATION_LAYER_ASSIGNMENT (  '', '', ( #2483 ) ) ;
#2197 = DIRECTION ( 'NONE',  ( 1.000000000000000000, 0.000000000000000000, 0.000000000000000000 ) ) ;
#2198 = EDGE_CURVE ( 'NONE', #2932, #462, #1830, .T. ) ;
#2199 = COLOUR_RGB ( '',0.8980392156862745390, 0.9215686274509803377, 0.9294117647058823817 ) ;
#2200 = MECHANICAL_DESIGN_GEOMETRIC_PRESENTATION_REPRESENTATION (  '', ( #756 ), #1393 ) ;
#2201 = EDGE_CURVE ( 'NONE', #2843, #218, #2738, .T. ) ;
#2202 = AXIS2_PLACEMENT_3D ( 'NONE', #1666, #1882, #1499 ) ;
#2203 = CARTESIAN_POINT ( 'NONE',  ( 5.078623117886716720, 1.899999999999999911, -1.895731297701220397 ) ) ;
#2204 = DIRECTION ( 'NONE',  ( 1.000000000000000000, 0.000000000000000000, 0.000000000000000000 ) ) ;
#2205 = ADVANCED_FACE ( 'NONE', ( #679 ), #2031, .F. ) ;
#2206 = ORIENTED_EDGE ( 'NONE', *, *, #547, .T. ) ;
#2207 = EDGE_LOOP ( 'NONE', ( #2615, #2613, #2859, #2365, #965, #1917, #917, #2169 ) ) ;
#2208 = FILL_AREA_STYLE ('',( #359 ) ) ;
#2209 = CARTESIAN_POINT ( 'NONE',  ( -0.1009999999999998399, 0.000000000000000000, -3.800000000000000266 ) ) ;
#2210 = CARTESIAN_POINT ( 'NONE',  ( 1.537779882194698855, -3.192222914327899506E-17, -0.8000000000000003775 ) ) ;
#2211 = DIRECTION ( 'NONE',  ( 0.000000000000000000, 0.000000000000000000, -1.000000000000000000 ) ) ;
#2212 = DIRECTION ( 'NONE',  ( 0.000000000000000000, 0.000000000000000000, 1.000000000000000000 ) ) ;
#2213 = FILL_AREA_STYLE ('',( #2428 ) ) ;
#2214 = UNCERTAINTY_MEASURE_WITH_UNIT (LENGTH_MEASURE( 1.000000000000000082E-05 ), #2174, 'distance_accuracy_value', 'NONE');
#2215 = ADVANCED_FACE ( 'NONE', ( #2072 ), #240, .F. ) ;
#2216 = DIRECTION ( 'NONE',  ( 0.4443210308328902070, 0.000000000000000000, -0.8958676361827107026 ) ) ;
#2217 = EDGE_LOOP ( 'NONE', ( #436, #1668, #1116, #1784, #584, #2477 ) ) ;
#2218 = ADVANCED_FACE ( 'NONE', ( #724 ), #2560, .F. ) ;
#2219 = VERTEX_POINT ( 'NONE', #664 ) ;
#2220 = ORIENTED_EDGE ( 'NONE', *, *, #1269, .F. ) ;
#2221 = DIRECTION ( 'NONE',  ( 6.687102215165528384E-19, 1.000000000000000000, 0.000000000000000000 ) ) ;
#2222 = EDGE_LOOP ( 'NONE', ( #125, #775, #2047, #2310 ) ) ;
#2223 = CARTESIAN_POINT ( 'NONE',  ( 4.910838768598099868, 1.905000000000000027, -2.249597769199492170 ) ) ;
#2224 = FILL_AREA_STYLE ('',( #1317 ) ) ;
#2225 = FACE_OUTER_BOUND ( 'NONE', #1145, .T. ) ;
#2226 =( LENGTH_UNIT ( ) NAMED_UNIT ( * ) SI_UNIT ( .MILLI., .METRE. ) );
#2227 = SURFACE_STYLE_FILL_AREA ( #2460 ) ;
#2228 = CARTESIAN_POINT ( 'NONE',  ( -0.001000000000000000671, -1.884461857322079048E-16, -0.8000000000000003775 ) ) ;
#2229 = EDGE_CURVE ( 'NONE', #2301, #2091, #1054, .T. ) ;
#2230 = ORIENTED_EDGE ( 'NONE', *, *, #1171, .F. ) ;
#2231 = ORIENTED_EDGE ( 'NONE', *, *, #545, .F. ) ;
#2232 = EDGE_CURVE ( 'NONE', #2119, #2832, #2353, .T. ) ;
#2233 = VECTOR ( 'NONE', #1654, 1000.000000000000114 ) ;
#2234 = CARTESIAN_POINT ( 'NONE',  ( 3.543701856940162376, 1.905000000000000027, -1.895731297701219953 ) ) ;
#2235 = LINE ( 'NONE', #589, #2975 ) ;
#2236 = CARTESIAN_POINT ( 'NONE',  ( 0.000000000000000000, 0.000000000000000000, -0.8000000000000003775 ) ) ;
#2237 = FACE_OUTER_BOUND ( 'NONE', #1910, .T. ) ;
#2238 = VECTOR ( 'NONE', #1798, 1000.000000000000000 ) ;
#2239 = COLOUR_RGB ( '',0.8980392156862745390, 0.9215686274509803377, 0.9294117647058823817 ) ;
#2240 = LINE ( 'NONE', #2441, #860 ) ;
#2241 = VECTOR ( 'NONE', #1835, 1000.000000000000000 ) ;
#2242 = VECTOR ( 'NONE', #1141, 1000.000000000000000 ) ;
#2243 = STYLED_ITEM ( 'NONE', ( #974 ), #1601 ) ;
#2244 = DIRECTION ( 'NONE',  ( -1.000000000000000000, -0.000000000000000000, -1.888631893057874286E-15 ) ) ;
#2245 = DIRECTION ( 'NONE',  ( 1.000000000000000000, 0.000000000000000000, -2.116196963092782927E-15 ) ) ;
#2246 = VECTOR ( 'NONE', #478, 1000.000000000000000 ) ;
#2247 = ORIENTED_EDGE ( 'NONE', *, *, #1028, .T. ) ;
#2248 = ORIENTED_EDGE ( 'NONE', *, *, #2251, .F. ) ;
#2249 = PLANE ( 'NONE',  #277 ) ;
#2250 = ORIENTED_EDGE ( 'NONE', *, *, #652, .T. ) ;
#2251 = EDGE_CURVE ( 'NONE', #1110, #420, #2857, .T. ) ;
#2252 = SURFACE_STYLE_USAGE ( .BOTH. , #2478 ) ;
#2253 = DIRECTION ( 'NONE',  ( -0.000000000000000000, -1.000000000000000000, -0.000000000000000000 ) ) ;
#2254 = DIRECTION ( 'NONE',  ( 0.000000000000000000, -0.000000000000000000, 1.000000000000000000 ) ) ;
#2255 = DIRECTION ( 'NONE',  ( 0.000000000000000000, -0.000000000000000000, 1.000000000000000000 ) ) ;
#2256 = ORIENTED_EDGE ( 'NONE', *, *, #2798, .F. ) ;
#2257 = DIRECTION ( 'NONE',  ( 0.2740217765954056639, 0.000000000000000000, -0.9617234872620599173 ) ) ;
#2258 = CARTESIAN_POINT ( 'NONE',  ( 5.020546938059225361, 1.905000000000000027, -2.547619496592405497 ) ) ;
#2259 = LINE ( 'NONE', #1382, #2097 ) ;
#2260 = ORIENTED_EDGE ( 'NONE', *, *, #299, .F. ) ;
#2261 = SURFACE_SIDE_STYLE ('',( #1578 ) ) ;
#2262 = ORIENTED_EDGE ( 'NONE', *, *, #162, .T. ) ;
#2263 = ORIENTED_EDGE ( 'NONE', *, *, #1727, .F. ) ;
#2264 = CARTESIAN_POINT ( 'NONE',  ( 4.843665196979641152, 1.905000000000000027, -1.895731297701220397 ) ) ;
#2265 = CARTESIAN_POINT ( 'NONE',  ( 4.369168781617137398, 1.905000000000000027, -2.702191784705270106 ) ) ;
#2266 = CARTESIAN_POINT ( 'NONE',  ( 2.839629940447088607, 1.905000000000000027, -2.249597769201114872 ) ) ;
#2267 = VERTEX_POINT ( 'NONE', #1189 ) ;
#2268 = DIRECTION ( 'NONE',  ( -0.2762437428917399185, 0.000000000000000000, 0.9610876102172800639 ) ) ;
#2269 = ORIENTED_EDGE ( 'NONE', *, *, #382, .T. ) ;
#2270 = EDGE_CURVE ( 'NONE', #2109, #838, #64, .T. ) ;
#2271 = DIRECTION ( 'NONE',  ( -1.677931933608518861E-16, -1.000000000000000000, 0.000000000000000000 ) ) ;
#2272 = VERTEX_POINT ( 'NONE', #293 ) ;
#2273 = DIRECTION ( 'NONE',  ( -0.000000000000000000, -1.000000000000000000, -0.000000000000000000 ) ) ;
#2274 = EDGE_CURVE ( 'NONE', #778, #2994, #1689, .T. ) ;
#2275 = SURFACE_STYLE_FILL_AREA ( #1367 ) ;
#2276 = PLANE ( 'NONE',  #68 ) ;
#2277 = ORIENTED_EDGE ( 'NONE', *, *, #729, .F. ) ;
#2278 = CARTESIAN_POINT ( 'NONE',  ( 1.872362597965852471, 1.899999999999999911, -1.895731297701219953 ) ) ;
#2279 = EDGE_LOOP ( 'NONE', ( #761, #1512, #1268, #2740 ) ) ;
#2280 = LINE ( 'NONE', #2524, #2584 ) ;
#2281 = LINE ( 'NONE', #2071, #1241 ) ;
#2282 = CARTESIAN_POINT ( 'NONE',  ( 2.925812401867613932, 1.899999999999999911, -2.548686171911270559 ) ) ;
#2283 = LINE ( 'NONE', #2561, #2531 ) ;
#2284 = ORIENTED_EDGE ( 'NONE', *, *, #2807, .F. ) ;
#2285 = ORIENTED_EDGE ( 'NONE', *, *, #512, .F. ) ;
#2286 = ORIENTED_EDGE ( 'NONE', *, *, #1969, .T. ) ;
#2287 = STYLED_ITEM ( 'NONE', ( #2100 ), #237 ) ;
#2288 = LINE ( 'NONE', #1399, #1140 ) ;
#2289 = EDGE_CURVE ( 'NONE', #2901, #882, #1457, .T. ) ;
#2290 = AXIS2_PLACEMENT_3D ( 'NONE', #1012, #2151, #518 ) ;
#2291 = FILL_AREA_STYLE_COLOUR ( '', #2728 ) ;
#2292 = VECTOR ( 'NONE', #1592, 1000.000000000000114 ) ;
#2293 = VECTOR ( 'NONE', #2253, 1000.000000000000000 ) ;
#2294 = EDGE_CURVE ( 'NONE', #1514, #1976, #792, .T. ) ;
#2295 = COLOUR_RGB ( '',0.8980392156862745390, 0.9215686274509803377, 0.9294117647058823817 ) ;
#2296 = CARTESIAN_POINT ( 'NONE',  ( 0.000000000000000000, 1.904999999999999583, 0.000000000000000000 ) ) ;
#2297 = COLOUR_RGB ( '',0.1019607843137254888, 0.1019607843137254888, 0.1019607843137254888 ) ;
#2298 = VECTOR ( 'NONE', #2425, 1000.000000000000227 ) ;
#2299 = VECTOR ( 'NONE', #1073, 999.9999999999998863 ) ;
#2300 = EDGE_CURVE ( 'NONE', #2932, #1236, #969, .T. ) ;
#2301 = VERTEX_POINT ( 'NONE', #2150 ) ;
#2302 = DIRECTION ( 'NONE',  ( 1.000000000000000000, -1.017195236304267109E-16, 0.000000000000000000 ) ) ;
#2303 = ORIENTED_EDGE ( 'NONE', *, *, #2497, .F. ) ;
#2304 = AXIS2_PLACEMENT_3D ( 'NONE', #1736, #2611, #2138 ) ;
#2305 = VECTOR ( 'NONE', #1139, 1000.000000000000000 ) ;
#2306 = CARTESIAN_POINT ( 'NONE',  ( 5.716197898665055455, 1.905000000000000027, -2.546461728368874411 ) ) ;
#2307 = CARTESIAN_POINT ( 'NONE',  ( 4.015460696978008670, 1.905000000000000027, -2.702191784705270106 ) ) ;
#2308 = DIRECTION ( 'NONE',  ( 1.000000000000000000, 0.000000000000000000, -0.000000000000000000 ) ) ;
#2309 = FILL_AREA_STYLE_COLOUR ( '', #1900 ) ;
#2310 = ORIENTED_EDGE ( 'NONE', *, *, #2409, .T. ) ;
#2311 = CARTESIAN_POINT ( 'NONE',  ( 3.228306809212786010, 1.905000000000000027, -2.398684648839587652 ) ) ;
#2312 =( NAMED_UNIT ( * ) SI_UNIT ( $, .STERADIAN. ) SOLID_ANGLE_UNIT ( ) );
#2313 = FILL_AREA_STYLE ('',( #2760 ) ) ;
#2314 = CARTESIAN_POINT ( 'NONE',  ( 5.065008908502011131, 1.905000000000000027, -2.702191784705270550 ) ) ;
#2315 = VERTEX_POINT ( 'NONE', #1209 ) ;
#2316 = EDGE_CURVE ( 'NONE', #1506, #2843, #1700, .T. ) ;
#2317 = LINE ( 'NONE', #1785, #231 ) ;
#2318 = LINE ( 'NONE', #441, #2242 ) ;
#2319 = CARTESIAN_POINT ( 'NONE',  ( 7.400999999999998913, -0.1000000000000000472, -3.800000000000000266 ) ) ;
#2320 = SURFACE_SIDE_STYLE ('',( #936 ) ) ;
#2321 = ORIENTED_EDGE ( 'NONE', *, *, #2289, .F. ) ;
#2322 = CARTESIAN_POINT ( 'NONE',  ( 2.613988843316547239, 1.905000000000000027, -2.702191784705270106 ) ) ;
#2323 = CARTESIAN_POINT ( 'NONE',  ( 3.932371369323392596, 1.905000000000000027, -1.895731297701219953 ) ) ;
#2324 = PRODUCT ( 'CAS_SMD_L7.6W4.6H2S1.3F2.5', 'CAS_SMD_L7.6W4.6H2S1.3F2.5', '', ( #1033 ) ) ;
#2325 = DIRECTION ( 'NONE',  ( 0.7083077534943259534, -0.000000000000000000, 0.7059037656365216851 ) ) ;
#2326 = CARTESIAN_POINT ( 'NONE',  ( 1.874804917271859050, 1.899999999999999911, -2.702191784705270550 ) ) ;
#2327 = ORIENTED_EDGE ( 'NONE', *, *, #1574, .F. ) ;
#2328 = EDGE_CURVE ( 'NONE', #1593, #1495, #1878, .T. ) ;
#2329 = CARTESIAN_POINT ( 'NONE',  ( 3.229577011083042848, 1.899999999999999911, -2.049160894554300949 ) ) ;
#2330 = CARTESIAN_POINT ( 'NONE',  ( 5.265720420744335328, 1.905000000000000027, -2.546479257459596024 ) ) ;
#2331 = CARTESIAN_POINT ( 'NONE',  ( 5.495396459732828198, 1.899999999999999911, -2.546479257457581635 ) ) ;
#2332 = EDGE_CURVE ( 'NONE', #1051, #2715, #994, .T. ) ;
#2333 =( NAMED_UNIT ( * ) PLANE_ANGLE_UNIT ( ) SI_UNIT ( $, .RADIAN. ) );
#2334 = PLANE ( 'NONE',  #2098 ) ;
#2335 = EDGE_LOOP ( 'NONE', ( #710, #1190, #1906, #1396 ) ) ;
#2336 = CARTESIAN_POINT ( 'NONE',  ( 2.782519898721566687, 1.905000000000000027, -2.049160894554300949 ) ) ;
#2337 = FACE_OUTER_BOUND ( 'NONE', #732, .T. ) ;
#2338 = AXIS2_PLACEMENT_3D ( 'NONE', #1115, #2471, #1337 ) ;
#2339 = VECTOR ( 'NONE', #833, 1000.000000000000000 ) ;
#2340 = CARTESIAN_POINT ( 'NONE',  ( 3.377795837061557727, 1.899999999999999911, -1.895731297701219509 ) ) ;
#2341 = PLANE ( 'NONE',  #1989 ) ;
#2342 = VECTOR ( 'NONE', #704, 1000.000000000000000 ) ;
#2343 = VECTOR ( 'NONE', #1392, 1000.000000000000000 ) ;
#2344 = SURFACE_STYLE_USAGE ( .BOTH. , #1431 ) ;
#2345 = ORIENTED_EDGE ( 'NONE', *, *, #1216, .F. ) ;
#2346 = SURFACE_STYLE_FILL_AREA ( #568 ) ;
#2347 = COLOUR_RGB ( '',0.8980392156862745390, 0.9215686274509803377, 0.9294117647058823817 ) ;
#2348 = AXIS2_PLACEMENT_3D ( 'NONE', #1604, #496, #2794 ) ;
#2349 = VECTOR ( 'NONE', #1673, 1000.000000000000114 ) ;
#2350 = CARTESIAN_POINT ( 'NONE',  ( 7.400999999999998913, -4.065758146820641628E-17, -3.800000000000000266 ) ) ;
#2351 = ORIENTED_EDGE ( 'NONE', *, *, #2232, .F. ) ;
#2352 = VECTOR ( 'NONE', #508, 1000.000000000000000 ) ;
#2353 = LINE ( 'NONE', #1251, #132 ) ;
#2354 = ADVANCED_FACE ( 'NONE', ( #1011 ), #338, .F. ) ;
#2355 = VECTOR ( 'NONE', #1142, 1000.000000000000227 ) ;
#2356 = DIRECTION ( 'NONE',  ( 0.000000000000000000, -0.000000000000000000, 1.000000000000000000 ) ) ;
#2357 = FACE_OUTER_BOUND ( 'NONE', #1497, .T. ) ;
#2358 = ADVANCED_FACE ( 'NONE', ( #981 ), #2134, .F. ) ;
#2359 = DIRECTION ( 'NONE',  ( 0.3725077383644281315, -0.000000000000000000, 0.9280290862136911789 ) ) ;
#2360 = ORIENTED_EDGE ( 'NONE', *, *, #987, .T. ) ;
#2361 = SURFACE_STYLE_FILL_AREA ( #1656 ) ;
#2362 = ORIENTED_EDGE ( 'NONE', *, *, #2902, .T. ) ;
#2363 = DIRECTION ( 'NONE',  ( -1.000000000000000000, 0.000000000000000000, -0.000000000000000000 ) ) ;
#2364 = LINE ( 'NONE', #947, #569 ) ;
#2365 = ORIENTED_EDGE ( 'NONE', *, *, #4, .T. ) ;
#2366 = FILL_AREA_STYLE_COLOUR ( '', #2347 ) ;
#2367 =( NAMED_UNIT ( * ) SI_UNIT ( $, .STERADIAN. ) SOLID_ANGLE_UNIT ( ) );
#2368 = SURFACE_SIDE_STYLE ('',( #2125 ) ) ;
#2369 = CARTESIAN_POINT ( 'NONE',  ( 3.228306809212786010, 1.905000000000000027, -2.398684648839587652 ) ) ;
#2370 = EDGE_CURVE ( 'NONE', #2897, #1162, #2950, .T. ) ;
#2371 = PLANE ( 'NONE',  #2304 ) ;
#2372 = EDGE_CURVE ( 'NONE', #1248, #75, #1112, .T. ) ;
#2373 = CYLINDRICAL_SURFACE ( 'NONE', #2396, 0.1000000000000002554 ) ;
#2374 = ORIENTED_EDGE ( 'NONE', *, *, #2919, .F. ) ;
#2375 = FACE_OUTER_BOUND ( 'NONE', #1537, .T. ) ;
#2376 = LINE ( 'NONE', #291, #809 ) ;
#2377 = ORIENTED_EDGE ( 'NONE', *, *, #2289, .T. ) ;
#2378 = CARTESIAN_POINT ( 'NONE',  ( 5.495396459732828198, 1.905000000000000027, -2.546479257457581635 ) ) ;
#2379 = DIRECTION ( 'NONE',  ( -0.9615454294334480068, 0.000000000000000000, -0.2746459304916900046 ) ) ;
#2380 = CARTESIAN_POINT ( 'NONE',  ( 3.228306809212786010, 1.905000000000000027, -2.398684648839587652 ) ) ;
#2381 = PRESENTATION_STYLE_ASSIGNMENT (( #772 ) ) ;
#2382 = ADVANCED_FACE ( 'NONE', ( #1800 ), #475, .F. ) ;
#2383 = CARTESIAN_POINT ( 'NONE',  ( 2.173635845982745174, 1.905000000000000027, -1.895731297701220175 ) ) ;
#2384 = STYLED_ITEM ( 'NONE', ( #102 ), #205 ) ;
#2385 = CARTESIAN_POINT ( 'NONE',  ( 4.369168781617137398, 1.899999999999999911, -2.702191784705270106 ) ) ;
#2386 = ORIENTED_EDGE ( 'NONE', *, *, #2201, .T. ) ;
#2387 =( GEOMETRIC_REPRESENTATION_CONTEXT ( 3 ) GLOBAL_UNCERTAINTY_ASSIGNED_CONTEXT ( ( #1777 ) ) GLOBAL_UNIT_ASSIGNED_CONTEXT ( ( #97, #53, #2367 ) ) REPRESENTATION_CONTEXT ( 'NONE', 'WORKASPACE' ) );
#2388 = EDGE_CURVE ( 'NONE', #2392, #139, #432, .T. ) ;
#2389 = VECTOR ( 'NONE', #580, 1000.000000000000000 ) ;
#2390 = VERTEX_POINT ( 'NONE', #1176 ) ;
#2391 = CARTESIAN_POINT ( 'NONE',  ( -0.1010000000000000064, 0.9499999999999998446, -0.8000000000000003775 ) ) ;
#2392 = VERTEX_POINT ( 'NONE', #2791 ) ;
#2393 = DIRECTION ( 'NONE',  ( -1.000000000000000000, 0.000000000000000000, 0.000000000000000000 ) ) ;
#2394 = DIRECTION ( 'NONE',  ( -0.4668459304955207556, 0.000000000000000000, 0.8843386665637613664 ) ) ;
#2395 = ORIENTED_EDGE ( 'NONE', *, *, #859, .T. ) ;
#2396 = AXIS2_PLACEMENT_3D ( 'NONE', #355, #1229, #1272 ) ;
#2397 = CARTESIAN_POINT ( 'NONE',  ( 4.507586455951489768, 1.905000000000000027, -2.049190320078301930 ) ) ;
#2398 =( NAMED_UNIT ( * ) SI_UNIT ( $, .STERADIAN. ) SOLID_ANGLE_UNIT ( ) );
#2399 = VECTOR ( 'NONE', #1913, 1000.000000000000000 ) ;
#2400 =( NAMED_UNIT ( * ) PLANE_ANGLE_UNIT ( ) SI_UNIT ( $, .RADIAN. ) );
#2401 = ORIENTED_EDGE ( 'NONE', *, *, #61, .F. ) ;
#2402 = SURFACE_SIDE_STYLE ('',( #2346 ) ) ;
#2403 = EDGE_CURVE ( 'NONE', #1976, #534, #2743, .T. ) ;
#2404 = ORIENTED_EDGE ( 'NONE', *, *, #2251, .T. ) ;
#2405 =( NAMED_UNIT ( * ) PLANE_ANGLE_UNIT ( ) SI_UNIT ( $, .RADIAN. ) );
#2406 = EDGE_LOOP ( 'NONE', ( #1498, #2505, #34, #1211 ) ) ;
#2407 = SURFACE_SIDE_STYLE ('',( #1224 ) ) ;
#2408 = ORIENTED_EDGE ( 'NONE', *, *, #2607, .F. ) ;
#2409 = EDGE_CURVE ( 'NONE', #915, #1419, #2288, .T. ) ;
#2410 = DIRECTION ( 'NONE',  ( -0.9670745372626464720, 0.2544932992796438698, 0.000000000000000000 ) ) ;
#2411 = DIRECTION ( 'NONE',  ( -0.9601763114346035799, 0.000000000000000000, -0.2793947940814920927 ) ) ;
#2412 = DIRECTION ( 'NONE',  ( 1.000000000000000000, 6.687102215165528384E-19, -0.000000000000000000 ) ) ;
#2413 = SURFACE_STYLE_FILL_AREA ( #1927 ) ;
#2414 = DIRECTION ( 'NONE',  ( 6.687102215165528384E-19, 1.000000000000000000, 0.000000000000000000 ) ) ;
#2415 = CARTESIAN_POINT ( 'NONE',  ( -0.0009999999999999805052, 0.8499999999999998668, -3.800000000000000266 ) ) ;
#2416 = CARTESIAN_POINT ( 'NONE',  ( 2.173635845982745174, 1.899999999999999911, -1.895731297701220175 ) ) ;
#2417 = EDGE_CURVE ( 'NONE', #1230, #1548, #1867, .T. ) ;
#2418 = ORIENTED_EDGE ( 'NONE', *, *, #1752, .T. ) ;
#2419 = CARTESIAN_POINT ( 'NONE',  ( 2.782519898721566243, 1.899999999999999911, -2.049160894554300949 ) ) ;
#2420 = EDGE_LOOP ( 'NONE', ( #56, #2450, #1253, #1432 ) ) ;
#2421 = DIRECTION ( 'NONE',  ( 7.938847109419767479E-05, 0.000000000000000000, -0.9999999968487353064 ) ) ;
#2422 = ORIENTED_EDGE ( 'NONE', *, *, #2953, .T. ) ;
#2423 = EDGE_CURVE ( 'NONE', #2033, #1548, #2550, .T. ) ;
#2424 = FACE_OUTER_BOUND ( 'NONE', #553, .T. ) ;
#2425 = DIRECTION ( 'NONE',  ( 0.2746459304916899491, 0.000000000000000000, -0.9615454294334478957 ) ) ;
#2426 = LINE ( 'NONE', #875, #1805 ) ;
#2427 = SURFACE_SIDE_STYLE ('',( #352 ) ) ;
#2428 = FILL_AREA_STYLE_COLOUR ( '', #1004 ) ;
#2429 = CARTESIAN_POINT ( 'NONE',  ( 5.862220117805299502, -0.1000000000000000472, -0.8000000000000003775 ) ) ;
#2430 = VECTOR ( 'NONE', #555, 1000.000000000000114 ) ;
#2431 = ORIENTED_EDGE ( 'NONE', *, *, #1659, .T. ) ;
#2432 = LINE ( 'NONE', #2655, #2637 ) ;
#2433 = EDGE_LOOP ( 'NONE', ( #1591, #505, #1063, #38 ) ) ;
#2434 = STYLED_ITEM ( 'NONE', ( #343 ), #845 ) ;
#2435 = VERTEX_POINT ( 'NONE', #2322 ) ;
#2436 = CARTESIAN_POINT ( 'NONE',  ( 3.185723168826146257, 1.899999999999999911, -2.249597769201113984 ) ) ;
#2437 = FACE_OUTER_BOUND ( 'NONE', #2420, .T. ) ;
#2438 = VECTOR ( 'NONE', #2137, 1000.000000000000000 ) ;
#2439 =( NAMED_UNIT ( * ) SI_UNIT ( $, .STERADIAN. ) SOLID_ANGLE_UNIT ( ) );
#2440 = VECTOR ( 'NONE', #82, 1000.000000000000000 ) ;
#2441 = CARTESIAN_POINT ( 'NONE',  ( -0.2245024875621890459, 0.09689054726368165338, -4.779601990049751947 ) ) ;
#2442 = VECTOR ( 'NONE', #146, 1000.000000000000114 ) ;
#2443 = EDGE_CURVE ( 'NONE', #551, #778, #683, .T. ) ;
#2444 = VECTOR ( 'NONE', #1158, 1000.000000000000000 ) ;
#2445 =( GEOMETRIC_REPRESENTATION_CONTEXT ( 3 ) GLOBAL_UNCERTAINTY_ASSIGNED_CONTEXT ( ( #411 ) ) GLOBAL_UNIT_ASSIGNED_CONTEXT ( ( #2680, #1520, #2454 ) ) REPRESENTATION_CONTEXT ( 'NONE', 'WORKASPACE' ) );
#2446 = CARTESIAN_POINT ( 'NONE',  ( 5.862220117805299502, -0.1000000000000000472, -3.800000000000000266 ) ) ;
#2447 = ORIENTED_EDGE ( 'NONE', *, *, #162, .F. ) ;
#2448 = ORIENTED_EDGE ( 'NONE', *, *, #932, .T. ) ;
#2449 = APPLICATION_PROTOCOL_DEFINITION ( 'draft international standard', 'automotive_design', 1998, #252 ) ;
#2450 = ORIENTED_EDGE ( 'NONE', *, *, #2274, .F. ) ;
#2451 = DIRECTION ( 'NONE',  ( -0.9999999968487351953, 0.000000000000000000, -7.938847109419766123E-05 ) ) ;
#2452 = ORIENTED_EDGE ( 'NONE', *, *, #1872, .F. ) ;
#2453 = CARTESIAN_POINT ( 'NONE',  ( 4.139541785171635624, 1.905000000000000027, -2.617159370927629070 ) ) ;
#2454 =( NAMED_UNIT ( * ) SI_UNIT ( $, .STERADIAN. ) SOLID_ANGLE_UNIT ( ) );
#2455 = CARTESIAN_POINT ( 'NONE',  ( 7.399999999999998579, 0.000000000000000000, -0.8000000000000003775 ) ) ;
#2456 = EDGE_CURVE ( 'NONE', #1607, #694, #1364, .T. ) ;
#2457 = DIRECTION ( 'NONE',  ( 0.000000000000000000, 0.9785497849867490494, 0.2060104810498415706 ) ) ;
#2458 = UNCERTAINTY_MEASURE_WITH_UNIT (LENGTH_MEASURE( 1.000000000000000082E-05 ), #1568, 'distance_accuracy_value', 'NONE');
#2459 = EDGE_CURVE ( 'NONE', #2474, #321, #2501, .T. ) ;
#2460 = FILL_AREA_STYLE ('',( #1060 ) ) ;
#2461 = SURFACE_STYLE_FILL_AREA ( #342 ) ;
#2462 = ORIENTED_EDGE ( 'NONE', *, *, #2951, .T. ) ;
#2463 = DIRECTION ( 'NONE',  ( -0.2745159998572670457, 0.000000000000000000, 0.9615825319869142351 ) ) ;
#2464 = ORIENTED_EDGE ( 'NONE', *, *, #800, .F. ) ;
#2465 = PLANE ( 'NONE',  #2679 ) ;
#2466 = DIRECTION ( 'NONE',  ( -1.000000000000000000, -1.017195236304267233E-16, 0.000000000000000000 ) ) ;
#2467 = FILL_AREA_STYLE ('',( #1069 ) ) ;
#2468 = CARTESIAN_POINT ( 'NONE',  ( 4.466326964883680084, 1.905000000000000027, -2.702191784705270550 ) ) ;
#2469 = UNCERTAINTY_MEASURE_WITH_UNIT (LENGTH_MEASURE( 1.000000000000000082E-05 ), #14, 'distance_accuracy_value', 'NONE');
#2470 = CARTESIAN_POINT ( 'NONE',  ( 4.466326964883680084, 1.905000000000000027, -2.702191784705270550 ) ) ;
#2471 = DIRECTION ( 'NONE',  ( 0.000000000000000000, -0.000000000000000000, 1.000000000000000000 ) ) ;
#2472 = PRESENTATION_LAYER_ASSIGNMENT (  '', '', ( #2092 ) ) ;
#2473 = EDGE_CURVE ( 'NONE', #108, #1387, #445, .T. ) ;
#2474 = VERTEX_POINT ( 'NONE', #1602 ) ;
#2475 = VECTOR ( 'NONE', #2490, 1000.000000000000000 ) ;
#2476 = PLANE ( 'NONE',  #894 ) ;
#2477 = ORIENTED_EDGE ( 'NONE', *, *, #2847, .F. ) ;
#2478 = SURFACE_SIDE_STYLE ('',( #248 ) ) ;
#2479 = CARTESIAN_POINT ( 'NONE',  ( 2.882164538290417521, 1.899999999999999911, -2.398684648839586764 ) ) ;
#2480 = DIRECTION ( 'NONE',  ( 1.000000000000000000, 0.000000000000000000, 0.000000000000000000 ) ) ;
#2481 = FILL_AREA_STYLE ('',( #131 ) ) ;
#2482 = MECHANICAL_DESIGN_GEOMETRIC_PRESENTATION_REPRESENTATION (  '', ( #1435 ), #2674 ) ;
#2483 = STYLED_ITEM ( 'NONE', ( #310 ), #1126 ) ;
#2484 = CARTESIAN_POINT ( 'NONE',  ( 4.843665196979641152, 1.905000000000000027, -1.895731297701220397 ) ) ;
#2485 = UNCERTAINTY_MEASURE_WITH_UNIT (LENGTH_MEASURE( 1.000000000000000082E-05 ), #1258, 'distance_accuracy_value', 'NONE');
#2486 = AXIS2_PLACEMENT_3D ( 'NONE', #379, #2677, #144 ) ;
#2487 =( GEOMETRIC_REPRESENTATION_CONTEXT ( 3 ) GLOBAL_UNCERTAINTY_ASSIGNED_CONTEXT ( ( #1968 ) ) GLOBAL_UNIT_ASSIGNED_CONTEXT ( ( #1838, #941, #2312 ) ) REPRESENTATION_CONTEXT ( 'NONE', 'WORKASPACE' ) );
#2488 = AXIS2_PLACEMENT_3D ( 'NONE', #1271, #2640, #820 ) ;
#2489 = CARTESIAN_POINT ( 'NONE',  ( 4.507586455951489768, 1.899999999999999911, -2.049190320078301930 ) ) ;
#2490 = DIRECTION ( 'NONE',  ( 1.000000000000000000, -1.017195236304267233E-16, 0.000000000000000000 ) ) ;
#2491 = VERTEX_POINT ( 'NONE', #2077 ) ;
#2492 = EDGE_CURVE ( 'NONE', #344, #420, #715, .T. ) ;
#2493 =( NAMED_UNIT ( * ) SI_UNIT ( $, .STERADIAN. ) SOLID_ANGLE_UNIT ( ) );
#2494 = ORIENTED_EDGE ( 'NONE', *, *, #841, .F. ) ;
#2495 = PLANE ( 'NONE',  #85 ) ;
#2496 = CARTESIAN_POINT ( 'NONE',  ( 2.419015307350435240, 1.905000000000000027, -1.895731297701219953 ) ) ;
#2497 = EDGE_CURVE ( 'NONE', #773, #1550, #2516, .T. ) ;
#2498 = DIRECTION ( 'NONE',  ( -0.000000000000000000, -0.000000000000000000, -1.000000000000000000 ) ) ;
#2499 = ORIENTED_EDGE ( 'NONE', *, *, #2370, .T. ) ;
#2500 = VERTEX_POINT ( 'NONE', #2989 ) ;
#2501 = LINE ( 'NONE', #457, #564 ) ;
#2502 = LINE ( 'NONE', #698, #1581 ) ;
#2503 = CARTESIAN_POINT ( 'NONE',  ( 3.228306809212786010, 1.899999999999999911, -2.398684648839587652 ) ) ;
#2504 = LINE ( 'NONE', #891, #1517 ) ;
#2505 = ORIENTED_EDGE ( 'NONE', *, *, #2597, .F. ) ;
#2506 = ORIENTED_EDGE ( 'NONE', *, *, #208, .F. ) ;
#2507 = LINE ( 'NONE', #2957, #118 ) ;
#2508 = ORIENTED_EDGE ( 'NONE', *, *, #829, .F. ) ;
#2509 = EDGE_CURVE ( 'NONE', #2692, #617, #2095, .T. ) ;
#2510 = LINE ( 'NONE', #1359, #1769 ) ;
#2511 = LINE ( 'NONE', #2496, #280 ) ;
#2512 = DIRECTION ( 'NONE',  ( -0.9615323037684290197, 0.000000000000000000, -0.2746918797667263212 ) ) ;
#2513 = LINE ( 'NONE', #504, #1483 ) ;
#2514 = ORIENTED_EDGE ( 'NONE', *, *, #1269, .T. ) ;
#2515 = EDGE_CURVE ( 'NONE', #1550, #720, #1651, .T. ) ;
#2516 = LINE ( 'NONE', #1147, #1907 ) ;
#2517 = VERTEX_POINT ( 'NONE', #24 ) ;
#2518 = FACE_OUTER_BOUND ( 'NONE', #2406, .T. ) ;
#2519 = EDGE_CURVE ( 'NONE', #2771, #1034, #956, .T. ) ;
#2520 = DIRECTION ( 'NONE',  ( -1.017195236304267109E-16, 1.000000000000000000, 0.000000000000000000 ) ) ;
#2521 = CARTESIAN_POINT ( 'NONE',  ( 3.932371369323392596, 1.905000000000000027, -1.895731297701219953 ) ) ;
#2522 = ORIENTED_EDGE ( 'NONE', *, *, #2757, .F. ) ;
#2523 = ORIENTED_EDGE ( 'NONE', *, *, #2833, .T. ) ;
#2524 = CARTESIAN_POINT ( 'NONE',  ( 1.997869822764845260, 1.899999999999999911, -2.333617454457363127 ) ) ;
#2525 = CARTESIAN_POINT ( 'NONE',  ( 4.887210071214730611, 1.905000000000000027, -2.049190320078301930 ) ) ;
#2526 = DIRECTION ( 'NONE',  ( -1.000000000000000000, 0.000000000000000000, -0.000000000000000000 ) ) ;
#2527 = LINE ( 'NONE', #470, #1801 ) ;
#2528 = ORIENTED_EDGE ( 'NONE', *, *, #1972, .F. ) ;
#2529 = CIRCLE ( 'NONE', #2624, 0.1000000000000000056 ) ;
#2530 = DIRECTION ( 'NONE',  ( 0.2762033010252005205, 0.000000000000000000, -0.9610992334315860974 ) ) ;
#2531 = VECTOR ( 'NONE', #6, 1000.000000000000114 ) ;
#2532 = DIRECTION ( 'NONE',  ( 1.000000000000000000, 0.000000000000000000, -0.000000000000000000 ) ) ;
#2533 = EDGE_CURVE ( 'NONE', #2671, #42, #1979, .T. ) ;
#2534 = MECHANICAL_DESIGN_GEOMETRIC_PRESENTATION_REPRESENTATION (  '', ( #2052 ), #1136 ) ;
#2535 = AXIS2_PLACEMENT_3D ( 'NONE', #1374, #692, #2526 ) ;
#2536 = PLANE ( 'NONE',  #943 ) ;
#2537 = EDGE_CURVE ( 'NONE', #978, #2033, #2934, .T. ) ;
#2538 = AXIS2_PLACEMENT_3D ( 'NONE', #1204, #486, #1218 ) ;
#2539 = DIRECTION ( 'NONE',  ( -1.000000000000000000, 0.000000000000000000, 3.021165783968233945E-15 ) ) ;
#2540 = ORIENTED_EDGE ( 'NONE', *, *, #2675, .T. ) ;
#2541 = CARTESIAN_POINT ( 'NONE',  ( 2.741056880455718936, 1.899999999999999911, -2.702191784705270106 ) ) ;
#2542 =( GEOMETRIC_REPRESENTATION_CONTEXT ( 3 ) GLOBAL_UNCERTAINTY_ASSIGNED_CONTEXT ( ( #2485 ) ) GLOBAL_UNIT_ASSIGNED_CONTEXT ( ( #1258, #1242, #1228 ) ) REPRESENTATION_CONTEXT ( 'NONE', 'WORKASPACE' ) );
#2543 = CARTESIAN_POINT ( 'NONE',  ( 3.229577011083042848, 1.899999999999999911, -2.049160894554300949 ) ) ;
#2544 = LINE ( 'NONE', #723, #1855 ) ;
#2545 = PLANE ( 'NONE',  #2838 ) ;
#2546 = CARTESIAN_POINT ( 'NONE',  ( 0.2500000000000002220, -3.673940397442037312E-17, -0.1999999999999996503 ) ) ;
#2547 = ORIENTED_EDGE ( 'NONE', *, *, #99, .F. ) ;
#2548 = ORIENTED_EDGE ( 'NONE', *, *, #865, .F. ) ;
#2549 = EDGE_LOOP ( 'NONE', ( #334, #2658, #184, #1923 ) ) ;
#2550 = LINE ( 'NONE', #2311, #1859 ) ;
#2551 = CARTESIAN_POINT ( 'NONE',  ( 7.500999999999998558, -1.084202172485504434E-16, -0.8000000000000003775 ) ) ;
#2552 = EDGE_CURVE ( 'NONE', #242, #1506, #1508, .T. ) ;
#2553 = FILL_AREA_STYLE ('',( #2651 ) ) ;
#2554 = EDGE_CURVE ( 'NONE', #1482, #2109, #2904, .T. ) ;
#2555 = PLANE ( 'NONE',  #2538 ) ;
#2556 = ORIENTED_EDGE ( 'NONE', *, *, #1919, .T. ) ;
#2557 = CARTESIAN_POINT ( 'NONE',  ( 2.237508854434027583, 1.899999999999999911, -2.333617454457372453 ) ) ;
#2558 = LINE ( 'NONE', #1008, #2878 ) ;
#2559 = PLANE ( 'NONE',  #1720 ) ;
#2560 = PLANE ( 'NONE',  #1240 ) ;
#2561 = CARTESIAN_POINT ( 'NONE',  ( 3.729711267094204530, 1.905000000000000027, -2.126046051043519736 ) ) ;
#2562 = EDGE_LOOP ( 'NONE', ( #2004, #210, #2836, #2170 ) ) ;
#2563 = VERTEX_POINT ( 'NONE', #1760 ) ;
#2564 = FACE_OUTER_BOUND ( 'NONE', #201, .T. ) ;
#2565 = DIRECTION ( 'NONE',  ( -0.4443210308328901514, 0.000000000000000000, 0.8958676361827107026 ) ) ;
#2566 = SURFACE_SIDE_STYLE ('',( #2079 ) ) ;
#2567 = CARTESIAN_POINT ( 'NONE',  ( 3.417282441482504041, 1.899999999999999911, -2.702191784705270550 ) ) ;
#2568 = ORIENTED_EDGE ( 'NONE', *, *, #2300, .T. ) ;
#2569 = FILL_AREA_STYLE_COLOUR ( '', #1765 ) ;
#2570 = ORIENTED_EDGE ( 'NONE', *, *, #1904, .T. ) ;
#2571 = DIRECTION ( 'NONE',  ( 1.000000000000000000, 0.000000000000000000, 0.000000000000000000 ) ) ;
#2572 = DIRECTION ( 'NONE',  ( -0.000000000000000000, -1.000000000000000000, -0.000000000000000000 ) ) ;
#2573 = ORIENTED_EDGE ( 'NONE', *, *, #267, .F. ) ;
#2574 = DIRECTION ( 'NONE',  ( -0.000000000000000000, -1.000000000000000000, -0.000000000000000000 ) ) ;
#2575 = DIRECTION ( 'NONE',  ( -1.888631893057874286E-15, 0.000000000000000000, 1.000000000000000000 ) ) ;
#2576 = ORIENTED_EDGE ( 'NONE', *, *, #1006, .T. ) ;
#2577 = SURFACE_SIDE_STYLE ('',( #1665 ) ) ;
#2578 = MECHANICAL_DESIGN_GEOMETRIC_PRESENTATION_REPRESENTATION (  '', ( #2384 ), #2141 ) ;
#2579 = ORIENTED_EDGE ( 'NONE', *, *, #1342, .T. ) ;
#2580 = AXIS2_PLACEMENT_3D ( 'NONE', #1701, #2575, #1024 ) ;
#2581 = FILL_AREA_STYLE_COLOUR ( '', #2686 ) ;
#2582 =( GEOMETRIC_REPRESENTATION_CONTEXT ( 3 ) GLOBAL_UNCERTAINTY_ASSIGNED_CONTEXT ( ( #2697 ) ) GLOBAL_UNIT_ASSIGNED_CONTEXT ( ( #2828, #1466, #733 ) ) REPRESENTATION_CONTEXT ( 'NONE', 'WORKASPACE' ) );
#2583 = ORIENTED_EDGE ( 'NONE', *, *, #208, .T. ) ;
#2584 = VECTOR ( 'NONE', #1119, 1000.000000000000227 ) ;
#2585 = AXIS2_PLACEMENT_3D ( 'NONE', #101, #67, #522 ) ;
#2586 = AXIS2_PLACEMENT_3D ( 'NONE', #322, #1445, #2608 ) ;
#2587 = FACE_OUTER_BOUND ( 'NONE', #1192, .T. ) ;
#2588 = ORIENTED_EDGE ( 'NONE', *, *, #2937, .F. ) ;
#2589 = VECTOR ( 'NONE', #2921, 1000.000000000000000 ) ;
#2590 = STYLED_ITEM ( 'NONE', ( #2853 ), #1444 ) ;
#2591 = ADVANCED_FACE ( 'NONE', ( #2009 ), #1270, .F. ) ;
#2592 = FACE_OUTER_BOUND ( 'NONE', #451, .T. ) ;
#2593 = VERTEX_POINT ( 'NONE', #129 ) ;
#2594 = VECTOR ( 'NONE', #1981, 999.9999999999998863 ) ;
#2595 = CARTESIAN_POINT ( 'NONE',  ( 3.758697010579060915, 1.905000000000000027, -1.895731297701219953 ) ) ;
#2596 = PRESENTATION_LAYER_ASSIGNMENT (  '', '', ( #1582 ) ) ;
#2597 = EDGE_CURVE ( 'NONE', #551, #1313, #1058, .T. ) ;
#2598 = CARTESIAN_POINT ( 'NONE',  ( 7.500999999999998558, -0.1000000000000000472, -3.800000000000000266 ) ) ;
#2599 = PLANE ( 'NONE',  #2585 ) ;
#2600 = SURFACE_SIDE_STYLE ('',( #2413 ) ) ;
#2601 = ORIENTED_EDGE ( 'NONE', *, *, #652, .F. ) ;
#2602 = DIRECTION ( 'NONE',  ( 0.2755265765475035655, -0.000000000000000000, -0.9612934544747574472 ) ) ;
#2603 = DIRECTION ( 'NONE',  ( 0.4668459304955208111, 0.000000000000000000, -0.8843386665637613664 ) ) ;
#2604 = ORIENTED_EDGE ( 'NONE', *, *, #311, .T. ) ;
#2605 = CARTESIAN_POINT ( 'NONE',  ( 4.650981948435314983, 1.905000000000000027, -2.548659198511568746 ) ) ;
#2606 = FACE_OUTER_BOUND ( 'NONE', #1896, .T. ) ;
#2607 = EDGE_CURVE ( 'NONE', #1634, #2006, #1096, .T. ) ;
#2608 = DIRECTION ( 'NONE',  ( 0.2544932992796438143, -0.9670745372626463610, 0.000000000000000000 ) ) ;
#2609 =( NAMED_UNIT ( * ) SI_UNIT ( $, .STERADIAN. ) SOLID_ANGLE_UNIT ( ) );
#2610 = EDGE_CURVE ( 'NONE', #1267, #2891, #209, .T. ) ;
#2611 = DIRECTION ( 'NONE',  ( -0.000000000000000000, 1.000000000000000000, 0.000000000000000000 ) ) ;
#2612 = FACE_OUTER_BOUND ( 'NONE', #2986, .T. ) ;
#2613 = ORIENTED_EDGE ( 'NONE', *, *, #2610, .T. ) ;
#2614 = PLANE ( 'NONE',  #561 ) ;
#2615 = ORIENTED_EDGE ( 'NONE', *, *, #770, .F. ) ;
#2616 = DIRECTION ( 'NONE',  ( -0.000000000000000000, -0.000000000000000000, -1.000000000000000000 ) ) ;
#2617 = ORIENTED_EDGE ( 'NONE', *, *, #865, .T. ) ;
#2618 = CARTESIAN_POINT ( 'NONE',  ( 5.862220117805299502, -0.1000000000000000472, -3.800000000000000266 ) ) ;
#2619 = PLANE ( 'NONE',  #1285 ) ;
#2620 = CARTESIAN_POINT ( 'NONE',  ( 2.237508854434027583, 1.905000000000000027, -2.333617454457372897 ) ) ;
#2621 = SURFACE_SIDE_STYLE ('',( #869 ) ) ;
#2622 = MECHANICAL_DESIGN_GEOMETRIC_PRESENTATION_REPRESENTATION (  '', ( #2092 ), #602 ) ;
#2623 = ADVANCED_FACE ( 'NONE', ( #1068 ), #2649, .T. ) ;
#2624 = AXIS2_PLACEMENT_3D ( 'NONE', #2415, #579, #2204 ) ;
#2625 =( NAMED_UNIT ( * ) SI_UNIT ( $, .STERADIAN. ) SOLID_ANGLE_UNIT ( ) );
#2626 = EDGE_CURVE ( 'NONE', #1614, #51, #632, .T. ) ;
#2627 = FACE_OUTER_BOUND ( 'NONE', #487, .T. ) ;
#2628 = ORIENTED_EDGE ( 'NONE', *, *, #1427, .F. ) ;
#2629 = VECTOR ( 'NONE', #1561, 1000.000000000000000 ) ;
#2630 = DIRECTION ( 'NONE',  ( 0.000000000000000000, 0.000000000000000000, 1.000000000000000000 ) ) ;
#2631 = ORIENTED_EDGE ( 'NONE', *, *, #2300, .F. ) ;
#2632 = CARTESIAN_POINT ( 'NONE',  ( 3.336842861889568024, 1.905000000000000027, -2.702191784705270106 ) ) ;
#2633 = ORIENTED_EDGE ( 'NONE', *, *, #2232, .T. ) ;
#2634 = DIRECTION ( 'NONE',  ( -0.9611638845408964071, 0.000000000000000000, -0.2759782365590708886 ) ) ;
#2635 = EDGE_LOOP ( 'NONE', ( #1219, #586, #2875, #405 ) ) ;
#2636 = PRESENTATION_LAYER_ASSIGNMENT (  '', '', ( #474 ) ) ;
#2637 = VECTOR ( 'NONE', #1710, 1000.000000000000000 ) ;
#2638 = DIRECTION ( 'NONE',  ( -0.000000000000000000, -1.000000000000000000, -0.000000000000000000 ) ) ;
#2639 = SURFACE_STYLE_USAGE ( .BOTH. , #1718 ) ;
#2640 = DIRECTION ( 'NONE',  ( 0.002813301676023033382, 0.000000000000000000, -0.9999960426590096541 ) ) ;
#2641 = ADVANCED_FACE ( 'NONE', ( #2437 ), #1746, .F. ) ;
#2642 = DIRECTION ( 'NONE',  ( 1.000000000000000000, 0.000000000000000000, 0.000000000000000000 ) ) ;
#2643 = CARTESIAN_POINT ( 'NONE',  ( 2.508990016831305070, 1.905000000000000027, -1.895731297701219509 ) ) ;
#2644 = EDGE_CURVE ( 'NONE', #1824, #2769, #2235, .T. ) ;
#2645 = EDGE_LOOP ( 'NONE', ( #1819, #2800, #1695, #1973 ) ) ;
#2646 = SHAPE_DEFINITION_REPRESENTATION ( #480, #1915 ) ;
#2647 = ORIENTED_EDGE ( 'NONE', *, *, #365, .T. ) ;
#2648 = CARTESIAN_POINT ( 'NONE',  ( 4.507586455951489768, 1.905000000000000027, -2.049190320078301930 ) ) ;
#2649 = PLANE ( 'NONE',  #1296 ) ;
#2650 = FILL_AREA_STYLE_COLOUR ( '', #2295 ) ;
#2651 = FILL_AREA_STYLE_COLOUR ( '', #1897 ) ;
#2652 = SURFACE_STYLE_FILL_AREA ( #2213 ) ;
#2653 = LINE ( 'NONE', #2429, #1707 ) ;
#2654 = ORIENTED_EDGE ( 'NONE', *, *, #1464, .T. ) ;
#2655 = CARTESIAN_POINT ( 'NONE',  ( -0.001000000000000000671, -1.884461857322079048E-16, -3.800000000000000266 ) ) ;
#2656 = ORIENTED_EDGE ( 'NONE', *, *, #251, .F. ) ;
#2657 = EDGE_CURVE ( 'NONE', #534, #122, #2660, .T. ) ;
#2658 = ORIENTED_EDGE ( 'NONE', *, *, #538, .F. ) ;
#2659 = CARTESIAN_POINT ( 'NONE',  ( -0.2338082901554404402, 0.06152849740932642836, -4.599999999999999645 ) ) ;
#2660 = LINE ( 'NONE', #599, #1912 ) ;
#2661 =( NAMED_UNIT ( * ) PLANE_ANGLE_UNIT ( ) SI_UNIT ( $, .RADIAN. ) );
#2662 = SURFACE_STYLE_USAGE ( .BOTH. , #185 ) ;
#2663 = ORIENTED_EDGE ( 'NONE', *, *, #2146, .F. ) ;
#2664 = DIRECTION ( 'NONE',  ( 0.000000000000000000, 0.2060104810498415984, -0.9785497849867491604 ) ) ;
#2665 = PRODUCT_DEFINITION_CONTEXT ( 'detailed design', #368, 'design' ) ;
#2666 = DIRECTION ( 'NONE',  ( 0.8958676361827108137, -0.000000000000000000, 0.4443210308328902625 ) ) ;
#2667 = ORIENTED_EDGE ( 'NONE', *, *, #1402, .F. ) ;
#2668 = MECHANICAL_DESIGN_GEOMETRIC_PRESENTATION_REPRESENTATION (  '', ( #2287 ), #1477 ) ;
#2669 = PRESENTATION_LAYER_ASSIGNMENT (  '', '', ( #2959 ) ) ;
#2670 = EDGE_LOOP ( 'NONE', ( #1469, #2701, #273, #897 ) ) ;
#2671 = VERTEX_POINT ( 'NONE', #933 ) ;
#2672 = CARTESIAN_POINT ( 'NONE',  ( 5.495396459732828198, 1.905000000000000027, -2.546479257457581635 ) ) ;
#2673 = ORIENTED_EDGE ( 'NONE', *, *, #1555, .F. ) ;
#2674 =( GEOMETRIC_REPRESENTATION_CONTEXT ( 3 ) GLOBAL_UNCERTAINTY_ASSIGNED_CONTEXT ( ( #2469 ) ) GLOBAL_UNIT_ASSIGNED_CONTEXT ( ( #14, #1134, #2493 ) ) REPRESENTATION_CONTEXT ( 'NONE', 'WORKASPACE' ) );
#2675 = EDGE_CURVE ( 'NONE', #444, #592, #2029, .T. ) ;
#2676 = DIRECTION ( 'NONE',  ( -0.000000000000000000, -1.000000000000000000, -0.000000000000000000 ) ) ;
#2677 = DIRECTION ( 'NONE',  ( -0.9601763114327597215, 0.000000000000000000, -0.2793947940878285796 ) ) ;
#2678 = VECTOR ( 'NONE', #454, 1000.000000000000227 ) ;
#2679 = AXIS2_PLACEMENT_3D ( 'NONE', #2234, #166, #2933 ) ;
#2680 =( LENGTH_UNIT ( ) NAMED_UNIT ( * ) SI_UNIT ( .MILLI., .METRE. ) );
#2681 = CARTESIAN_POINT ( 'NONE',  ( 3.729711267094204530, 1.905000000000000027, -2.126046051043519736 ) ) ;
#2682 = EDGE_CURVE ( 'NONE', #321, #2104, #1595, .T. ) ;
#2683 = PRESENTATION_LAYER_ASSIGNMENT (  '', '', ( #2243 ) ) ;
#2684 = AXIS2_PLACEMENT_3D ( 'NONE', #533, #305, #2106 ) ;
#2685 = CARTESIAN_POINT ( 'NONE',  ( -0.1009999999999999926, 0.8499999999999998668, -0.8000000000000003775 ) ) ;
#2686 = COLOUR_RGB ( '',0.1019607843137254888, 0.1019607843137254888, 0.1019607843137254888 ) ;
#2687 = CARTESIAN_POINT ( 'NONE',  ( 3.729711267094204974, 1.899999999999999911, -2.126046051043519736 ) ) ;
#2688 = VERTEX_POINT ( 'NONE', #918 ) ;
#2689 = CARTESIAN_POINT ( 'NONE',  ( 0.000000000000000000, 0.000000000000000000, 0.000000000000000000 ) ) ;
#2690 = ORIENTED_EDGE ( 'NONE', *, *, #718, .T. ) ;
#2691 =( NAMED_UNIT ( * ) PLANE_ANGLE_UNIT ( ) SI_UNIT ( $, .RADIAN. ) );
#2692 = VERTEX_POINT ( 'NONE', #238 ) ;
#2693 = FACE_OUTER_BOUND ( 'NONE', #2163, .T. ) ;
#2694 = DIRECTION ( 'NONE',  ( -0.000000000000000000, 0.000000000000000000, -1.000000000000000000 ) ) ;
#2695 = DIRECTION ( 'NONE',  ( 0.000000000000000000, -0.000000000000000000, 1.000000000000000000 ) ) ;
#2696 = ADVANCED_FACE ( 'NONE', ( #643 ), #467, .F. ) ;
#2697 = UNCERTAINTY_MEASURE_WITH_UNIT (LENGTH_MEASURE( 1.000000000000000082E-05 ), #2828, 'distance_accuracy_value', 'NONE');
#2698 = SURFACE_SIDE_STYLE ('',( #2227 ) ) ;
#2699 = CARTESIAN_POINT ( 'NONE',  ( 2.104431913717434988, 1.899999999999999911, -2.702191784705270106 ) ) ;
#2700 = EDGE_CURVE ( 'NONE', #1180, #1267, #2, .T. ) ;
#2701 = ORIENTED_EDGE ( 'NONE', *, *, #1129, .F. ) ;
#2702 = DIRECTION ( 'NONE',  ( 1.000000000000000000, 0.000000000000000000, 0.000000000000000000 ) ) ;
#2703 = VERTEX_POINT ( 'NONE', #2543 ) ;
#2704 = PLANE ( 'NONE',  #1292 ) ;
#2705 = DIRECTION ( 'NONE',  ( 0.000000000000000000, 0.000000000000000000, 1.000000000000000000 ) ) ;
#2706 = DIRECTION ( 'NONE',  ( 1.000000000000000000, 0.000000000000000000, -0.000000000000000000 ) ) ;
#2707 = ORIENTED_EDGE ( 'NONE', *, *, #459, .F. ) ;
#2708 = EDGE_CURVE ( 'NONE', #2769, #2133, #874, .T. ) ;
#2709 = FACE_OUTER_BOUND ( 'NONE', #2165, .T. ) ;
#2710 = LINE ( 'NONE', #230, #1279 ) ;
#2711 = EDGE_CURVE ( 'NONE', #2143, #915, #424, .T. ) ;
#2712 = ORIENTED_EDGE ( 'NONE', *, *, #888, .F. ) ;
#2713 = AXIS2_PLACEMENT_3D ( 'NONE', #1074, #389, #2187 ) ;
#2714 = DIRECTION ( 'NONE',  ( -0.4443210308328901514, 0.000000000000000000, 0.8958676361827107026 ) ) ;
#2715 = VERTEX_POINT ( 'NONE', #706 ) ;
#2716 = AXIS2_PLACEMENT_3D ( 'NONE', #1284, #364, #2197 ) ;
#2717 = LINE ( 'NONE', #1408, #1400 ) ;
#2718 = CARTESIAN_POINT ( 'NONE',  ( 3.417282441482504041, 1.905000000000000027, -2.702191784705270106 ) ) ;
#2719 = DIRECTION ( 'NONE',  ( -1.000000000000000000, 0.000000000000000000, 0.000000000000000000 ) ) ;
#2720 = LINE ( 'NONE', #665, #1084 ) ;
#2721 = COLOUR_RGB ( '',0.1019607843137254888, 0.1019607843137254888, 0.1019607843137254888 ) ;
#2722 = MECHANICAL_DESIGN_GEOMETRIC_PRESENTATION_REPRESENTATION (  '', ( #1582 ), #1137 ) ;
#2723 = VECTOR ( 'NONE', #3, 1000.000000000000000 ) ;
#2724 = CARTESIAN_POINT ( 'NONE',  ( 1.643042118063711143, 1.905000000000000027, -1.895731297701219953 ) ) ;
#2725 = SURFACE_STYLE_USAGE ( .BOTH. , #225 ) ;
#2726 = VECTOR ( 'NONE', #1491, 1000.000000000000000 ) ;
#2727 = VECTOR ( 'NONE', #1889, 1000.000000000000000 ) ;
#2728 = COLOUR_RGB ( '',0.8980392156862745390, 0.9215686274509803377, 0.9294117647058823817 ) ;
#2729 = DIRECTION ( 'NONE',  ( -0.2765379750249962187, 0.000000000000000000, 0.9610029908221277006 ) ) ;
#2730 = DIRECTION ( 'NONE',  ( 0.9999960426590096541, 0.000000000000000000, 0.002813301676023033382 ) ) ;
#2731 = EDGE_CURVE ( 'NONE', #838, #687, #2946, .T. ) ;
#2732 = ORIENTED_EDGE ( 'NONE', *, *, #1953, .T. ) ;
#2733 = LINE ( 'NONE', #1608, #326 ) ;
#2734 = ORIENTED_EDGE ( 'NONE', *, *, #365, .F. ) ;
#2735 = EDGE_CURVE ( 'NONE', #2315, #1985, #214, .T. ) ;
#2736 = LINE ( 'NONE', #253, #622 ) ;
#2737 = CARTESIAN_POINT ( 'NONE',  ( 1.537779882194698855, -0.1000000000000000472, -0.8000000000000003775 ) ) ;
#2738 = LINE ( 'NONE', #2788, #854 ) ;
#2739 = DIRECTION ( 'NONE',  ( 1.000000000000000000, 0.000000000000000000, -2.116196963092782927E-15 ) ) ;
#2740 = ORIENTED_EDGE ( 'NONE', *, *, #2741, .T. ) ;
#2741 = EDGE_CURVE ( 'NONE', #2091, #203, #2317, .T. ) ;
#2742 = VERTEX_POINT ( 'NONE', #1372 ) ;
#2743 = LINE ( 'NONE', #1588, #1999 ) ;
#2744 = LINE ( 'NONE', #458, #1954 ) ;
#2745 = DIRECTION ( 'NONE',  ( -1.000000000000000000, -1.017195236304267109E-16, 0.000000000000000000 ) ) ;
#2746 = LINE ( 'NONE', #2929, #848 ) ;
#2747 = ORIENTED_EDGE ( 'NONE', *, *, #976, .T. ) ;
#2748 = SURFACE_STYLE_USAGE ( .BOTH. , #2261 ) ;
#2749 = EDGE_LOOP ( 'NONE', ( #306, #2980, #90, #1962, #1018, #2431, #336, #1344 ) ) ;
#2750 = EDGE_CURVE ( 'NONE', #1066, #344, #2736, .T. ) ;
#2751 = CARTESIAN_POINT ( 'NONE',  ( 1.872362597965852471, 1.905000000000000027, -1.895731297701219953 ) ) ;
#2752 = LINE ( 'NONE', #2983, #1442 ) ;
#2753 = CARTESIAN_POINT ( 'NONE',  ( 7.149999999999999467, 0.000000000000000000, -4.599999999999999645 ) ) ;
#2754 = CARTESIAN_POINT ( 'NONE',  ( 5.065008908502011131, 1.899999999999999911, -2.702191784705270550 ) ) ;
#2755 = ORIENTED_EDGE ( 'NONE', *, *, #2866, .F. ) ;
#2756 = ORIENTED_EDGE ( 'NONE', *, *, #61, .T. ) ;
#2757 = EDGE_CURVE ( 'NONE', #2563, #1614, #1564, .T. ) ;
#2758 = DIRECTION ( 'NONE',  ( -0.2762033010252005205, -0.000000000000000000, 0.9610992334315860974 ) ) ;
#2759 = CARTESIAN_POINT ( 'NONE',  ( 7.500999999999998558, -0.1000000000000000472, -0.8000000000000003775 ) ) ;
#2760 = FILL_AREA_STYLE_COLOUR ( '', #889 ) ;
#2761 =( NAMED_UNIT ( * ) PLANE_ANGLE_UNIT ( ) SI_UNIT ( $, .RADIAN. ) );
#2762 = ORIENTED_EDGE ( 'NONE', *, *, #2912, .F. ) ;
#2763 = LINE ( 'NONE', #2329, #2342 ) ;
#2764 = CARTESIAN_POINT ( 'NONE',  ( 2.882164538290417077, 1.899999999999999911, -2.398684648839587652 ) ) ;
#2765 = CARTESIAN_POINT ( 'NONE',  ( 7.149999999999999467, 2.696292459806503209E-17, -0.8000000000000003775 ) ) ;
#2766 = DIRECTION ( 'NONE',  ( -0.9619530280415692358, 0.000000000000000000, -0.2732148821745548628 ) ) ;
#2767 = CARTESIAN_POINT ( 'NONE',  ( 2.237508854434027583, 1.899999999999999911, -2.333617454457372897 ) ) ;
#2768 = ORIENTED_EDGE ( 'NONE', *, *, #1790, .F. ) ;
#2769 = VERTEX_POINT ( 'NONE', #2479 ) ;
#2770 = EDGE_CURVE ( 'NONE', #1548, #2769, #690, .T. ) ;
#2771 = VERTEX_POINT ( 'NONE', #1346 ) ;
#2772 = CARTESIAN_POINT ( 'NONE',  ( 4.607334084859068923, 1.905000000000000027, -2.398657675439464398 ) ) ;
#2773 = VECTOR ( 'NONE', #1818, 1000.000000000000114 ) ;
#2774 = CARTESIAN_POINT ( 'NONE',  ( 5.020546938059225361, 1.899999999999999911, -2.547619496592405497 ) ) ;
#2775 = EDGE_CURVE ( 'NONE', #880, #2563, #2717, .T. ) ;
#2776 = PRESENTATION_LAYER_ASSIGNMENT (  '', '', ( #609 ) ) ;
#2777 = CARTESIAN_POINT ( 'NONE',  ( 0.004353233830845355812, 0.9665422885572125811, -0.003482587064676349875 ) ) ;
#2778 =( LENGTH_UNIT ( ) NAMED_UNIT ( * ) SI_UNIT ( .MILLI., .METRE. ) );
#2779 = VECTOR ( 'NONE', #2848, 1000.000000000000000 ) ;
#2780 = VECTOR ( 'NONE', #1336, 1000.000000000000000 ) ;
#2781 = DIRECTION ( 'NONE',  ( -1.000000000000000000, -0.000000000000000000, -1.888631893057874286E-15 ) ) ;
#2782 = ORIENTED_EDGE ( 'NONE', *, *, #296, .T. ) ;
#2783 = ORIENTED_EDGE ( 'NONE', *, *, #1459, .F. ) ;
#2784 = DIRECTION ( 'NONE',  ( -1.000000000000000000, 0.000000000000000000, 0.000000000000000000 ) ) ;
#2785 = VECTOR ( 'NONE', #1895, 1000.000000000000000 ) ;
#2786 = LINE ( 'NONE', #967, #1341 ) ;
#2787 = DIRECTION ( 'NONE',  ( -0.000000000000000000, -0.000000000000000000, 1.000000000000000000 ) ) ;
#2788 = CARTESIAN_POINT ( 'NONE',  ( 3.760725431349892567, 1.899999999999999911, -2.702191784705270106 ) ) ;
#2789 = DIRECTION ( 'NONE',  ( -0.2760118818968559373, 0.000000000000000000, 0.9611542233438690186 ) ) ;
#2790 = ORIENTED_EDGE ( 'NONE', *, *, #959, .T. ) ;
#2791 = CARTESIAN_POINT ( 'NONE',  ( 1.874804917271859050, 1.899999999999999911, -2.702191784705270550 ) ) ;
#2792 = DIRECTION ( 'NONE',  ( 1.000000000000000000, 0.000000000000000000, 0.000000000000000000 ) ) ;
#2793 = ADVANCED_FACE ( 'NONE', ( #1583 ), #2495, .F. ) ;
#2794 = DIRECTION ( 'NONE',  ( 0.2763173343570160534, 0.000000000000000000, -0.9610664548998850698 ) ) ;
#2795 =( NAMED_UNIT ( * ) PLANE_ANGLE_UNIT ( ) SI_UNIT ( $, .RADIAN. ) );
#2796 = EDGE_LOOP ( 'NONE', ( #2160, #1092, #2447, #2422 ) ) ;
#2797 = CARTESIAN_POINT ( 'NONE',  ( 7.400999999999998913, 0.8499999999999998668, -0.8000000000000003775 ) ) ;
#2798 = EDGE_CURVE ( 'NONE', #2491, #1419, #2510, .T. ) ;
#2799 = CARTESIAN_POINT ( 'NONE',  ( 7.400999999999998913, -0.1000000000000000472, -0.8000000000000003775 ) ) ;
#2800 = ORIENTED_EDGE ( 'NONE', *, *, #2409, .F. ) ;
#2801 = PRESENTATION_STYLE_ASSIGNMENT (( #1712 ) ) ;
#2802 = FILL_AREA_STYLE ('',( #2309 ) ) ;
#2803 = ORIENTED_EDGE ( 'NONE', *, *, #2075, .T. ) ;
#2804 =( NAMED_UNIT ( * ) PLANE_ANGLE_UNIT ( ) SI_UNIT ( $, .RADIAN. ) );
#2805 = FACE_OUTER_BOUND ( 'NONE', #1562, .T. ) ;
#2806 = EDGE_LOOP ( 'NONE', ( #516, #2633, #1478, #1260 ) ) ;
#2807 = EDGE_CURVE ( 'NONE', #20, #2390, #2280, .T. ) ;
#2808 = DIRECTION ( 'NONE',  ( -2.116196963092782927E-15, 0.000000000000000000, -1.000000000000000000 ) ) ;
#2809 = ORIENTED_EDGE ( 'NONE', *, *, #1039, .F. ) ;
#2810 = CARTESIAN_POINT ( 'NONE',  ( 4.953422408983801262, 1.905000000000000027, -2.398657675439464398 ) ) ;
#2811 = EDGE_CURVE ( 'NONE', #108, #1753, #2054, .T. ) ;
#2812 = CARTESIAN_POINT ( 'NONE',  ( 5.265720420744335328, 1.899999999999999911, -2.546479257459596024 ) ) ;
#2813 = ORIENTED_EDGE ( 'NONE', *, *, #1193, .T. ) ;
#2814 = EDGE_LOOP ( 'NONE', ( #2889, #2374, #192, #2076 ) ) ;
#2815 = CARTESIAN_POINT ( 'NONE',  ( 2.005851497339631528, 1.899999999999999911, -2.358285853762934536 ) ) ;
#2816 = CARTESIAN_POINT ( 'NONE',  ( 5.862220117805299502, -0.1000000000000000472, -0.8000000000000003775 ) ) ;
#2817 =( GEOMETRIC_REPRESENTATION_CONTEXT ( 3 ) GLOBAL_UNCERTAINTY_ASSIGNED_CONTEXT ( ( #428 ) ) GLOBAL_UNIT_ASSIGNED_CONTEXT ( ( #1546, #1500, #1738 ) ) REPRESENTATION_CONTEXT ( 'NONE', 'WORKASPACE' ) );
#2818 = MECHANICAL_DESIGN_GEOMETRIC_PRESENTATION_REPRESENTATION (  '', ( #69 ), #2387 ) ;
#2819 = MECHANICAL_DESIGN_GEOMETRIC_PRESENTATION_REPRESENTATION (  '', ( #609 ), #1338 ) ;
#2820 = ORIENTED_EDGE ( 'NONE', *, *, #696, .F. ) ;
#2821 = AXIS2_PLACEMENT_3D ( 'NONE', #409, #2411, #1329 ) ;
#2822 = AXIS2_PLACEMENT_3D ( 'NONE', #2236, #2695, #2706 ) ;
#2823 = VECTOR ( 'NONE', #2638, 1000.000000000000000 ) ;
#2824 = DIRECTION ( 'NONE',  ( -0.000000000000000000, -1.000000000000000000, -0.000000000000000000 ) ) ;
#2825 = ORIENTED_EDGE ( 'NONE', *, *, #1542, .T. ) ;
#2826 = ORIENTED_EDGE ( 'NONE', *, *, #1544, .F. ) ;
#2827 = EDGE_CURVE ( 'NONE', #2267, #906, #979, .T. ) ;
#2828 =( LENGTH_UNIT ( ) NAMED_UNIT ( * ) SI_UNIT ( .MILLI., .METRE. ) );
#2829 = AXIS2_PLACEMENT_3D ( 'NONE', #2618, #1439, #554 ) ;
#2830 = VECTOR ( 'NONE', #2642, 1000.000000000000000 ) ;
#2831 = LINE ( 'NONE', #2391, #31 ) ;
#2832 = VERTEX_POINT ( 'NONE', #2799 ) ;
#2833 = EDGE_CURVE ( 'NONE', #1122, #1607, #501, .T. ) ;
#2834 = FILL_AREA_STYLE ('',( #2366 ) ) ;
#2835 = DIRECTION ( 'NONE',  ( -0.2544932992796440363, -0.9670745372626462499, 0.000000000000000000 ) ) ;
#2836 = ORIENTED_EDGE ( 'NONE', *, *, #990, .T. ) ;
#2837 = VECTOR ( 'NONE', #2466, 1000.000000000000000 ) ;
#2838 = AXIS2_PLACEMENT_3D ( 'NONE', #491, #2766, #1597 ) ;
#2839 = EDGE_CURVE ( 'NONE', #2742, #534, #2132, .T. ) ;
#2840 = CARTESIAN_POINT ( 'NONE',  ( 4.234360638473013694, 1.899999999999999911, -1.895731297701220175 ) ) ;
#2841 = DIRECTION ( 'NONE',  ( -1.000000000000000000, 0.000000000000000000, 3.558818516450377162E-16 ) ) ;
#2842 = VERTEX_POINT ( 'NONE', #2844 ) ;
#2843 = VERTEX_POINT ( 'NONE', #1479 ) ;
#2844 = CARTESIAN_POINT ( 'NONE',  ( 5.862220117805299502, -0.000000000000000000, -0.8000000000000003775 ) ) ;
#2845 = ORIENTED_EDGE ( 'NONE', *, *, #2851, .T. ) ;
#2846 = DIRECTION ( 'NONE',  ( 0.000000000000000000, 0.000000000000000000, 1.000000000000000000 ) ) ;
#2847 = EDGE_CURVE ( 'NONE', #2943, #263, #37, .T. ) ;
#2848 = DIRECTION ( 'NONE',  ( 0.000000000000000000, 0.000000000000000000, 1.000000000000000000 ) ) ;
#2849 =( NAMED_UNIT ( * ) PLANE_ANGLE_UNIT ( ) SI_UNIT ( $, .RADIAN. ) );
#2850 = LINE ( 'NONE', #1950, #2233 ) ;
#2851 = EDGE_CURVE ( 'NONE', #218, #2703, #2558, .T. ) ;
#2852 = CARTESIAN_POINT ( 'NONE',  ( 0.000000000000000000, 0.000000000000000000, 0.000000000000000000 ) ) ;
#2853 = PRESENTATION_STYLE_ASSIGNMENT (( #103 ) ) ;
#2854 = VERTEX_POINT ( 'NONE', #1876 ) ;
#2855 = VERTEX_POINT ( 'NONE', #1437 ) ;
#2856 = VERTEX_POINT ( 'NONE', #2120 ) ;
#2857 = LINE ( 'NONE', #543, #1814 ) ;
#2858 = LINE ( 'NONE', #575, #892 ) ;
#2859 = ORIENTED_EDGE ( 'NONE', *, *, #678, .F. ) ;
#2860 =( LENGTH_UNIT ( ) NAMED_UNIT ( * ) SI_UNIT ( .MILLI., .METRE. ) );
#2861 = DIRECTION ( 'NONE',  ( 1.000000000000000000, 0.000000000000000000, -3.558818516450377162E-16 ) ) ;
#2862 = CYLINDRICAL_SURFACE ( 'NONE', #651, 0.1000000000000000056 ) ;
#2863 = EDGE_CURVE ( 'NONE', #1064, #1514, #1901, .T. ) ;
#2864 =( GEOMETRIC_REPRESENTATION_CONTEXT ( 3 ) GLOBAL_UNCERTAINTY_ASSIGNED_CONTEXT ( ( #835 ) ) GLOBAL_UNIT_ASSIGNED_CONTEXT ( ( #1984, #107, #1298 ) ) REPRESENTATION_CONTEXT ( 'NONE', 'WORKASPACE' ) );
#2865 = VECTOR ( 'NONE', #461, 1000.000000000000000 ) ;
#2866 = EDGE_CURVE ( 'NONE', #1634, #2855, #2786, .T. ) ;
#2867 = VECTOR ( 'NONE', #1645, 1000.000000000000000 ) ;
#2868 = DIRECTION ( 'NONE',  ( 0.000000000000000000, 0.000000000000000000, 1.000000000000000000 ) ) ;
#2869 = MECHANICAL_DESIGN_GEOMETRIC_PRESENTATION_REPRESENTATION (  '', ( #2483 ), #2966 ) ;
#2870 = ORIENTED_EDGE ( 'NONE', *, *, #959, .F. ) ;
#2871 = VERTEX_POINT ( 'NONE', #1698 ) ;
#2872 = PRESENTATION_STYLE_ASSIGNMENT (( #1035 ) ) ;
#2873 = CARTESIAN_POINT ( 'NONE',  ( 5.308353103673311146, 1.899999999999999911, -1.895731297701220619 ) ) ;
#2874 = VECTOR ( 'NONE', #224, 1000.000000000000114 ) ;
#2875 = ORIENTED_EDGE ( 'NONE', *, *, #2332, .F. ) ;
#2876 = AXIS2_PLACEMENT_3D ( 'NONE', #1259, #1916, #2414 ) ;
#2877 = ORIENTED_EDGE ( 'NONE', *, *, #2515, .F. ) ;
#2878 = VECTOR ( 'NONE', #62, 1000.000000000000114 ) ;
#2879 =( GEOMETRIC_REPRESENTATION_CONTEXT ( 3 ) GLOBAL_UNCERTAINTY_ASSIGNED_CONTEXT ( ( #2458 ) ) GLOBAL_UNIT_ASSIGNED_CONTEXT ( ( #1568, #1334, #2023 ) ) REPRESENTATION_CONTEXT ( 'NONE', 'WORKASPACE' ) );
#2880 = LINE ( 'NONE', #350, #754 ) ;
#2881 = CARTESIAN_POINT ( 'NONE',  ( 0.000000000000000000, 0.9499999999999998446, -4.600000000000000533 ) ) ;
#2882 = FACE_OUTER_BOUND ( 'NONE', #178, .T. ) ;
#2883 = EDGE_CURVE ( 'NONE', #462, #1465, #1660, .T. ) ;
#2884 = CARTESIAN_POINT ( 'NONE',  ( 5.862220117805299502, 0.000000000000000000, -3.800000000000000266 ) ) ;
#2885 = ORIENTED_EDGE ( 'NONE', *, *, #1193, .F. ) ;
#2886 = EDGE_CURVE ( 'NONE', #511, #2119, #758, .T. ) ;
#2887 = ORIENTED_EDGE ( 'NONE', *, *, #2682, .T. ) ;
#2888 =( LENGTH_UNIT ( ) NAMED_UNIT ( * ) SI_UNIT ( .MILLI., .METRE. ) );
#2889 = ORIENTED_EDGE ( 'NONE', *, *, #2497, .T. ) ;
#2890 = CARTESIAN_POINT ( 'NONE',  ( 4.139541785171635624, 1.905000000000000027, -2.617159370927629070 ) ) ;
#2891 = VERTEX_POINT ( 'NONE', #1249 ) ;
#2892 = ORIENTED_EDGE ( 'NONE', *, *, #415, .F. ) ;
#2893 = LINE ( 'NONE', #2209, #612 ) ;
#2894 = DIRECTION ( 'NONE',  ( 0.000000000000000000, 0.9785497849867490494, 0.2060104810498415706 ) ) ;
#2895 = DIRECTION ( 'NONE',  ( -0.2729786930695514147, 0.000000000000000000, 0.9620200793798638905 ) ) ;
#2896 = DIRECTION ( 'NONE',  ( -0.9999891854650020395, 0.000000000000000000, -0.004650693823677748417 ) ) ;
#2897 = VERTEX_POINT ( 'NONE', #552 ) ;
#2898 = EDGE_CURVE ( 'NONE', #2517, #975, #2376, .T. ) ;
#2899 = ORIENTED_EDGE ( 'NONE', *, *, #587, .T. ) ;
#2900 = EDGE_LOOP ( 'NONE', ( #1299, #48, #2464, #766 ) ) ;
#2901 = VERTEX_POINT ( 'NONE', #767 ) ;
#2902 = EDGE_CURVE ( 'NONE', #1770, #654, #2831, .T. ) ;
#2903 = CARTESIAN_POINT ( 'NONE',  ( -0.0009999999999998345716, -0.1000000000000000472, -3.800000000000000266 ) ) ;
#2904 = LINE ( 'NONE', #2183, #2589 ) ;
#2905 = SURFACE_STYLE_FILL_AREA ( #2467 ) ;
#2906 =( NAMED_UNIT ( * ) PLANE_ANGLE_UNIT ( ) SI_UNIT ( $, .RADIAN. ) );
#2907 = FACE_BOUND ( 'NONE', #1929, .T. ) ;
#2908 = UNCERTAINTY_MEASURE_WITH_UNIT (LENGTH_MEASURE( 1.000000000000000082E-05 ), #2888, 'distance_accuracy_value', 'NONE');
#2909 = DIRECTION ( 'NONE',  ( 0.000000000000000000, -0.000000000000000000, 1.000000000000000000 ) ) ;
#2910 = DIRECTION ( 'NONE',  ( -1.000000000000000000, 0.000000000000000000, 0.000000000000000000 ) ) ;
#2911 = MECHANICAL_DESIGN_GEOMETRIC_PRESENTATION_REPRESENTATION (  '', ( #744 ), #114 ) ;
#2912 = EDGE_CURVE ( 'NONE', #2842, #1032, #50, .T. ) ;
#2913 = AXIS2_PLACEMENT_3D ( 'NONE', #1787, #2255, #1566 ) ;
#2914 = VERTEX_POINT ( 'NONE', #745 ) ;
#2915 = DIRECTION ( 'NONE',  ( 0.2740217765954056639, 0.000000000000000000, -0.9617234872620599173 ) ) ;
#2916 = ORIENTED_EDGE ( 'NONE', *, *, #2775, .F. ) ;
#2917 = VECTOR ( 'NONE', #2602, 1000.000000000000227 ) ;
#2918 = EDGE_LOOP ( 'NONE', ( #1448, #2260, #2220, #537 ) ) ;
#2919 = EDGE_CURVE ( 'NONE', #2435, #1550, #2364, .T. ) ;
#2920 = CARTESIAN_POINT ( 'NONE',  ( 5.020546938059226250, 1.899999999999999911, -2.547619496592405497 ) ) ;
#2921 = DIRECTION ( 'NONE',  ( -0.000000000000000000, -1.000000000000000000, -0.000000000000000000 ) ) ;
#2922 = STYLED_ITEM ( 'NONE', ( #927 ), #1956 ) ;
#2923 = VECTOR ( 'NONE', #691, 1000.000000000000114 ) ;
#2924 = LINE ( 'NONE', #2468, #1708 ) ;
#2925 = MECHANICAL_DESIGN_GEOMETRIC_PRESENTATION_REPRESENTATION (  '', ( #805 ), #2487 ) ;
#2926 = ADVANCED_FACE ( 'NONE', ( #2592 ), #722, .F. ) ;
#2927 = VECTOR ( 'NONE', #1001, 1000.000000000000000 ) ;
#2928 = CARTESIAN_POINT ( 'NONE',  ( 7.399999999999999467, 0.9499999999999998446, 0.000000000000000000 ) ) ;
#2929 = CARTESIAN_POINT ( 'NONE',  ( 3.377795837061557727, 1.905000000000000027, -1.895731297701219731 ) ) ;
#2930 = ORIENTED_EDGE ( 'NONE', *, *, #2552, .T. ) ;
#2931 = CARTESIAN_POINT ( 'NONE',  ( 3.932371369323392596, 1.899999999999999911, -1.895731297701219953 ) ) ;
#2932 = VERTEX_POINT ( 'NONE', #2330 ) ;
#2933 = DIRECTION ( 'NONE',  ( -1.000000000000000000, 0.000000000000000000, -0.000000000000000000 ) ) ;
#2934 = LINE ( 'NONE', #1716, #2298 ) ;
#2935 = SURFACE_STYLE_USAGE ( .BOTH. , #863 ) ;
#2936 = FACE_OUTER_BOUND ( 'NONE', #153, .T. ) ;
#2937 = EDGE_CURVE ( 'NONE', #654, #1180, #1397, .T. ) ;
#2938 = CARTESIAN_POINT ( 'NONE',  ( 2.005851497339631528, 1.899999999999999911, -2.358285853762934536 ) ) ;
#2939 = UNCERTAINTY_MEASURE_WITH_UNIT (LENGTH_MEASURE( 1.000000000000000082E-05 ), #1463, 'distance_accuracy_value', 'NONE');
#2940 = EDGE_CURVE ( 'NONE', #1276, #42, #1687, .T. ) ;
#2941 = DIRECTION ( 'NONE',  ( -0.000000000000000000, -0.000000000000000000, 1.000000000000000000 ) ) ;
#2942 = LINE ( 'NONE', #1101, #463 ) ;
#2943 = VERTEX_POINT ( 'NONE', #541 ) ;
#2944 = FACE_OUTER_BOUND ( 'NONE', #394, .T. ) ;
#2945 = EDGE_LOOP ( 'NONE', ( #265, #2916, #2712, #2395 ) ) ;
#2946 = LINE ( 'NONE', #2086, #2444 ) ;
#2947 = LINE ( 'NONE', #490, #165 ) ;
#2948 = LINE ( 'NONE', #1394, #1300 ) ;
#2949 = LINE ( 'NONE', #886, #2238 ) ;
#2950 = LINE ( 'NONE', #187, #803 ) ;
#2951 = EDGE_CURVE ( 'NONE', #2688, #2500, #1468, .T. ) ;
#2952 = LINE ( 'NONE', #1749, #2594 ) ;
#2953 = EDGE_CURVE ( 'NONE', #1022, #694, #404, .T. ) ;
#2954 = LINE ( 'NONE', #1530, #2299 ) ;
#2955 = CARTESIAN_POINT ( 'NONE',  ( 3.932371369323392596, 1.905000000000000027, -1.895731297701219953 ) ) ;
#2956 = VERTEX_POINT ( 'NONE', #2419 ) ;
#2957 = CARTESIAN_POINT ( 'NONE',  ( 5.308353103673311146, 1.905000000000000027, -1.895731297701220397 ) ) ;
#2958 = EDGE_LOOP ( 'NONE', ( #1709, #1813, #345, #793 ) ) ;
#2959 = STYLED_ITEM ( 'NONE', ( #1587 ), #258 ) ;
#2960 = DIRECTION ( 'NONE',  ( 1.000000000000000000, -0.000000000000000000, -0.000000000000000000 ) ) ;
#2961 = LINE ( 'NONE', #1120, #2923 ) ;
#2962 = CARTESIAN_POINT ( 'NONE',  ( 3.543701856940162376, 1.899999999999999911, -1.895731297701219953 ) ) ;
#2963 = PLANE ( 'NONE',  #1132 ) ;
#2964 = VERTEX_POINT ( 'NONE', #357 ) ;
#2965 = AXIS2_PLACEMENT_3D ( 'NONE', #2797, #2630, #2571 ) ;
#2966 =( GEOMETRIC_REPRESENTATION_CONTEXT ( 3 ) GLOBAL_UNCERTAINTY_ASSIGNED_CONTEXT ( ( #867 ) ) GLOBAL_UNIT_ASSIGNED_CONTEXT ( ( #2860, #1013, #556 ) ) REPRESENTATION_CONTEXT ( 'NONE', 'WORKASPACE' ) );
#2967 = DIRECTION ( 'NONE',  ( -1.000000000000000000, 1.677931933608518861E-16, 0.000000000000000000 ) ) ;
#2968 = CARTESIAN_POINT ( 'NONE',  ( 3.293244040855623389, 1.905000000000000027, -2.548686171911270559 ) ) ;
#2969 = AXIS2_PLACEMENT_3D ( 'NONE', #2724, #494, #2530 ) ;
#2970 = AXIS2_PLACEMENT_3D ( 'NONE', #1545, #2909, #1100 ) ;
#2971 = VECTOR ( 'NONE', #2572, 1000.000000000000000 ) ;
#2972 = COLOUR_RGB ( '',0.1019607843137254888, 0.1019607843137254888, 0.1019607843137254888 ) ;
#2973 =( NAMED_UNIT ( * ) PLANE_ANGLE_UNIT ( ) SI_UNIT ( $, .RADIAN. ) );
#2974 = CARTESIAN_POINT ( 'NONE',  ( 1.997869822764845260, 1.905000000000000027, -2.333617454457363127 ) ) ;
#2975 = VECTOR ( 'NONE', #831, 1000.000000000000000 ) ;
#2976 = EDGE_CURVE ( 'NONE', #2154, #2133, #1312, .T. ) ;
#2977 = AXIS2_PLACEMENT_3D ( 'NONE', #832, #1304, #846 ) ;
#2978 = ORIENTED_EDGE ( 'NONE', *, *, #4, .F. ) ;
#2979 = DIRECTION ( 'NONE',  ( -1.017195236304267109E-16, -1.000000000000000000, 0.000000000000000000 ) ) ;
#2980 = ORIENTED_EDGE ( 'NONE', *, *, #2886, .T. ) ;
#2981 = EDGE_CURVE ( 'NONE', #2856, #2267, #2432, .T. ) ;
#2982 = CARTESIAN_POINT ( 'NONE',  ( 2.005851497339631528, 1.905000000000000027, -2.358285853762934536 ) ) ;
#2983 = CARTESIAN_POINT ( 'NONE',  ( -0.001000000000000000671, -1.884461857322079048E-16, -3.800000000000000266 ) ) ;
#2984 = LINE ( 'NONE', #1160, #2678 ) ;
#2985 = DIRECTION ( 'NONE',  ( -0.3829140317376756864, -0.000000000000000000, -0.9237839814038769637 ) ) ;
#2986 = EDGE_LOOP ( 'NONE', ( #1598, #1857, #1325, #2499 ) ) ;
#2987 = VERTEX_POINT ( 'NONE', #2632 ) ;
#2988 = EDGE_CURVE ( 'NONE', #2272, #2943, #1974, .T. ) ;
#2989 = CARTESIAN_POINT ( 'NONE',  ( 0.2500000000000002220, -1.695487191649326250E-16, -3.800000000000000266 ) ) ;
#2990 = ORIENTED_EDGE ( 'NONE', *, *, #55, .T. ) ;
#2991 = DIRECTION ( 'NONE',  ( -0.000000000000000000, -1.000000000000000000, -0.000000000000000000 ) ) ;
#2992 = CARTESIAN_POINT ( 'NONE',  ( 2.419015307350435240, 1.905000000000000027, -1.895731297701219953 ) ) ;
#2993 = PLANE ( 'NONE',  #794 ) ;
#2994 = VERTEX_POINT ( 'NONE', #373 ) ;
#2995 = EDGE_CURVE ( 'NONE', #1108, #1066, #790, .T. ) ;
#2996 = DIRECTION ( 'NONE',  ( 0.9280290862136912899, 0.000000000000000000, -0.3725077383644280760 ) ) ;
#2997 = ORIENTED_EDGE ( 'NONE', *, *, #2039, .F. ) ;
ENDSEC;
END-ISO-10303-21;
