ISO-10303-21;
HEADER;
FILE_DESCRIPTION (( 'STEP AP214' ),
    '1' );
FILE_NAME ('QSD124.STEP',
    '2025-04-14T05:48:20',
    ( '' ),
    ( '' ),
    'SwSTEP 2.0',
    'SolidWorks 2023',
    '' );
FILE_SCHEMA (( 'AUTOMOTIVE_DESIGN' ));
ENDSEC;

DATA;
#1 = SURFACE_STYLE_USAGE ( .BOTH. , #1733 ) ;
#2 = DIRECTION ( 'NONE',  ( -1.000000000000000000, 0.000000000000000000, -0.000000000000000000 ) ) ;
#3 = CIRCLE ( 'NONE', #836, 0.1000000000000000888 ) ;
#4 = CARTESIAN_POINT ( 'NONE',  ( -2.359542221832700459, 0.8055636191778769994, 1.065665305108272731 ) ) ;
#5 = CARTESIAN_POINT ( 'NONE',  ( 2.598277605836378346, -1.010431433751009411, 1.020000000000000462 ) ) ;
#6 = ORIENTED_EDGE ( 'NONE', *, *, #851, .F. ) ;
#7 = DIRECTION ( 'NONE',  ( 0.000000000000000000, 0.000000000000000000, -1.000000000000000000 ) ) ;
#8 = ORIENTED_EDGE ( 'NONE', *, *, #1765, .T. ) ;
#9 = PRESENTATION_LAYER_ASSIGNMENT (  '', '', ( #2312 ) ) ;
#10 = FILL_AREA_STYLE_COLOUR ( '', #1186 ) ;
#11 = CLOSED_SHELL ( 'NONE', ( #329, #2033, #2257, #109, #306, #2365, #695, #1950, #629, #989, #973, #377, #1937, #1883, #1141, #2416, #1595, #1559, #2130, #1168, #1260, #2400, #592, #1069, #1129, #1342, #1830, #1487 ) ) ;
#12 = EDGE_CURVE ( 'NONE', #44, #1513, #347, .T. ) ;
#13 = CARTESIAN_POINT ( 'NONE',  ( 2.474999999999999645, 7.577502069817193210E-17, 6.795000000000000817 ) ) ;
#14 = PRESENTATION_LAYER_ASSIGNMENT (  '', '', ( #1091 ) ) ;
#15 = SURFACE_STYLE_USAGE ( .BOTH. , #937 ) ;
#16 = ADVANCED_FACE ( 'NONE', ( #1377 ), #1947, .T. ) ;
#17 = CARTESIAN_POINT ( 'NONE',  ( 0.1842266036339349766, -2.797049161800543970, 1.020000000000000240 ) ) ;
#18 = CARTESIAN_POINT ( 'NONE',  ( -1.525000000000000133, 0.2549999999999997824, -20.54999999999999716 ) ) ;
#19 = FILL_AREA_STYLE_COLOUR ( '', #2346 ) ;
#20 = ORIENTED_EDGE ( 'NONE', *, *, #911, .F. ) ;
#21 = CARTESIAN_POINT ( 'NONE',  ( -1.014999999999999902, -0.2550000000000001155, -4.000000000000000000 ) ) ;
#22 = LINE ( 'NONE', #571, #1120 ) ;
#23 = CARTESIAN_POINT ( 'NONE',  ( -2.474999999999999201, -1.459291351992468178, 0.9199999999999994849 ) ) ;
#24 = SURFACE_SIDE_STYLE ('',( #196 ) ) ;
#25 = CARTESIAN_POINT ( 'NONE',  ( -2.344210624238569629, 0.9731467190294464942, 1.026728265166031662 ) ) ;
#26 = SURFACE_STYLE_FILL_AREA ( #2112 ) ;
#27 = ORIENTED_EDGE ( 'NONE', *, *, #2403, .T. ) ;
#28 = CARTESIAN_POINT ( 'NONE',  ( -2.311894666844056090, -0.9626126176948203161, 1.049286328218748121 ) ) ;
#29 = FACE_OUTER_BOUND ( 'NONE', #752, .T. ) ;
#30 = EDGE_CURVE ( 'NONE', #730, #1579, #2192, .T. ) ;
#31 = CARTESIAN_POINT ( 'NONE',  ( -0.9998195906545388478, -4.199912466398999733, 1.119999999999999885 ) ) ;
#32 = FILL_AREA_STYLE ('',( #1735 ) ) ;
#33 = CARTESIAN_POINT ( 'NONE',  ( 2.474999999999999645, 4.949999999999998401, 6.794999999999999929 ) ) ;
#34 = VECTOR ( 'NONE', #1746, 1000.000000000000000 ) ;
#35 = PRESENTATION_STYLE_ASSIGNMENT (( #1935 ) ) ;
#36 = STYLED_ITEM ( 'NONE', ( #1155 ), #1172 ) ;
#37 = CARTESIAN_POINT ( 'NONE',  ( -2.297765869648644266, -1.584990075098048790, 1.020000000000000240 ) ) ;
#38 = ORIENTED_EDGE ( 'NONE', *, *, #1796, .T. ) ;
#39 = CARTESIAN_POINT ( 'NONE',  ( 2.575000000000000622, 0.000000000000000000, 1.019999999999999574 ) ) ;
#40 = CARTESIAN_POINT ( 'NONE',  ( -2.474502216926198095, 0.08215921923462735088, 1.024882159693104811 ) ) ;
#41 = FILL_AREA_STYLE_COLOUR ( '', #1365 ) ;
#42 = CARTESIAN_POINT ( 'NONE',  ( -2.460201793721974006, -1.511642611256770241, 0.1000000000000000472 ) ) ;
#43 = CARTESIAN_POINT ( 'NONE',  ( -2.474999999999999645, 1.431623393187836774E-15, 6.795000000000002593 ) ) ;
#44 = VERTEX_POINT ( 'NONE', #1441 ) ;
#45 = CARTESIAN_POINT ( 'NONE',  ( -2.474999999999999645, 1.518308687541978674, 0.1000000000000002554 ) ) ;
#46 =( BOUNDED_SURFACE ( )  B_SPLINE_SURFACE ( 3, 3, ( 
 ( #1980, #2017, #2203, #1622 ),
 ( #2408, #691, #75, #475 ),
 ( #1800, #2394, #705, #100 ),
 ( #1788, #2380, #1434, #2217 ) ),
 .UNSPECIFIED., .F., .F., .F. ) 
 B_SPLINE_SURFACE_WITH_KNOTS ( ( 4, 4 ),
 ( 4, 4 ),
 ( 0.000000000000000000, 1.000000000000000000 ),
 ( 0.000000000000000000, 1.000000000000000000 ),
 .UNSPECIFIED. ) 
 GEOMETRIC_REPRESENTATION_ITEM ( )  RATIONAL_B_SPLINE_SURFACE ( (
 ( 1.000000000000000000, 0.8047378541243649375, 0.8047378541243649375, 1.000000000000000000),
 ( 0.8025111867385938957, 0.6458111303268135872, 0.6458111303268135872, 0.8025111867385938957),
 ( 0.8025111867385938957, 0.6458111303268135872, 0.6458111303268135872, 0.8025111867385938957),
 ( 1.000000000000000000, 0.8047378541243649375, 0.8047378541243649375, 1.000000000000000000) ) ) 
 REPRESENTATION_ITEM ( '' )  SURFACE ( )  );
#47 = PRODUCT_DEFINITION_CONTEXT ( 'detailed design', #1584, 'design' ) ;
#48 =( NAMED_UNIT ( * ) PLANE_ANGLE_UNIT ( ) SI_UNIT ( $, .RADIAN. ) );
#49 = DIRECTION ( 'NONE',  ( -0.000000000000000000, 0.000000000000000000, 1.000000000000000000 ) ) ;
#50 = EDGE_LOOP ( 'NONE', ( #951, #2039, #1173, #2121 ) ) ;
#51 = CARTESIAN_POINT ( 'NONE',  ( 2.887500000000000622, 0.000000000000000000, 0.1000000000000000472 ) ) ;
#52 = CARTESIAN_POINT ( 'NONE',  ( -2.474502216926198983, -0.08215921923462748966, 1.024882159693104589 ) ) ;
#53 = CARTESIAN_POINT ( 'NONE',  ( -2.474498286530117941, -6.517938042291941902E-17, 1.020778603172296517 ) ) ;
#54 = CARTESIAN_POINT ( 'NONE',  ( -2.377654850958330623, -0.9799781862531447008, 1.020000000000000018 ) ) ;
#55 = SURFACE_STYLE_USAGE ( .BOTH. , #2314 ) ;
#56 = CARTESIAN_POINT ( 'NONE',  ( -0.5759794446142930679, 4.578218777161327857, 0.9785786437626903256 ) ) ;
#57 = VERTEX_POINT ( 'NONE', #1792 ) ;
#58 = DIRECTION ( 'NONE',  ( 0.000000000000000000, 0.000000000000000000, -1.000000000000000000 ) ) ;
#59 =( LENGTH_UNIT ( ) NAMED_UNIT ( * ) SI_UNIT ( .MILLI., .METRE. ) );
#60 = VERTEX_POINT ( 'NONE', #1241 ) ;
#61 = CARTESIAN_POINT ( 'NONE',  ( -2.375000000000000000, 1.459291351992468178, 5.421010862427522170E-17 ) ) ;
#62 = DIRECTION ( 'NONE',  ( -0.000000000000000000, 0.000000000000000000, -1.000000000000000000 ) ) ;
#63 = CARTESIAN_POINT ( 'NONE',  ( -2.445710267130992488, 0.9893570425309060612, 0.9907110890919857971 ) ) ;
#64 = CARTESIAN_POINT ( 'NONE',  ( -2.425969346390563608, -0.6030584596722345925, 1.026048256257123370 ) ) ;
#65 =( NAMED_UNIT ( * ) PLANE_ANGLE_UNIT ( ) SI_UNIT ( $, .RADIAN. ) );
#66 = CARTESIAN_POINT ( 'NONE',  ( -2.445710267130992488, 0.9893570425309060612, 0.9907110890919857971 ) ) ;
#67 = CIRCLE ( 'NONE', #2263, 0.1000000000000000888 ) ;
#68 = CIRCLE ( 'NONE', #599, 0.1000000000000000888 ) ;
#69 = MECHANICAL_DESIGN_GEOMETRIC_PRESENTATION_REPRESENTATION (  '', ( #230 ), #1861 ) ;
#70 = VERTEX_POINT ( 'NONE', #1780 ) ;
#71 = CARTESIAN_POINT ( 'NONE',  ( -0.8625075425722735778, 2.434921808834034973, 1.020000000000000240 ) ) ;
#72 = FACE_OUTER_BOUND ( 'NONE', #50, .T. ) ;
#73 = CARTESIAN_POINT ( 'NONE',  ( -2.474999999999999645, -0.9949874371066257384, 0.9200000000000005951 ) ) ;
#74 = AXIS2_PLACEMENT_3D ( 'NONE', #426, #2111, #1340 ) ;
#75 = CARTESIAN_POINT ( 'NONE',  ( -2.433072250575702089, 1.518193218511823206, 1.020551775759736435 ) ) ;
#76 = CARTESIAN_POINT ( 'NONE',  ( -2.433274436511494443, -0.8463794740707837327, 1.000876104889586449 ) ) ;
#77 = CARTESIAN_POINT ( 'NONE',  ( -2.456949635197057891, 0.3091457036076413756, 1.105477336833187385 ) ) ;
#78 = PRESENTATION_LAYER_ASSIGNMENT (  '', '', ( #1160 ) ) ;
#79 = CARTESIAN_POINT ( 'NONE',  ( -2.377487083952765978, -0.9948113243392449068, 1.020055000852593485 ) ) ;
#80 = FACE_OUTER_BOUND ( 'NONE', #1408, .T. ) ;
#81 = CARTESIAN_POINT ( 'NONE',  ( -2.433072250575702089, 1.518193218511823650, -0.0005517757597371058089 ) ) ;
#82 = STYLED_ITEM ( 'NONE', ( #2074 ), #16 ) ;
#83 = VECTOR ( 'NONE', #977, 1000.000000000000000 ) ;
#84 = SURFACE_STYLE_FILL_AREA ( #1416 ) ;
#85 = VERTEX_POINT ( 'NONE', #93 ) ;
#86 = CARTESIAN_POINT ( 'NONE',  ( 0.2251791103507266023, 2.581185043184296202, 1.019999999999999796 ) ) ;
#87 =( NAMED_UNIT ( * ) PLANE_ANGLE_UNIT ( ) SI_UNIT ( $, .RADIAN. ) );
#88 = CARTESIAN_POINT ( 'NONE',  ( -2.374999999999999556, -0.9949874371066250722, 1.019999999999999796 ) ) ;
#89 = CARTESIAN_POINT ( 'NONE',  ( 2.787500000000000977, 0.000000000000000000, 2.710505431213761085E-17 ) ) ;
#90 = CARTESIAN_POINT ( 'NONE',  ( -2.400013321376656350, -0.6445899299711459474, 1.068395478909615282 ) ) ;
#91 = CARTESIAN_POINT ( 'NONE',  ( -2.455232855346669130, 0.3224981554114521587, 1.119999999999999440 ) ) ;
#92 = CARTESIAN_POINT ( 'NONE',  ( 1.014999999999999902, -0.2549999999999999489, 0.000000000000000000 ) ) ;
#93 = CARTESIAN_POINT ( 'NONE',  ( 1.525000000000000133, -0.2550000000000000044, 0.000000000000000000 ) ) ;
#94 = DIRECTION ( 'NONE',  ( 1.000000000000000000, 0.000000000000000000, 0.000000000000000000 ) ) ;
#95 = CARTESIAN_POINT ( 'NONE',  ( -2.414464555585070560, 0.7806581916417668632, 1.013523457853535259 ) ) ;
#96 = EDGE_CURVE ( 'NONE', #70, #1760, #2029, .T. ) ;
#97 = ORIENTED_EDGE ( 'NONE', *, *, #575, .F. ) ;
#98 = CARTESIAN_POINT ( 'NONE',  ( -2.419578452504645760, 0.5314222775688924871, 1.073328088869133445 ) ) ;
#99 = CARTESIAN_POINT ( 'NONE',  ( -2.475000000000000533, -0.08071405111035652447, 1.119999999999999440 ) ) ;
#100 = CARTESIAN_POINT ( 'NONE',  ( -2.474999999999999645, 1.459291351992467511, 0.9790173355495103147 ) ) ;
#101 = CARTESIAN_POINT ( 'NONE',  ( -2.363842106738392790, -0.9815756724458376548, 1.020082931810779803 ) ) ;
#102 = CARTESIAN_POINT ( 'NONE',  ( 0.1539396418740336114, -2.577608172195157366, 1.020000000000000240 ) ) ;
#103 =( NAMED_UNIT ( * ) SI_UNIT ( $, .STERADIAN. ) SOLID_ANGLE_UNIT ( ) );
#104 = EDGE_CURVE ( 'NONE', #217, #85, #1999, .T. ) ;
#105 = SURFACE_STYLE_USAGE ( .BOTH. , #1803 ) ;
#106 =( NAMED_UNIT ( * ) SI_UNIT ( $, .STERADIAN. ) SOLID_ANGLE_UNIT ( ) );
#107 = CARTESIAN_POINT ( 'NONE',  ( 2.787499999999999645, -3.474544683396396660, 1.019999999999999796 ) ) ;
#108 = CARTESIAN_POINT ( 'NONE',  ( -2.445727125423529102, 1.036700836530217495, 0.9906942308137804964 ) ) ;
#109 = ADVANCED_FACE ( 'NONE', ( #80 ), #680, .T. ) ;
#110 = ORIENTED_EDGE ( 'NONE', *, *, #2211, .F. ) ;
#111 = CARTESIAN_POINT ( 'NONE',  ( -2.462240960824317870, 0.2733595792919437661, 1.065375513643401995 ) ) ;
#112 = CARTESIAN_POINT ( 'NONE',  ( -2.474999999999999645, -1.459291351992468178, 0.1000000000000000472 ) ) ;
#113 = EDGE_CURVE ( 'NONE', #435, #2184, #849, .T. ) ;
#114 =( NAMED_UNIT ( * ) PLANE_ANGLE_UNIT ( ) SI_UNIT ( $, .RADIAN. ) );
#115 = CARTESIAN_POINT ( 'NONE',  ( -2.413384592768228476, 0.5552134474737647762, 1.108873303118960818 ) ) ;
#116 = CARTESIAN_POINT ( 'NONE',  ( 2.770343558828897823, 0.3661672251419359481, 1.020000000000000018 ) ) ;
#117 = CARTESIAN_POINT ( 'NONE',  ( -2.474999999999999645, 0.000000000000000000, 0.9200000000000007061 ) ) ;
#118 = SURFACE_SIDE_STYLE ('',( #2449 ) ) ;
#119 = STYLED_ITEM ( 'NONE', ( #2448 ), #381 ) ;
#120 = CARTESIAN_POINT ( 'NONE',  ( -2.464305934865655967, 0.6296933450128240350, 0.9722634047122601375 ) ) ;
#121 = PRESENTATION_LAYER_ASSIGNMENT (  '', '', ( #160 ) ) ;
#122 = CARTESIAN_POINT ( 'NONE',  ( -2.439989942455319749, 1.033345453474749931, 0.9964340612232148731 ) ) ;
#123 = DIRECTION ( 'NONE',  ( 0.000000000000000000, 0.000000000000000000, 1.000000000000000000 ) ) ;
#124 = VECTOR ( 'NONE', #1115, 1000.000000000000000 ) ;
#125 = PRESENTATION_LAYER_ASSIGNMENT (  '', '', ( #1990 ) ) ;
#126 = ORIENTED_EDGE ( 'NONE', *, *, #737, .T. ) ;
#127 = CARTESIAN_POINT ( 'NONE',  ( -2.443354969962062029, -0.4028541601924953697, 1.119999999999999662 ) ) ;
#128 = CARTESIAN_POINT ( 'NONE',  ( -1.015000000000000124, 0.2549999999999998379, -20.54999999999999716 ) ) ;
#129 = STYLED_ITEM ( 'NONE', ( #1171 ), #896 ) ;
#130 =( LENGTH_UNIT ( ) NAMED_UNIT ( * ) SI_UNIT ( .MILLI., .METRE. ) );
#131 = CARTESIAN_POINT ( 'NONE',  ( -2.323857157962748055, -0.9660938586495046998, 1.038509811532005500 ) ) ;
#132 = EDGE_CURVE ( 'NONE', #1647, #179, #658, .T. ) ;
#133 = CARTESIAN_POINT ( 'NONE',  ( -2.474999999999999645, 0.6633249580710838256, 0.9200000000000004841 ) ) ;
#134 = CARTESIAN_POINT ( 'NONE',  ( -2.433072209124979679, 1.001377794283059286, 1.001097010017545585 ) ) ;
#135 = UNCERTAINTY_MEASURE_WITH_UNIT (LENGTH_MEASURE( 1.000000000000000082E-05 ), #675, 'distance_accuracy_value', 'NONE');
#136 = CARTESIAN_POINT ( 'NONE',  ( -2.464305934865655967, -0.6296933450128247012, 0.9722634047122596934 ) ) ;
#137 = EDGE_LOOP ( 'NONE', ( #1758, #624, #853, #1722 ) ) ;
#138 = SURFACE_STYLE_FILL_AREA ( #702 ) ;
#139 = CARTESIAN_POINT ( 'NONE',  ( -2.397496885406918743, -0.6450200789347469987, 1.064694550310651078 ) ) ;
#140 = DIRECTION ( 'NONE',  ( 0.5235125926430377330, 0.8520179372197306256, -0.000000000000000000 ) ) ;
#141 =( NAMED_UNIT ( * ) PLANE_ANGLE_UNIT ( ) SI_UNIT ( $, .RADIAN. ) );
#142 = DIRECTION ( 'NONE',  ( -0.000000000000000000, -1.000000000000000000, 0.000000000000000000 ) ) ;
#143 = EDGE_CURVE ( 'NONE', #1840, #452, #1574, .T. ) ;
#144 = CARTESIAN_POINT ( 'NONE',  ( -2.324444635926517400, 0.8734480198814585927, 1.082095834556207503 ) ) ;
#145 = CARTESIAN_POINT ( 'NONE',  ( -2.474999999999999645, 0.3316624790355418573, 0.9200000000000005951 ) ) ;
#146 = CARTESIAN_POINT ( 'NONE',  ( -2.441741066033563889, 0.6760894900838911870, 1.000183865032956199 ) ) ;
#147 = CARTESIAN_POINT ( 'NONE',  ( -2.474999999999999645, -0.4145780987944273632, 0.9200000000000005951 ) ) ;
#148 = ORIENTED_EDGE ( 'NONE', *, *, #2207, .F. ) ;
#149 = CARTESIAN_POINT ( 'NONE',  ( -2.462240960824319647, -0.2733595792919432110, 1.065375513643401328 ) ) ;
#150 =( GEOMETRIC_REPRESENTATION_CONTEXT ( 3 ) GLOBAL_UNCERTAINTY_ASSIGNED_CONTEXT ( ( #419 ) ) GLOBAL_UNIT_ASSIGNED_CONTEXT ( ( #2328, #1605, #837 ) ) REPRESENTATION_CONTEXT ( 'NONE', 'WORKASPACE' ) );
#151 = CARTESIAN_POINT ( 'NONE',  ( -2.389644573244133596, -0.9937555704419439584, 1.018397837049528354 ) ) ;
#152 = CARTESIAN_POINT ( 'NONE',  ( -2.460201793721972674, 1.511642611256772017, 0.9785786437626905476 ) ) ;
#153 = CARTESIAN_POINT ( 'NONE',  ( -2.474999999999999645, 0.000000000000000000, 0.9200000000000007061 ) ) ;
#154 = CARTESIAN_POINT ( 'NONE',  ( -2.293006673826603059, 0.9578363887272374200, 1.074369794450190652 ) ) ;
#155 = CARTESIAN_POINT ( 'NONE',  ( -2.457092625838081190, 0.9907771441552021274, 0.9793287303991120574 ) ) ;
#156 = PRESENTATION_LAYER_ASSIGNMENT (  '', '', ( #2310 ) ) ;
#157 = CARTESIAN_POINT ( 'NONE',  ( -2.474999999999999645, 1.459291351992467956, 0.09999999999999985290 ) ) ;
#158 = UNCERTAINTY_MEASURE_WITH_UNIT (LENGTH_MEASURE( 1.000000000000000082E-05 ), #693, 'distance_accuracy_value', 'NONE');
#159 = CARTESIAN_POINT ( 'NONE',  ( -2.474999999999999645, -0.6552983096365679883, 0.9323808769210580882 ) ) ;
#160 = STYLED_ITEM ( 'NONE', ( #577 ), #1952 ) ;
#161 = EDGE_LOOP ( 'NONE', ( #1502, #1991, #2053, #1885 ) ) ;
#162 = B_SPLINE_SURFACE_WITH_KNOTS ( 'NONE', 3, 3, ( 
 ( #1419, #454, #2173, #1014, #1773, #1232 ),
 ( #52, #626, #1993, #1053, #1799, #99 ),
 ( #818, #865, #1619, #1572, #615, #2123 ),
 ( #430, #2137, #149, #511, #1671, #2015 ),
 ( #1095, #2230, #2433, #1105, #1827, #127 ),
 ( #879, #1842, #1248, #324, #929, #1275 ),
 ( #139, #1116, #2040, #163, #348, #2378 ),
 ( #1865, #1854, #2027, #674, #731, #1432 ),
 ( #1263, #525, #1635, #1080, #915, #2186 ),
 ( #489, #901, #703, #500, #1065, #2006 ) ),
 .UNSPECIFIED., .F., .F., .F.,
 ( 4, 2, 2, 2, 4 ),
 ( 4, 2, 4 ),
 ( 0.000000000000000000, 0.2500000000000000000, 0.5000000000000000000, 0.7500000000000000000, 1.000000000000000000 ),
 ( 0.000000000000000000, 0.5000000000000000000, 1.000000000000000000 ),
 .UNSPECIFIED. ) ;
#163 = CARTESIAN_POINT ( 'NONE',  ( -2.396568367647353259, -0.6250652129515559263, 1.103794890465456646 ) ) ;
#164 = DIRECTION ( 'NONE',  ( -0.8520179372197308476, 0.5235125926430372889, -5.285485590866829383E-15 ) ) ;
#165 = CIRCLE ( 'NONE', #1599, 0.09999999999999982514 ) ;
#166 = PRESENTATION_LAYER_ASSIGNMENT (  '', '', ( #926 ) ) ;
#167 = ORIENTED_EDGE ( 'NONE', *, *, #1769, .F. ) ;
#168 = CARTESIAN_POINT ( 'NONE',  ( -2.410867255490377836, -1.003195403537979979, 1.011702454915523353 ) ) ;
#169 = SURFACE_STYLE_USAGE ( .BOTH. , #118 ) ;
#170 = CIRCLE ( 'NONE', #1643, 2.475000000000000089 ) ;
#171 = CARTESIAN_POINT ( 'NONE',  ( 0.4013636833139491156, 2.765492197620128767, 1.020000000000000240 ) ) ;
#172 = AXIS2_PLACEMENT_3D ( 'NONE', #2453, #1717, #589 ) ;
#173 = CARTESIAN_POINT ( 'NONE',  ( -2.374999999999998224, -0.9880507920658090359, 1.019999999999999796 ) ) ;
#174 = CARTESIAN_POINT ( 'NONE',  ( -2.389655654837719911, 0.9901928567541090631, 1.018383558297068170 ) ) ;
#175 = CARTESIAN_POINT ( 'NONE',  ( -2.474616393460349784, -0.06057959344324126416, 0.9868070265137605102 ) ) ;
#176 = EDGE_LOOP ( 'NONE', ( #1797, #2287, #583, #2321 ) ) ;
#177 = DIRECTION ( 'NONE',  ( -0.000000000000000000, -0.000000000000000000, 1.000000000000000000 ) ) ;
#178 = SURFACE_STYLE_USAGE ( .BOTH. , #1884 ) ;
#179 = VERTEX_POINT ( 'NONE', #153 ) ;
#180 =( NAMED_UNIT ( * ) SI_UNIT ( $, .STERADIAN. ) SOLID_ANGLE_UNIT ( ) );
#181 = SURFACE_SIDE_STYLE ('',( #1888 ) ) ;
#182 = CARTESIAN_POINT ( 'NONE',  ( -2.030610397711984927, 1.932394792544524620, 1.020000000000000684 ) ) ;
#183 = CARTESIAN_POINT ( 'NONE',  ( -2.337255407337477831, -0.9705858451139544041, 1.030076169357231120 ) ) ;
#184 = SURFACE_STYLE_FILL_AREA ( #2091 ) ;
#185 = CARTESIAN_POINT ( 'NONE',  ( -2.410888310525467038, 0.9948959946901145823, 1.011678451210517249 ) ) ;
#186 = CARTESIAN_POINT ( 'NONE',  ( 2.846078643762691485, -8.673617379884035472E-16, 2.794626921907541672E-16 ) ) ;
#187 = UNCERTAINTY_MEASURE_WITH_UNIT (LENGTH_MEASURE( 1.000000000000000082E-05 ), #2377, 'distance_accuracy_value', 'NONE');
#188 = CARTESIAN_POINT ( 'NONE',  ( -2.469647904631961488, -0.3596130639865713907, 0.9816017804741197228 ) ) ;
#189 = VERTEX_POINT ( 'NONE', #1281 ) ;
#190 = LINE ( 'NONE', #1314, #2438 ) ;
#191 = PLANE ( 'NONE',  #2138 ) ;
#192 = ORIENTED_EDGE ( 'NONE', *, *, #985, .F. ) ;
#193 = PRESENTATION_STYLE_ASSIGNMENT (( #2322 ) ) ;
#194 = EDGE_CURVE ( 'NONE', #1528, #1318, #906, .T. ) ;
#195 = CARTESIAN_POINT ( 'NONE',  ( -1.684805546477829541, 2.221136751724273051, 1.020000000000000240 ) ) ;
#196 = SURFACE_STYLE_FILL_AREA ( #949 ) ;
#197 = CARTESIAN_POINT ( 'NONE',  ( -2.361179271911704625, 0.8283809978533921425, 1.051761387758606059 ) ) ;
#198 = CARTESIAN_POINT ( 'NONE',  ( 0.4744475961765288741, -2.762555299534126263, 1.020000000000000018 ) ) ;
#199 = AXIS2_PLACEMENT_3D ( 'NONE', #751, #713, #321 ) ;
#200 = ORIENTED_EDGE ( 'NONE', *, *, #2117, .T. ) ;
#201 = FACE_OUTER_BOUND ( 'NONE', #743, .T. ) ;
#202 = AXIS2_PLACEMENT_3D ( 'NONE', #861, #1985, #2194 ) ;
#203 = ORIENTED_EDGE ( 'NONE', *, *, #2144, .F. ) ;
#204 = AXIS2_PLACEMENT_3D ( 'NONE', #1290, #1661, #1299 ) ;
#205 = COLOUR_RGB ( '',0.8039215686274510109, 0.8039215686274510109, 0.8039215686274510109 ) ;
#206 = CARTESIAN_POINT ( 'NONE',  ( -1.014999999999999902, -0.2550000000000001155, 0.000000000000000000 ) ) ;
#207 = VECTOR ( 'NONE', #935, 1000.000000000000000 ) ;
#208 = STYLED_ITEM ( 'NONE', ( #368 ), #2257 ) ;
#209 = CARTESIAN_POINT ( 'NONE',  ( -2.473262426684799120, 9.537527143911500250E-17, 1.090207785738410262 ) ) ;
#210 = CARTESIAN_POINT ( 'NONE',  ( -2.301376972708014002, -0.9106530785591712140, 1.061421356237307823 ) ) ;
#211 = PRESENTATION_LAYER_ASSIGNMENT (  '', '', ( #241 ) ) ;
#212 =( BOUNDED_SURFACE ( )  B_SPLINE_SURFACE ( 3, 3, ( 
 ( #2374, #2352, #1424, #1626 ),
 ( #619, #2126, #1009, #433 ),
 ( #1189, #1757, #56, #152 ),
 ( #1280, #1652, #720, #2034 ) ),
 .UNSPECIFIED., .F., .F., .F. ) 
 B_SPLINE_SURFACE_WITH_KNOTS ( ( 4, 4 ),
 ( 4, 4 ),
 ( 0.000000000000000000, 1.000000000000000000 ),
 ( 0.000000000000000000, 1.000000000000000000 ),
 .UNSPECIFIED. ) 
 GEOMETRIC_REPRESENTATION_ITEM ( )  RATIONAL_B_SPLINE_SURFACE ( (
 ( 1.000000000000000000, 0.5146752833616151657, 0.5146752833616151657, 1.000000000000000000),
 ( 0.8047378541243649375, 0.4141786831032756577, 0.4141786831032756577, 0.8047378541243649375),
 ( 0.8047378541243649375, 0.4141786831032756577, 0.4141786831032756577, 0.8047378541243649375),
 ( 1.000000000000000000, 0.5146752833616151657, 0.5146752833616151657, 1.000000000000000000) ) ) 
 REPRESENTATION_ITEM ( '' )  SURFACE ( )  );
#213 = MECHANICAL_DESIGN_GEOMETRIC_PRESENTATION_REPRESENTATION (  '', ( #129 ), #1240 ) ;
#214 = ADVANCED_BREP_SHAPE_REPRESENTATION ( '', ( #1968, #2046, #520 ), #923 ) ;
#215 = CARTESIAN_POINT ( 'NONE',  ( -2.323857157962748055, 0.9660938586495046998, 1.038509811532004834 ) ) ;
#216 = CARTESIAN_POINT ( 'NONE',  ( -2.460201793721973118, 1.511642611256771573, 0.9200000000000000400 ) ) ;
#217 = VERTEX_POINT ( 'NONE', #332 ) ;
#218 = CARTESIAN_POINT ( 'NONE',  ( 1.014999999999999902, -0.2549999999999998934, -21.55000000000000071 ) ) ;
#219 = FACE_OUTER_BOUND ( 'NONE', #2447, .T. ) ;
#220 = CARTESIAN_POINT ( 'NONE',  ( -2.394361900898238638, -0.9474471423393406866, 1.019999999999999352 ) ) ;
#221 = FILL_AREA_STYLE_COLOUR ( '', #1738 ) ;
#222 = EDGE_CURVE ( 'NONE', #1273, #472, #1456, .T. ) ;
#223 = EDGE_LOOP ( 'NONE', ( #637, #714, #2286, #2198, #6 ) ) ;
#224 = SURFACE_STYLE_FILL_AREA ( #1518 ) ;
#225 = CYLINDRICAL_SURFACE ( 'NONE', #773, 0.1000000000000000472 ) ;
#226 = FILL_AREA_STYLE_COLOUR ( '', #1234 ) ;
#227 =( LENGTH_UNIT ( ) NAMED_UNIT ( * ) SI_UNIT ( .MILLI., .METRE. ) );
#228 = DIRECTION ( 'NONE',  ( 0.000000000000000000, -1.000000000000000000, 0.000000000000000000 ) ) ;
#229 = PLANE ( 'NONE',  #283 ) ;
#230 = STYLED_ITEM ( 'NONE', ( #1067 ), #1595 ) ;
#231 = ORIENTED_EDGE ( 'NONE', *, *, #2144, .T. ) ;
#232 = CARTESIAN_POINT ( 'NONE',  ( -0.4770579483330911752, 2.530982857543431219, 1.020000000000000018 ) ) ;
#233 = CARTESIAN_POINT ( 'NONE',  ( -2.474999999999999645, -1.518308687540944613, 0.9545715547507246379 ) ) ;
#234 = VECTOR ( 'NONE', #1356, 1000.000000000000000 ) ;
#235 = CARTESIAN_POINT ( 'NONE',  ( -2.447140994996827690, -0.6618326091252639820, 0.9946357495470318222 ) ) ;
#236 = CIRCLE ( 'NONE', #2030, 2.887500000000000622 ) ;
#237 = PRODUCT_DEFINITION ( 'UNKNOWN', '', #323, #1221 ) ;
#238 =( LENGTH_UNIT ( ) NAMED_UNIT ( * ) SI_UNIT ( .MILLI., .METRE. ) );
#239 = ORIENTED_EDGE ( 'NONE', *, *, #104, .F. ) ;
#240 = SURFACE_STYLE_FILL_AREA ( #1972 ) ;
#241 = STYLED_ITEM ( 'NONE', ( #1461 ), #695 ) ;
#242 = CYLINDRICAL_SURFACE ( 'NONE', #1359, 0.1000000000000000472 ) ;
#243 = SURFACE_STYLE_FILL_AREA ( #623 ) ;
#244 = EDGE_CURVE ( 'NONE', #1660, #85, #1122, .T. ) ;
#245 = ORIENTED_EDGE ( 'NONE', *, *, #1849, .F. ) ;
#246 = CARTESIAN_POINT ( 'NONE',  ( 2.527930603600457626, 0.5687441694967758643, 1.020000000000000462 ) ) ;
#247 = PLANE ( 'NONE',  #316 ) ;
#248 = CARTESIAN_POINT ( 'NONE',  ( -2.457377712645999246, 0.4115544124857029029, 1.005158484290078924 ) ) ;
#249 = CARTESIAN_POINT ( 'NONE',  ( -2.440123401233257106, -0.8329069857911108876, 0.9962887307099279610 ) ) ;
#250 = CARTESIAN_POINT ( 'NONE',  ( -2.315243215480961236, 0.8788275415572066596, 1.119999999999999885 ) ) ;
#251 = FACE_OUTER_BOUND ( 'NONE', #161, .T. ) ;
#252 = DIRECTION ( 'NONE',  ( 0.000000000000000000, 0.000000000000000000, -1.000000000000000000 ) ) ;
#253 = CARTESIAN_POINT ( 'NONE',  ( -2.474999999999999645, 1.459291351992467956, 0.1000000000000000472 ) ) ;
#254 = DIRECTION ( 'NONE',  ( 0.000000000000000000, 1.000000000000000000, 0.000000000000000000 ) ) ;
#255 = DIRECTION ( 'NONE',  ( -0.000000000000000000, -0.000000000000000000, -1.000000000000000000 ) ) ;
#256 = ORIENTED_EDGE ( 'NONE', *, *, #542, .T. ) ;
#257 = CARTESIAN_POINT ( 'NONE',  ( -2.220704505159492914, 1.317604992240135831, 1.020000000000000018 ) ) ;
#258 = SURFACE_SIDE_STYLE ('',( #2358 ) ) ;
#259 =( NAMED_UNIT ( * ) SI_UNIT ( $, .STERADIAN. ) SOLID_ANGLE_UNIT ( ) );
#260 = CARTESIAN_POINT ( 'NONE',  ( -2.410910303616962569, -0.9862268256588601067, 1.011653378078214871 ) ) ;
#261 = CARTESIAN_POINT ( 'NONE',  ( -2.411537648311763871, 0.5628153821615737851, 1.119999999999999885 ) ) ;
#262 = B_SPLINE_CURVE_WITH_KNOTS ( 'NONE', 3,
 ( #776, #2099, #1741, #1368, #409, #585, #1166, #1924, #40, #1174 ),
 .UNSPECIFIED., .F., .F.,
 ( 4, 2, 2, 2, 4 ),
 ( 0.000000000000000000, 0.2500000000000000000, 0.5000000000000000000, 0.7500000000000000000, 1.000000000000000000 ),
 .UNSPECIFIED. ) ;
#263 = DIRECTION ( 'NONE',  ( 0.000000000000000000, 0.000000000000000000, 1.000000000000000000 ) ) ;
#264 = CARTESIAN_POINT ( 'NONE',  ( 0.000000000000000000, 0.000000000000000000, -20.54999999999999716 ) ) ;
#265 = PLANE ( 'NONE',  #630 ) ;
#266 = MECHANICAL_DESIGN_GEOMETRIC_PRESENTATION_REPRESENTATION (  '', ( #1423 ), #2218 ) ;
#267 = VECTOR ( 'NONE', #1276, 1000.000000000000000 ) ;
#268 = PRESENTATION_LAYER_ASSIGNMENT (  '', '', ( #1942 ) ) ;
#269 = ORIENTED_EDGE ( 'NONE', *, *, #30, .T. ) ;
#270 = CARTESIAN_POINT ( 'NONE',  ( -1.945304074002917272, 1.687555632357653490, 1.020000000000000018 ) ) ;
#271 = SURFACE_STYLE_USAGE ( .BOTH. , #639 ) ;
#272 = CARTESIAN_POINT ( 'NONE',  ( -2.300855749553958773, 0.9595123608833662221, 1.060667885625083962 ) ) ;
#273 = CARTESIAN_POINT ( 'NONE',  ( -2.453141036836453903, -0.3545869898788376884, 1.039144773000193034 ) ) ;
#274 = CARTESIAN_POINT ( 'NONE',  ( -2.443354969962062029, 0.4028541601924956472, 1.119999999999999662 ) ) ;
#275 = CIRCLE ( 'NONE', #604, 2.887500000000000622 ) ;
#276 =( NAMED_UNIT ( * ) PLANE_ANGLE_UNIT ( ) SI_UNIT ( $, .RADIAN. ) );
#277 =( LENGTH_UNIT ( ) NAMED_UNIT ( * ) SI_UNIT ( .MILLI., .METRE. ) );
#278 = VECTOR ( 'NONE', #530, 1000.000000000000000 ) ;
#279 = STYLED_ITEM ( 'NONE', ( #727 ), #2400 ) ;
#280 = STYLED_ITEM ( 'NONE', ( #948 ), #377 ) ;
#281 = PRESENTATION_STYLE_ASSIGNMENT (( #2364 ) ) ;
#282 = CARTESIAN_POINT ( 'NONE',  ( -2.430948319155770587, 0.5503111450535994598, 1.030772134760715941 ) ) ;
#283 = AXIS2_PLACEMENT_3D ( 'NONE', #804, #1372, #998 ) ;
#284 = EDGE_LOOP ( 'NONE', ( #1298, #1355, #2395, #1262, #1447, #338 ) ) ;
#285 = CARTESIAN_POINT ( 'NONE',  ( 2.427908136251429649, 0.8580168874624424236, 1.020000000000000018 ) ) ;
#286 = SURFACE_STYLE_USAGE ( .BOTH. , #1979 ) ;
#287 = EDGE_CURVE ( 'NONE', #1784, #547, #2413, .T. ) ;
#288 = CARTESIAN_POINT ( 'NONE',  ( -2.414464555585071004, -0.7806581916417663081, 1.013523457853534149 ) ) ;
#289 = CARTESIAN_POINT ( 'NONE',  ( 0.3663229249093776785, -2.552900097893204379, 1.020000000000000240 ) ) ;
#290 = DIRECTION ( 'NONE',  ( 1.000000000000000000, 1.084202172485506327E-14, 0.000000000000000000 ) ) ;
#291 = CARTESIAN_POINT ( 'NONE',  ( -2.400852120297426673, -0.9930834879361810641, 1.014967077772468640 ) ) ;
#292 = CARTESIAN_POINT ( 'NONE',  ( -2.439999863056708573, 1.018445945389419238, 0.9964232581414372847 ) ) ;
#293 = EDGE_CURVE ( 'NONE', #2051, #774, #1507, .T. ) ;
#294 = ORIENTED_EDGE ( 'NONE', *, *, #2133, .T. ) ;
#295 = CARTESIAN_POINT ( 'NONE',  ( -2.471083653470333985, 0.1636801550512507197, 1.030749608330177480 ) ) ;
#296 = ADVANCED_FACE ( 'NONE', ( #2206 ), #709, .T. ) ;
#297 = CARTESIAN_POINT ( 'NONE',  ( -2.447140994996826358, 0.6618326091252638710, 0.9946357495470318222 ) ) ;
#298 = SURFACE_SIDE_STYLE ('',( #1450 ) ) ;
#299 = VERTEX_POINT ( 'NONE', #736 ) ;
#300 = CARTESIAN_POINT ( 'NONE',  ( -2.391597863159395487, 0.6424216916254441578, 1.119999999999999885 ) ) ;
#301 = CARTESIAN_POINT ( 'NONE',  ( -2.375000000000000000, 0.000000000000000000, 0.9200000000000007061 ) ) ;
#302 = CARTESIAN_POINT ( 'NONE',  ( 2.787500000000000977, 0.000000000000000000, 1.020000000000000018 ) ) ;
#303 = DIRECTION ( 'NONE',  ( -1.000000000000000000, -2.125886612716674341E-16, -0.000000000000000000 ) ) ;
#304 = FILL_AREA_STYLE_COLOUR ( '', #1310 ) ;
#305 = CARTESIAN_POINT ( 'NONE',  ( -2.474999999999999645, 1.791903384008631458E-18, 0.9371125317645264685 ) ) ;
#306 = ADVANCED_FACE ( 'NONE', ( #2440 ), #1834, .T. ) ;
#307 = CARTESIAN_POINT ( 'NONE',  ( -2.422000243601452052, 0.7498104062140568127, 1.010980805075999189 ) ) ;
#308 = SURFACE_STYLE_FILL_AREA ( #2196 ) ;
#309 = VERTEX_POINT ( 'NONE', #1725 ) ;
#310 = VECTOR ( 'NONE', #716, 1000.000000000000000 ) ;
#311 = CARTESIAN_POINT ( 'NONE',  ( 0.000000000000000000, 0.000000000000000000, 0.000000000000000000 ) ) ;
#312 = CARTESIAN_POINT ( 'NONE',  ( -0.07152305632221869769, 2.786847086382003180, 1.020000000000000240 ) ) ;
#313 = B_SPLINE_CURVE_WITH_KNOTS ( 'NONE', 3,
 ( #2359, #1401, #1433, #2187, #442, #1015 ),
 .UNSPECIFIED., .F., .F.,
 ( 4, 2, 4 ),
 ( 0.000000000000000000, 0.5000000000000000000, 1.000000000000000000 ),
 .UNSPECIFIED. ) ;
#314 = PRODUCT_DEFINITION_SHAPE ( 'NONE', 'NONE',  #2458 ) ;
#315 = CARTESIAN_POINT ( 'NONE',  ( -2.445711089092712509, -0.9893570425309058392, 0.9907102671302655539 ) ) ;
#316 = AXIS2_PLACEMENT_3D ( 'NONE', #652, #1382, #62 ) ;
#317 = CARTESIAN_POINT ( 'NONE',  ( -2.475625506061205350, 0.3771720473672783291, 0.9482449444992622212 ) ) ;
#318 = PRESENTATION_LAYER_ASSIGNMENT (  '', '', ( #1396 ) ) ;
#319 = CARTESIAN_POINT ( 'NONE',  ( -2.453141036836452127, 0.3545869898788379104, 1.039144773000194366 ) ) ;
#320 = VECTOR ( 'NONE', #303, 1000.000000000000000 ) ;
#321 = DIRECTION ( 'NONE',  ( -1.000000000000000000, 0.000000000000000000, 0.000000000000000000 ) ) ;
#322 = ORIENTED_EDGE ( 'NONE', *, *, #30, .F. ) ;
#323 = PRODUCT_DEFINITION_FORMATION_WITH_SPECIFIED_SOURCE ( 'ANY', '', #2022, .NOT_KNOWN. ) ;
#324 = CARTESIAN_POINT ( 'NONE',  ( -2.417036817544663041, -0.5395472987703905376, 1.102259396544010617 ) ) ;
#325 = DIRECTION ( 'NONE',  ( -0.8520179372197308476, -0.5235125926430372889, 0.000000000000000000 ) ) ;
#326 = ADVANCED_BREP_SHAPE_REPRESENTATION ( '', ( #381, #520 ), #1677 ) ;
#327 = FILL_AREA_STYLE ('',( #692 ) ) ;
#328 = CARTESIAN_POINT ( 'NONE',  ( -1.342270377942325066, -2.202850033751293513, 1.020000000000000018 ) ) ;
#329 = ADVANCED_FACE ( 'NONE', ( #1350 ), #1587, .F. ) ;
#330 =( NAMED_UNIT ( * ) SI_UNIT ( $, .STERADIAN. ) SOLID_ANGLE_UNIT ( ) );
#331 = FILL_AREA_STYLE ('',( #1664 ) ) ;
#332 = CARTESIAN_POINT ( 'NONE',  ( 1.525000000000000133, -0.2550000000000000044, -21.55000000000000071 ) ) ;
#333 = CARTESIAN_POINT ( 'NONE',  ( -2.474999999999999645, 0.07516568985295080108, 0.9371125317645264685 ) ) ;
#334 = CARTESIAN_POINT ( 'NONE',  ( -2.472203131396048637, 0.1459693130791109017, 1.021443569060892953 ) ) ;
#335 = CARTESIAN_POINT ( 'NONE',  ( -2.111822089310452011, -1.501369551461763763, 1.020000000000000240 ) ) ;
#336 = UNCERTAINTY_MEASURE_WITH_UNIT (LENGTH_MEASURE( 1.000000000000000082E-05 ), #2373, 'distance_accuracy_value', 'NONE');
#337 = CARTESIAN_POINT ( 'NONE',  ( -2.474999999999999645, -0.8288794790602739271, 0.9303510893842810159 ) ) ;
#338 = ORIENTED_EDGE ( 'NONE', *, *, #2388, .F. ) ;
#339 = FILL_AREA_STYLE_COLOUR ( '', #970 ) ;
#340 = SURFACE_STYLE_USAGE ( .BOTH. , #1490 ) ;
#341 = CARTESIAN_POINT ( 'NONE',  ( -2.445726774665670344, -1.035691174283753124, 0.9906945815716394765 ) ) ;
#342 = B_SPLINE_SURFACE_WITH_KNOTS ( 'NONE', 3, 3, ( 
 ( #889, #1648, #295, #1064, #715, #523, #1460, #1448, #900, #878 ),
 ( #1472, #1431, #2419, #1798, #689, #98, #864, #673, #2185, #1810 ),
 ( #488, #1247, #2005, #111, #2199, #499, #1079, #1111, #144, #154 ),
 ( #1836, #2425, #724, #1494, #872, #710, #2362, #1814, #2349, #858 ),
 ( #1790, #2398, #1982, #77, #1611, #115, #1057, #1640, #883, #2139 ),
 ( #478, #1403, #656, #91, #274, #261, #300, #1238, #250, #2154 ) ),
 .UNSPECIFIED., .F., .F., .F.,
 ( 4, 2, 4 ),
 ( 4, 2, 2, 2, 4 ),
 ( 0.000000000000000000, 0.5000000000000000000, 1.000000000000000000 ),
 ( 0.000000000000000000, 0.2500000000000000000, 0.5000000000000000000, 0.7500000000000000000, 1.000000000000000000 ),
 .UNSPECIFIED. ) ;
#343 = CARTESIAN_POINT ( 'NONE',  ( 2.129082849528960875, 1.805987064875625991, 1.020000000000000018 ) ) ;
#344 = FILL_AREA_STYLE_COLOUR ( '', #1917 ) ;
#345 = APPLICATION_CONTEXT ( 'automotive_design' ) ;
#346 = CARTESIAN_POINT ( 'NONE',  ( -2.474999999999999645, 1.791903384008631072E-18, 0.9371125317645264685 ) ) ;
#347 = LINE ( 'NONE', #620, #124 ) ;
#348 = CARTESIAN_POINT ( 'NONE',  ( -2.392928071528112266, -0.6377479978164865004, 1.109925064930599836 ) ) ;
#349 = LINE ( 'NONE', #1117, #310 ) ;
#350 =( LENGTH_UNIT ( ) NAMED_UNIT ( * ) SI_UNIT ( .MILLI., .METRE. ) );
#351 = APPLICATION_PROTOCOL_DEFINITION ( 'draft international standard', 'automotive_design', 1998, #1781 ) ;
#352 = STYLED_ITEM ( 'NONE', ( #1753 ), #1260 ) ;
#353 = CARTESIAN_POINT ( 'NONE',  ( 1.616503253848127430, 2.271262851404654892, 1.020000000000000240 ) ) ;
#354 = CARTESIAN_POINT ( 'NONE',  ( 2.475000000000000089, 3.031000827889699256E-16, 9.269999999999999574 ) ) ;
#355 = COLOUR_RGB ( '',0.8039215686274510109, 0.8039215686274510109, 0.8039215686274510109 ) ;
#356 = DIRECTION ( 'NONE',  ( -2.125886612716675327E-16, 1.000000000000000000, 0.000000000000000000 ) ) ;
#357 = PRESENTATION_LAYER_ASSIGNMENT (  '', '', ( #2101 ) ) ;
#358 = UNCERTAINTY_MEASURE_WITH_UNIT (LENGTH_MEASURE( 1.000000000000000082E-05 ), #1724, 'distance_accuracy_value', 'NONE');
#359 = MECHANICAL_DESIGN_GEOMETRIC_PRESENTATION_REPRESENTATION (  '', ( #1160 ), #1521 ) ;
#360 = CARTESIAN_POINT ( 'NONE',  ( -2.445653371925656572, -0.8244001838105113888, 0.9907679843116548035 ) ) ;
#361 =( GEOMETRIC_REPRESENTATION_CONTEXT ( 3 ) GLOBAL_UNCERTAINTY_ASSIGNED_CONTEXT ( ( #912 ) ) GLOBAL_UNIT_ASSIGNED_CONTEXT ( ( #1519, #1428, #2246 ) ) REPRESENTATION_CONTEXT ( 'NONE', 'WORKASPACE' ) );
#362 = SURFACE_SIDE_STYLE ('',( #1313 ) ) ;
#363 = LINE ( 'NONE', #941, #2317 ) ;
#364 =( GEOMETRIC_REPRESENTATION_CONTEXT ( 3 ) GLOBAL_UNCERTAINTY_ASSIGNED_CONTEXT ( ( #2281 ) ) GLOBAL_UNIT_ASSIGNED_CONTEXT ( ( #2035, #1665, #1563 ) ) REPRESENTATION_CONTEXT ( 'NONE', 'WORKASPACE' ) );
#365 = FILL_AREA_STYLE_COLOUR ( '', #396 ) ;
#366 = COLOUR_RGB ( '',0.2862745098039215508, 0.2862745098039215508, 0.2862745098039215508 ) ;
#367 = ORIENTED_EDGE ( 'NONE', *, *, #2211, .T. ) ;
#368 = PRESENTATION_STYLE_ASSIGNMENT (( #2063 ) ) ;
#369 = EDGE_CURVE ( 'NONE', #189, #309, #1045, .T. ) ;
#370 = CARTESIAN_POINT ( 'NONE',  ( -2.474482564945795993, -4.710934421482765791E-17, 1.004364377089061566 ) ) ;
#371 = CARTESIAN_POINT ( 'NONE',  ( -2.460201793721974450, -1.511642611256768687, 0.9785786437626906586 ) ) ;
#372 = DIRECTION ( 'NONE',  ( 1.000000000000000000, 0.000000000000000000, 0.000000000000000000 ) ) ;
#373 = SURFACE_STYLE_USAGE ( .BOTH. , #947 ) ;
#374 = DIRECTION ( 'NONE',  ( -1.000000000000000000, -2.125886612716675327E-16, 0.000000000000000000 ) ) ;
#375 = CARTESIAN_POINT ( 'NONE',  ( -2.473576377959334494, -0.6406757088342949213, 0.9446794826670774636 ) ) ;
#376 = EDGE_LOOP ( 'NONE', ( #1516, #406, #1078, #2159 ) ) ;
#377 = ADVANCED_FACE ( 'NONE', ( #1337 ), #1104, .T. ) ;
#378 = CARTESIAN_POINT ( 'NONE',  ( 2.787500000000000977, -3.474544683396396216, 5.421010862427521554E-17 ) ) ;
#379 = EDGE_CURVE ( 'NONE', #435, #1430, #2258, .T. ) ;
#380 = ORIENTED_EDGE ( 'NONE', *, *, #1191, .T. ) ;
#381 = MANIFOLD_SOLID_BREP ( 'Imported1', #11 ) ;
#382 = UNCERTAINTY_MEASURE_WITH_UNIT (LENGTH_MEASURE( 1.000000000000000082E-05 ), #1267, 'distance_accuracy_value', 'NONE');
#383 = PRODUCT_DEFINITION ( 'UNKNOWN', '', #2110, #47 ) ;
#384 =( LENGTH_UNIT ( ) NAMED_UNIT ( * ) SI_UNIT ( .MILLI., .METRE. ) );
#385 = CARTESIAN_POINT ( 'NONE',  ( -2.474999999999999645, 3.031000827889698763E-16, 6.794999999999999929 ) ) ;
#386 = CARTESIAN_POINT ( 'NONE',  ( -2.374999999999998668, 0.9949874371066252943, 1.020000000000000018 ) ) ;
#387 = SURFACE_STYLE_FILL_AREA ( #2318 ) ;
#388 = EDGE_LOOP ( 'NONE', ( #2004, #1301, #380, #1498 ) ) ;
#389 = LINE ( 'NONE', #2296, #1366 ) ;
#390 = DIRECTION ( 'NONE',  ( 0.000000000000000000, 0.000000000000000000, -1.000000000000000000 ) ) ;
#391 = ORIENTED_EDGE ( 'NONE', *, *, #2403, .F. ) ;
#392 = DIRECTION ( 'NONE',  ( -0.000000000000000000, 0.000000000000000000, 1.000000000000000000 ) ) ;
#393 = CARTESIAN_POINT ( 'NONE',  ( -2.474999999999999201, -1.459291351992468178, 0.9199999999999999289 ) ) ;
#394 = CARTESIAN_POINT ( 'NONE',  ( -2.474514008114441221, -1.096927179864453628E-17, 1.037192829255531024 ) ) ;
#395 = CARTESIAN_POINT ( 'NONE',  ( -2.339892591060693583, -0.9258936787917381173, 1.019999999999998241 ) ) ;
#396 = COLOUR_RGB ( '',0.8039215686274510109, 0.8039215686274510109, 0.8039215686274510109 ) ;
#397 = CARTESIAN_POINT ( 'NONE',  ( -2.445711089092712509, -0.9893570425309058392, 0.9907102671302655539 ) ) ;
#398 = CARTESIAN_POINT ( 'NONE',  ( -2.374999999999998668, 0.9956510600449418602, 1.020000000000000018 ) ) ;
#399 = CIRCLE ( 'NONE', #881, 0.09999999999999982514 ) ;
#400 = SHAPE_REPRESENTATION ( 'Body', ( #520 ), #1677 ) ;
#401 = B_SPLINE_CURVE_WITH_KNOTS ( 'NONE', 3,
 ( #1902, #37, #602, #1353, #2285, #767, #1555, #417, #2329, #801, #579, #1728, #590, #2304, #1147, #17, #198, #622, #2295, #783, #983, #964, #995, #1180, #1362, #2095, #813, #2119, #5, #1919, #1718, #795, #1371, #1568 ),
 .UNSPECIFIED., .F., .F.,
 ( 4, 1, 1, 2, 2, 2, 1, 1, 2, 2, 2, 1, 1, 2, 2, 2, 1, 1, 2, 2, 4 ),
 ( 0.000000000000000000, 0.06250000000000024980, 0.09375000000000040246, 0.1093750000000004441, 0.1250000000000004718, 0.2500000000000006106, 0.3125000000000006106, 0.3437500000000006106, 0.3593750000000006106, 0.3750000000000006106, 0.5000000000000004441, 0.5625000000000004441, 0.5937500000000003331, 0.6093750000000003331, 0.6250000000000002220, 0.7499999999999998890, 0.8124999999999996669, 0.8437499999999995559, 0.8593749999999995559, 0.8749999999999995559, 1.000000000000000000 ),
 .UNSPECIFIED. ) ;
#402 = DIRECTION ( 'NONE',  ( -1.000000000000000000, -2.385244779468113857E-14, 0.000000000000000000 ) ) ;
#403 = PRESENTATION_LAYER_ASSIGNMENT (  '', '', ( #1914 ) ) ;
#404 = CARTESIAN_POINT ( 'NONE',  ( 2.575000000000001954, 3.680337043487997839, 1.019999999999999574 ) ) ;
#405 =( GEOMETRIC_REPRESENTATION_CONTEXT ( 3 ) GLOBAL_UNCERTAINTY_ASSIGNED_CONTEXT ( ( #712 ) ) GLOBAL_UNIT_ASSIGNED_CONTEXT ( ( #838, #449, #1805 ) ) REPRESENTATION_CONTEXT ( 'NONE', 'WORKASPACE' ) );
#406 = ORIENTED_EDGE ( 'NONE', *, *, #820, .T. ) ;
#407 = CARTESIAN_POINT ( 'NONE',  ( -2.474999999999999645, 0.000000000000000000, 0.9200000000000007061 ) ) ;
#408 = AXIS2_PLACEMENT_3D ( 'NONE', #2178, #1376, #467 ) ;
#409 = CARTESIAN_POINT ( 'NONE',  ( -2.415215999209157971, 0.5649633832949833012, 1.062358708612358260 ) ) ;
#410 = DIRECTION ( 'NONE',  ( 1.000000000000000000, 4.251773225433350654E-16, -0.000000000000000000 ) ) ;
#411 = ADVANCED_FACE ( 'NONE', ( #1491 ), #1278, .T. ) ;
#412 = MECHANICAL_DESIGN_GEOMETRIC_PRESENTATION_REPRESENTATION (  '', ( #1042 ), #1556 ) ;
#413 =( GEOMETRIC_REPRESENTATION_CONTEXT ( 3 ) GLOBAL_UNCERTAINTY_ASSIGNED_CONTEXT ( ( #815 ) ) GLOBAL_UNIT_ASSIGNED_CONTEXT ( ( #1811, #1473, #2200 ) ) REPRESENTATION_CONTEXT ( 'NONE', 'WORKASPACE' ) );
#414 = MECHANICAL_DESIGN_GEOMETRIC_PRESENTATION_REPRESENTATION (  '', ( #527 ), #2189 ) ;
#415 = FILL_AREA_STYLE_COLOUR ( '', #205 ) ;
#416 = FILL_AREA_STYLE_COLOUR ( '', #434 ) ;
#417 = CARTESIAN_POINT ( 'NONE',  ( -1.568516123069768842, -2.325355817950846227, 1.020000000000000240 ) ) ;
#418 = CARTESIAN_POINT ( 'NONE',  ( -2.394361900898239526, 0.9474471423393392433, 1.019999999999999352 ) ) ;
#419 = UNCERTAINTY_MEASURE_WITH_UNIT (LENGTH_MEASURE( 1.000000000000000082E-05 ), #2328, 'distance_accuracy_value', 'NONE');
#420 = ORIENTED_EDGE ( 'NONE', *, *, #911, .T. ) ;
#421 = SURFACE_SIDE_STYLE ('',( #2115 ) ) ;
#422 = CARTESIAN_POINT ( 'NONE',  ( -2.433072250575702089, -1.559843127752204239, 0.9200000000030056357 ) ) ;
#423 = CARTESIAN_POINT ( 'NONE',  ( 2.516421356237308782, -3.596613100731831825, 1.019999999999998019 ) ) ;
#424 = CARTESIAN_POINT ( 'NONE',  ( 1.525000000000000133, -0.2550000000000000044, 0.000000000000000000 ) ) ;
#425 = CARTESIAN_POINT ( 'NONE',  ( -2.335718444338378053, -0.8840881184363487133, 1.057475816663510759 ) ) ;
#426 = CARTESIAN_POINT ( 'NONE',  ( 2.575000000000000178, 0.000000000000000000, 1.119999999999999440 ) ) ;
#427 = DIRECTION ( 'NONE',  ( 1.000000000000000000, -0.000000000000000000, 0.000000000000000000 ) ) ;
#428 = ORIENTED_EDGE ( 'NONE', *, *, #1158, .F. ) ;
#429 = CARTESIAN_POINT ( 'NONE',  ( 1.798031320322116544, 1.868474943310861613, 1.019999999999999796 ) ) ;
#430 = CARTESIAN_POINT ( 'NONE',  ( -2.456643222444317765, -0.3254556904052651189, 1.043451112492545185 ) ) ;
#431 = PRODUCT_DEFINITION ( 'UNKNOWN', '', #2280, #2129 ) ;
#432 = SURFACE_SIDE_STYLE ('',( #2125 ) ) ;
#433 = CARTESIAN_POINT ( 'NONE',  ( -2.424910055223817196, 1.489958009662187166, 1.020000000000000240 ) ) ;
#434 = COLOUR_RGB ( '',0.2862745098039215508, 0.2862745098039215508, 0.2862745098039215508 ) ;
#435 = VERTEX_POINT ( 'NONE', #206 ) ;
#436 = MECHANICAL_DESIGN_GEOMETRIC_PRESENTATION_REPRESENTATION (  '', ( #36 ), #1152 ) ;
#437 = SURFACE_SIDE_STYLE ('',( #1394 ) ) ;
#438 = ORIENTED_EDGE ( 'NONE', *, *, #12, .T. ) ;
#439 = CARTESIAN_POINT ( 'NONE',  ( 2.217202821785536848, 1.325433937695596809, 1.020000000000000240 ) ) ;
#440 = DIRECTION ( 'NONE',  ( -1.000000000000000000, 0.000000000000000000, 0.000000000000000000 ) ) ;
#441 = COLOUR_RGB ( '',0.2862745098039215508, 0.2862745098039215508, 0.2862745098039215508 ) ;
#442 = CARTESIAN_POINT ( 'NONE',  ( -2.474999999999999645, 0.9949874371066257384, 0.9289933816174189563 ) ) ;
#443 = MECHANICAL_DESIGN_GEOMETRIC_PRESENTATION_REPRESENTATION (  '', ( #2312 ), #1916 ) ;
#444 = CARTESIAN_POINT ( 'NONE',  ( -2.445621354874162545, -0.4057102899426561216, 1.050285168017842441 ) ) ;
#445 = CARTESIAN_POINT ( 'NONE',  ( 2.557348976350172887, -0.3571801057907059707, 1.020000000000000240 ) ) ;
#446 =( NAMED_UNIT ( * ) PLANE_ANGLE_UNIT ( ) SI_UNIT ( $, .RADIAN. ) );
#447 = CARTESIAN_POINT ( 'NONE',  ( -2.474999999999999645, 1.459291351992467733, 0.04098266445048900919 ) ) ;
#448 = COLOUR_RGB ( '',0.8039215686274510109, 0.8039215686274510109, 0.8039215686274510109 ) ;
#449 =( NAMED_UNIT ( * ) PLANE_ANGLE_UNIT ( ) SI_UNIT ( $, .RADIAN. ) );
#450 = FACE_OUTER_BOUND ( 'NONE', #487, .T. ) ;
#451 = EDGE_CURVE ( 'NONE', #547, #1063, #1637, .T. ) ;
#452 = VERTEX_POINT ( 'NONE', #955 ) ;
#453 = CARTESIAN_POINT ( 'NONE',  ( 2.846078643762691485, 0.000000000000000000, 5.779701605339381598E-17 ) ) ;
#454 = CARTESIAN_POINT ( 'NONE',  ( -2.474514008114441221, -1.096927179864417729E-17, 1.037192829255531024 ) ) ;
#455 = CARTESIAN_POINT ( 'NONE',  ( -2.311894666844056090, 0.9626126176948206492, 1.049286328218747899 ) ) ;
#456 = EDGE_CURVE ( 'NONE', #1528, #1670, #2061, .T. ) ;
#457 = CARTESIAN_POINT ( 'NONE',  ( -2.418535166435371142, -0.9866339511978808874, 1.008703584575449730 ) ) ;
#458 = CARTESIAN_POINT ( 'NONE',  ( 1.319639894485202136, -2.211217101290184228, 1.020000000000000018 ) ) ;
#459 = CARTESIAN_POINT ( 'NONE',  ( 0.000000000000000000, 0.000000000000000000, 0.000000000000000000 ) ) ;
#460 = PRESENTATION_STYLE_ASSIGNMENT (( #1228 ) ) ;
#461 = PRESENTATION_STYLE_ASSIGNMENT (( #1181 ) ) ;
#462 =( BOUNDED_SURFACE ( )  B_SPLINE_SURFACE ( 3, 3, ( 
 ( #51, #2343, #662, #1224 ),
 ( #1977, #1196, #638, #2333 ),
 ( #453, #625, #614, #2357 ),
 ( #1212, #1184, #651, #61 ) ),
 .UNSPECIFIED., .F., .F., .F. ) 
 B_SPLINE_SURFACE_WITH_KNOTS ( ( 4, 4 ),
 ( 4, 4 ),
 ( 0.000000000000000000, 1.000000000000000000 ),
 ( 0.000000000000000000, 1.000000000000000000 ),
 .UNSPECIFIED. ) 
 GEOMETRIC_REPRESENTATION_ITEM ( )  RATIONAL_B_SPLINE_SURFACE ( (
 ( 1.000000000000000000, 0.5146752833616151657, 0.5146752833616151657, 1.000000000000000000),
 ( 0.8047378541243649375, 0.4141786831032756577, 0.4141786831032756577, 0.8047378541243649375),
 ( 0.8047378541243649375, 0.4141786831032756577, 0.4141786831032756577, 0.8047378541243649375),
 ( 1.000000000000000000, 0.5146752833616151657, 0.5146752833616151657, 1.000000000000000000) ) ) 
 REPRESENTATION_ITEM ( '' )  SURFACE ( )  );
#463 = ORIENTED_EDGE ( 'NONE', *, *, #820, .F. ) ;
#464 = SURFACE_STYLE_FILL_AREA ( #2161 ) ;
#465 = DIRECTION ( 'NONE',  ( -1.000000000000000000, 2.125886612716675327E-16, 0.000000000000000000 ) ) ;
#466 = CARTESIAN_POINT ( 'NONE',  ( -2.398211826607108854, -0.6583955070262359488, 1.062626716285916650 ) ) ;
#467 = DIRECTION ( 'NONE',  ( -0.8520179372197308476, 0.5235125926430372889, 0.000000000000000000 ) ) ;
#468 = DIRECTION ( 'NONE',  ( -1.000000000000000000, 0.000000000000000000, 0.000000000000000000 ) ) ;
#469 = SURFACE_STYLE_USAGE ( .BOTH. , #181 ) ;
#470 = STYLED_ITEM ( 'NONE', ( #659 ), #1141 ) ;
#471 =( GEOMETRIC_REPRESENTATION_CONTEXT ( 3 ) GLOBAL_UNCERTAINTY_ASSIGNED_CONTEXT ( ( #358 ) ) GLOBAL_UNIT_ASSIGNED_CONTEXT ( ( #1724, #1185, #1167 ) ) REPRESENTATION_CONTEXT ( 'NONE', 'WORKASPACE' ) );
#472 = VERTEX_POINT ( 'NONE', #28 ) ;
#473 = CARTESIAN_POINT ( 'NONE',  ( 1.271110081864496255, 2.239716748255617951, 1.019999999999999796 ) ) ;
#474 = LINE ( 'NONE', #1249, #2134 ) ;
#475 = CARTESIAN_POINT ( 'NONE',  ( -2.433072250575702089, 1.459291351992467511, 1.020551775759736657 ) ) ;
#476 =( GEOMETRIC_REPRESENTATION_CONTEXT ( 3 ) GLOBAL_UNCERTAINTY_ASSIGNED_CONTEXT ( ( #2279 ) ) GLOBAL_UNIT_ASSIGNED_CONTEXT ( ( #384, #1714, #2371 ) ) REPRESENTATION_CONTEXT ( 'NONE', 'WORKASPACE' ) );
#477 = CARTESIAN_POINT ( 'NONE',  ( -2.391550246295384596, -0.7704015216995889759, 1.035751083273529272 ) ) ;
#478 = CARTESIAN_POINT ( 'NONE',  ( -2.475000000000000533, 1.373900992973631515E-16, 1.119999999999999440 ) ) ;
#479 =( NAMED_UNIT ( * ) SI_UNIT ( $, .STERADIAN. ) SOLID_ANGLE_UNIT ( ) );
#480 = STYLED_ITEM ( 'NONE', ( #1704 ), #2130 ) ;
#481 =( NAMED_UNIT ( * ) PLANE_ANGLE_UNIT ( ) SI_UNIT ( $, .RADIAN. ) );
#482 = STYLED_ITEM ( 'NONE', ( #541 ), #306 ) ;
#483 = B_SPLINE_CURVE_WITH_KNOTS ( 'NONE', 3,
 ( #1957, #2369, #1384, #1040, #272, #455 ),
 .UNSPECIFIED., .F., .F.,
 ( 4, 2, 4 ),
 ( 0.000000000000000000, 0.5000000000000000000, 1.000000000000000000 ),
 .UNSPECIFIED. ) ;
#484 =( NAMED_UNIT ( * ) PLANE_ANGLE_UNIT ( ) SI_UNIT ( $, .RADIAN. ) );
#485 = CARTESIAN_POINT ( 'NONE',  ( -2.447140994996826358, 0.6618326091252638710, 0.9946357495470318222 ) ) ;
#486 = DIRECTION ( 'NONE',  ( 1.000000000000000000, 0.000000000000000000, 0.000000000000000000 ) ) ;
#487 = EDGE_LOOP ( 'NONE', ( #231, #110, #20, #650 ) ) ;
#488 = CARTESIAN_POINT ( 'NONE',  ( -2.474686701316337611, 4.950170893628119874E-17, 1.054581821928131991 ) ) ;
#489 = CARTESIAN_POINT ( 'NONE',  ( -2.311894666844055646, -0.9626126176948206492, 1.049286328218748121 ) ) ;
#490 = CARTESIAN_POINT ( 'NONE',  ( -2.311894666844056090, 0.9626126176948206492, 1.049286328218747899 ) ) ;
#491 = CARTESIAN_POINT ( 'NONE',  ( 2.787500000000000533, 3.474544683396394440, 5.421010862427521554E-17 ) ) ;
#492 = CARTESIAN_POINT ( 'NONE',  ( -2.472203131396050413, -0.1459693130791110405, 1.021443569060892065 ) ) ;
#493 = SHAPE_REPRESENTATION_RELATIONSHIP ( 'NONE' , 'NONE' ,  #907, #214 ) ;
#494 = SURFACE_SIDE_STYLE ('',( #905 ) ) ;
#495 = FACE_OUTER_BOUND ( 'NONE', #1597, .T. ) ;
#496 = CARTESIAN_POINT ( 'NONE',  ( -2.456643222444315100, 0.3254556904052653410, 1.043451112492546518 ) ) ;
#497 = CARTESIAN_POINT ( 'NONE',  ( -2.471067272467107223, -0.1641913059694231347, 1.013646911492853020 ) ) ;
#498 = EDGE_LOOP ( 'NONE', ( #1052, #200, #1223, #769, #1397, #2269 ) ) ;
#499 = CARTESIAN_POINT ( 'NONE',  ( -2.420663824162482047, 0.5276202466204227282, 1.082756935210280158 ) ) ;
#500 = CARTESIAN_POINT ( 'NONE',  ( -2.284089149490245774, -0.9562978648090924017, 1.099580399440877931 ) ) ;
#501 = CARTESIAN_POINT ( 'NONE',  ( -2.300855749553958773, -0.9595123608833664441, 1.060667885625084406 ) ) ;
#502 = CARTESIAN_POINT ( 'NONE',  ( -2.474999999999999645, -1.459291351992467956, 0.9200000000000005951 ) ) ;
#503 = ORIENTED_EDGE ( 'NONE', *, *, #1654, .F. ) ;
#504 = SURFACE_STYLE_FILL_AREA ( #917 ) ;
#505 =( LENGTH_UNIT ( ) NAMED_UNIT ( * ) SI_UNIT ( .MILLI., .METRE. ) );
#506 = DIRECTION ( 'NONE',  ( 1.000000000000000000, 0.000000000000000000, 0.000000000000000000 ) ) ;
#507 = PRESENTATION_LAYER_ASSIGNMENT (  '', '', ( #1423 ) ) ;
#508 = CARTESIAN_POINT ( 'NONE',  ( -2.474999999999999645, -0.3316624790355418573, 0.9200000000000007061 ) ) ;
#509 = ORIENTED_EDGE ( 'NONE', *, *, #1613, .F. ) ;
#510 =( NAMED_UNIT ( * ) SI_UNIT ( $, .STERADIAN. ) SOLID_ANGLE_UNIT ( ) );
#511 = CARTESIAN_POINT ( 'NONE',  ( -2.458934217405737588, -0.2876952243944515542, 1.094866263280623864 ) ) ;
#512 =( GEOMETRIC_REPRESENTATION_CONTEXT ( 3 ) GLOBAL_UNCERTAINTY_ASSIGNED_CONTEXT ( ( #1707 ) ) GLOBAL_UNIT_ASSIGNED_CONTEXT ( ( #1321, #681, #1702 ) ) REPRESENTATION_CONTEXT ( 'NONE', 'WORKASPACE' ) );
#513 = CARTESIAN_POINT ( 'NONE',  ( -2.282766990291259734, -0.9563471482869505547, 1.119999999999999440 ) ) ;
#514 = CARTESIAN_POINT ( 'NONE',  ( -2.474498286530118385, -6.517938042291940669E-17, 1.020778603172296295 ) ) ;
#515 = CARTESIAN_POINT ( 'NONE',  ( -2.418488789280800244, -1.007026816350119924, 1.008755304586138157 ) ) ;
#516 = CIRCLE ( 'NONE', #74, 0.09999999999999982514 ) ;
#517 =( REPRESENTATION_RELATIONSHIP ('NONE','NONE', #2241, #400 ) REPRESENTATION_RELATIONSHIP_WITH_TRANSFORMATION ( #1322 )SHAPE_REPRESENTATION_RELATIONSHIP( ) );
#518 = CARTESIAN_POINT ( 'NONE',  ( -2.476351040587965180, 0.2939544076582077947, 0.9490689937735588000 ) ) ;
#519 = CARTESIAN_POINT ( 'NONE',  ( -1.828466635243489735, -1.813882100646972972, 1.020000000000000240 ) ) ;
#520 = AXIS2_PLACEMENT_3D ( 'NONE', #1641, #1983, #870 ) ;
#521 = CARTESIAN_POINT ( 'NONE',  ( -2.473193313673813787, -0.8191836736350889270, 0.9425223390639211329 ) ) ;
#522 = ORIENTED_EDGE ( 'NONE', *, *, #1250, .T. ) ;
#523 = CARTESIAN_POINT ( 'NONE',  ( -2.415215999209157971, 0.5649633832949833012, 1.062358708612358260 ) ) ;
#524 = AXIS2_PLACEMENT_3D ( 'NONE', #1965, #49, #814 ) ;
#525 = CARTESIAN_POINT ( 'NONE',  ( -2.329465029290328282, -0.8741423871605931151, 1.069752467813698926 ) ) ;
#526 =( NAMED_UNIT ( * ) PLANE_ANGLE_UNIT ( ) SI_UNIT ( $, .RADIAN. ) );
#527 = STYLED_ITEM ( 'NONE', ( #1468 ), #989 ) ;
#528 = CARTESIAN_POINT ( 'NONE',  ( -2.410888779553670425, -0.9947111145984200986, 1.011677916496869223 ) ) ;
#529 = CARTESIAN_POINT ( 'NONE',  ( 0.000000000000000000, 0.000000000000000000, 6.795000000000000817 ) ) ;
#530 = DIRECTION ( 'NONE',  ( -0.000000000000000000, -0.000000000000000000, -1.000000000000000000 ) ) ;
#531 = CARTESIAN_POINT ( 'NONE',  ( -2.474999999999999645, 0.1658312395177709286, 0.9200000000000007061 ) ) ;
#532 = CARTESIAN_POINT ( 'NONE',  ( -2.433089866756633857, 0.9878440029778299269, 1.001077721525283515 ) ) ;
#533 = UNCERTAINTY_MEASURE_WITH_UNIT (LENGTH_MEASURE( 1.000000000000000082E-05 ), #130, 'distance_accuracy_value', 'NONE');
#534 = CARTESIAN_POINT ( 'NONE',  ( -2.468868955961486034, -0.2841639139203465669, 0.9971617203433391641 ) ) ;
#535 = ORIENTED_EDGE ( 'NONE', *, *, #1986, .F. ) ;
#536 = SURFACE_STYLE_FILL_AREA ( #2239 ) ;
#537 = CARTESIAN_POINT ( 'NONE',  ( 1.525000000000000133, -0.2550000000000000044, -21.55000000000000071 ) ) ;
#538 = ORIENTED_EDGE ( 'NONE', *, *, #1345, .T. ) ;
#539 = FILL_AREA_STYLE_COLOUR ( '', #1546 ) ;
#540 = CARTESIAN_POINT ( 'NONE',  ( 2.410929165179372724, 1.433279079137652179, 1.020000000000000240 ) ) ;
#541 = PRESENTATION_STYLE_ASSIGNMENT (( #2247 ) ) ;
#542 = EDGE_CURVE ( 'NONE', #179, #1840, #1525, .T. ) ;
#543 = CARTESIAN_POINT ( 'NONE',  ( -2.473566701330246698, 0.1334217315999445541, 1.001018152923809135 ) ) ;
#544 = CARTESIAN_POINT ( 'NONE',  ( -2.389667230145033017, 0.9864714149338577043, 1.018368643389162775 ) ) ;
#545 = CARTESIAN_POINT ( 'NONE',  ( 2.787500000000001421, -6.505213034913026604E-16, 6.776263578034401480E-17 ) ) ;
#546 = CARTESIAN_POINT ( 'NONE',  ( -2.474999999999999645, -0.9949874371066257384, 0.9289933816174188452 ) ) ;
#547 = VERTEX_POINT ( 'NONE', #1910 ) ;
#548 = CARTESIAN_POINT ( 'NONE',  ( -2.301376972708014890, 0.9106530785591702148, 1.061421356237308045 ) ) ;
#549 = LINE ( 'NONE', #128, #1514 ) ;
#550 = PRESENTATION_LAYER_ASSIGNMENT (  '', '', ( #1625 ) ) ;
#551 = ORIENTED_EDGE ( 'NONE', *, *, #737, .F. ) ;
#552 = DIRECTION ( 'NONE',  ( 0.000000000000000000, -1.000000000000000000, -0.000000000000000000 ) ) ;
#553 = FACE_OUTER_BOUND ( 'NONE', #2127, .T. ) ;
#554 = DIRECTION ( 'NONE',  ( 0.000000000000000000, 0.000000000000000000, 1.000000000000000000 ) ) ;
#555 = AXIS2_PLACEMENT_3D ( 'NONE', #2162, #640, #1585 ) ;
#556 = EDGE_CURVE ( 'NONE', #70, #2392, #22, .T. ) ;
#557 =( NAMED_UNIT ( * ) PLANE_ANGLE_UNIT ( ) SI_UNIT ( $, .RADIAN. ) );
#558 = SURFACE_SIDE_STYLE ('',( #2152 ) ) ;
#559 = CARTESIAN_POINT ( 'NONE',  ( -2.474999999999999645, 0.4145780987944273632, 0.9200000000000008171 ) ) ;
#560 =( GEOMETRIC_REPRESENTATION_CONTEXT ( 3 ) GLOBAL_UNCERTAINTY_ASSIGNED_CONTEXT ( ( #1749 ) ) GLOBAL_UNIT_ASSIGNED_CONTEXT ( ( #2334, #87, #1039 ) ) REPRESENTATION_CONTEXT ( 'NONE', 'WORKASPACE' ) );
#561 = CARTESIAN_POINT ( 'NONE',  ( -2.377687905835418558, 0.9910604907979185807, 1.020000000000000240 ) ) ;
#562 = UNCERTAINTY_MEASURE_WITH_UNIT (LENGTH_MEASURE( 1.000000000000000082E-05 ), #811, 'distance_accuracy_value', 'NONE');
#563 = CARTESIAN_POINT ( 'NONE',  ( -2.457377712646000578, -0.4115544124857029029, 1.005158484290077814 ) ) ;
#564 = AXIS2_PLACEMENT_3D ( 'NONE', #1706, #982, #2 ) ;
#565 = ORIENTED_EDGE ( 'NONE', *, *, #1877, .F. ) ;
#566 = CARTESIAN_POINT ( 'NONE',  ( 2.475000000000000089, 0.000000000000000000, 1.061421356237308045 ) ) ;
#567 = AXIS2_PLACEMENT_3D ( 'NONE', #1927, #958, #791 ) ;
#568 = FILL_AREA_STYLE ('',( #365 ) ) ;
#569 = AXIS2_PLACEMENT_3D ( 'NONE', #925, #2182, #486 ) ;
#570 = ORIENTED_EDGE ( 'NONE', *, *, #633, .T. ) ;
#571 = CARTESIAN_POINT ( 'NONE',  ( -2.474999999999999645, 0.000000000000000000, 0.09999999999999999167 ) ) ;
#572 =( LENGTH_UNIT ( ) NAMED_UNIT ( * ) SI_UNIT ( .MILLI., .METRE. ) );
#573 = CONTEXT_DEPENDENT_SHAPE_REPRESENTATION ( #517, #314 ) ;
#574 = FILL_AREA_STYLE ('',( #2323 ) ) ;
#575 = EDGE_CURVE ( 'NONE', #797, #1840, #262, .T. ) ;
#576 = CARTESIAN_POINT ( 'NONE',  ( 1.525000000000000133, 0.2549999999999996159, -21.55000000000000071 ) ) ;
#577 = PRESENTATION_STYLE_ASSIGNMENT (( #763 ) ) ;
#578 = CARTESIAN_POINT ( 'NONE',  ( -2.372539707495555206, 0.9425141348337603420, 1.020243678285798206 ) ) ;
#579 = CARTESIAN_POINT ( 'NONE',  ( -0.6468443975045832239, -2.719416568279414026, 1.020000000000000018 ) ) ;
#580 = ORIENTED_EDGE ( 'NONE', *, *, #1765, .F. ) ;
#581 = CARTESIAN_POINT ( 'NONE',  ( -2.301376972708014890, 0.9106530785591701038, 1.119999999999999440 ) ) ;
#582 = DIRECTION ( 'NONE',  ( -0.000000000000000000, 1.000000000000000000, -0.000000000000000000 ) ) ;
#583 = ORIENTED_EDGE ( 'NONE', *, *, #1578, .T. ) ;
#584 = DIRECTION ( 'NONE',  ( -1.000000000000000000, 0.000000000000000000, 0.000000000000000000 ) ) ;
#585 = CARTESIAN_POINT ( 'NONE',  ( -2.445621354874159881, 0.4057102899426565656, 1.050285168017842885 ) ) ;
#586 = DIRECTION ( 'NONE',  ( 0.5235125926430370669, -0.8520179372197309586, 0.000000000000000000 ) ) ;
#587 = PLANE ( 'NONE',  #2056 ) ;
#588 = CARTESIAN_POINT ( 'NONE',  ( 2.474999999999999645, -4.949999999999994849, 16.69499999999999673 ) ) ;
#589 = DIRECTION ( 'NONE',  ( -1.000000000000000000, 0.000000000000000000, 0.000000000000000000 ) ) ;
#590 = CARTESIAN_POINT ( 'NONE',  ( -0.2655666082064629396, -2.775156315580909805, 1.020000000000000462 ) ) ;
#591 = SURFACE_SIDE_STYLE ('',( #26 ) ) ;
#592 = ADVANCED_FACE ( 'NONE', ( #219 ), #1154, .T. ) ;
#593 = EDGE_LOOP ( 'NONE', ( #2113, #535, #613, #269, #914 ) ) ;
#594 = CARTESIAN_POINT ( 'NONE',  ( -2.439386912490798753, 0.9885679748071704021, 0.9970344437465767928 ) ) ;
#595 = CARTESIAN_POINT ( 'NONE',  ( -2.374057536156685799, -1.559286910703362450, 0.9200000000029889824 ) ) ;
#596 = STYLED_ITEM ( 'NONE', ( #1169 ), #1069 ) ;
#597 = ADVANCED_FACE ( 'NONE', ( #2344 ), #247, .T. ) ;
#598 = FACE_OUTER_BOUND ( 'NONE', #284, .T. ) ;
#599 = AXIS2_PLACEMENT_3D ( 'NONE', #930, #140, #164 ) ;
#600 = CARTESIAN_POINT ( 'NONE',  ( 2.474999999999999645, 1.734723475976806897E-15, 6.795000000000000817 ) ) ;
#601 = CIRCLE ( 'NONE', #876, 2.475000000000000089 ) ;
#602 = CARTESIAN_POINT ( 'NONE',  ( -2.168689251007946961, -1.762290782838101810, 1.020000000000000240 ) ) ;
#603 = COLOUR_RGB ( '',0.2862745098039215508, 0.2862745098039215508, 0.2862745098039215508 ) ;
#604 = AXIS2_PLACEMENT_3D ( 'NONE', #1269, #2205, #2423 ) ;
#605 = ORIENTED_EDGE ( 'NONE', *, *, #2120, .T. ) ;
#606 = PRESENTATION_LAYER_ASSIGNMENT (  '', '', ( #1598 ) ) ;
#607 = CARTESIAN_POINT ( 'NONE',  ( -2.474498286530117941, -6.517938042291941902E-17, 1.020778603172296517 ) ) ;
#608 = SURFACE_STYLE_FILL_AREA ( #1542 ) ;
#609 =( LENGTH_UNIT ( ) NAMED_UNIT ( * ) SI_UNIT ( .MILLI., .METRE. ) );
#610 = CARTESIAN_POINT ( 'NONE',  ( -2.433072250575702089, 1.559843127752205350, 0.04109813348064435268 ) ) ;
#611 = SURFACE_STYLE_USAGE ( .BOTH. , #974 ) ;
#612 = CARTESIAN_POINT ( 'NONE',  ( 1.014999999999999902, -0.2549999999999998934, -4.000000000000000000 ) ) ;
#613 = ORIENTED_EDGE ( 'NONE', *, *, #1242, .T. ) ;
#614 = CARTESIAN_POINT ( 'NONE',  ( -0.5677169858226965848, 4.512543961264830372, 5.779701605339382831E-17 ) ) ;
#615 = CARTESIAN_POINT ( 'NONE',  ( -2.471749579207025427, -0.1502368052008078991, 1.103689098371230637 ) ) ;
#616 = CARTESIAN_POINT ( 'NONE',  ( -2.433072250575702089, -1.459291351992466623, 1.020551775759736657 ) ) ;
#617 = CARTESIAN_POINT ( 'NONE',  ( -1.040216341792096655, -4.369605899384820802, 1.019999999999999352 ) ) ;
#618 = CARTESIAN_POINT ( 'NONE',  ( -2.424910055223818084, -1.489958009662185612, 2.794626921907541672E-16 ) ) ;
#619 = CARTESIAN_POINT ( 'NONE',  ( 2.846078643762691485, 0.000000000000000000, 1.020000000000000240 ) ) ;
#620 = CARTESIAN_POINT ( 'NONE',  ( 1.014999999999999902, 0.2549999999999996714, -21.55000000000000071 ) ) ;
#621 = CARTESIAN_POINT ( 'NONE',  ( -2.474999999999999645, 1.459291351992467956, 0.09999999999999999167 ) ) ;
#622 = CARTESIAN_POINT ( 'NONE',  ( 0.9001302447453629618, -2.642312456562111223, 1.020000000000000018 ) ) ;
#623 = FILL_AREA_STYLE ('',( #1748 ) ) ;
#624 = ORIENTED_EDGE ( 'NONE', *, *, #379, .F. ) ;
#625 = CARTESIAN_POINT ( 'NONE',  ( 2.846078643762691041, 3.547561406354681424, 5.779701605339382831E-17 ) ) ;
#626 = CARTESIAN_POINT ( 'NONE',  ( -2.474541648533413962, -0.06335472942382307238, 1.038898910192818548 ) ) ;
#627 = CARTESIAN_POINT ( 'NONE',  ( -2.445710678119018766, -0.9893570008642393887, 0.9907106781182917210 ) ) ;
#628 =( NAMED_UNIT ( * ) PLANE_ANGLE_UNIT ( ) SI_UNIT ( $, .RADIAN. ) );
#629 = ADVANCED_FACE ( 'NONE', ( #72 ), #162, .T. ) ;
#630 = AXIS2_PLACEMENT_3D ( 'NONE', #944, #2243, #2385 ) ;
#631 = DIRECTION ( 'NONE',  ( 0.000000000000000000, -1.000000000000000000, -0.000000000000000000 ) ) ;
#632 = CARTESIAN_POINT ( 'NONE',  ( -2.397496885406918743, -0.6450200789347469987, 1.064694550310651078 ) ) ;
#633 = EDGE_CURVE ( 'NONE', #1864, #1380, #1987, .T. ) ;
#634 = CIRCLE ( 'NONE', #1467, 0.1000000000000000472 ) ;
#635 = CARTESIAN_POINT ( 'NONE',  ( -2.474498286530118385, -6.517938042291940669E-17, 1.020778603172296295 ) ) ;
#636 = UNCERTAINTY_MEASURE_WITH_UNIT (LENGTH_MEASURE( 1.000000000000000082E-05 ), #350, 'distance_accuracy_value', 'NONE');
#637 = ORIENTED_EDGE ( 'NONE', *, *, #1796, .F. ) ;
#638 = CARTESIAN_POINT ( 'NONE',  ( -0.5759794446142930679, 4.578218777161327857, 0.04142135623730955341 ) ) ;
#639 = SURFACE_SIDE_STYLE ('',( #464 ) ) ;
#640 = DIRECTION ( 'NONE',  ( -0.000000000000000000, -0.000000000000000000, -1.000000000000000000 ) ) ;
#641 = VECTOR ( 'NONE', #2220, 1000.000000000000000 ) ;
#642 = CARTESIAN_POINT ( 'NONE',  ( -2.311894666844055646, -0.9626126176948206492, 1.049286328218748121 ) ) ;
#643 = VECTOR ( 'NONE', #1628, 1000.000000000000000 ) ;
#644 =( GEOMETRIC_REPRESENTATION_CONTEXT ( 3 ) GLOBAL_UNCERTAINTY_ASSIGNED_CONTEXT ( ( #1485 ) ) GLOBAL_UNIT_ASSIGNED_CONTEXT ( ( #2260, #2032, #330 ) ) REPRESENTATION_CONTEXT ( 'NONE', 'WORKASPACE' ) );
#645 = CARTESIAN_POINT ( 'NONE',  ( -2.374057536156684467, 1.559286910703363116, 0.04142395788423301056 ) ) ;
#646 = SURFACE_STYLE_USAGE ( .BOTH. , #1406 ) ;
#647 =( REPRESENTATION_RELATIONSHIP ('NONE','NONE', #2241, #907 ) REPRESENTATION_RELATIONSHIP_WITH_TRANSFORMATION ( #745 )SHAPE_REPRESENTATION_RELATIONSHIP( ) );
#648 = DIRECTION ( 'NONE',  ( 0.000000000000000000, 6.123233995736766036E-17, 1.000000000000000000 ) ) ;
#649 = EDGE_CURVE ( 'NONE', #1864, #1760, #890, .T. ) ;
#650 = ORIENTED_EDGE ( 'NONE', *, *, #1084, .T. ) ;
#651 = CARTESIAN_POINT ( 'NONE',  ( -0.5560321045410714369, 4.419665745917647826, 5.421010862427521554E-17 ) ) ;
#652 = CARTESIAN_POINT ( 'NONE',  ( 1.525000000000000133, 0.2549999999999995604, -4.000000000000000000 ) ) ;
#653 = CARTESIAN_POINT ( 'NONE',  ( 1.014999999999999902, 0.2549999999999996714, 0.000000000000000000 ) ) ;
#654 =( BOUNDED_SURFACE ( )  B_SPLINE_SURFACE ( 3, 3, ( 
 ( #1390, #1208, #645, #1589 ),
 ( #1567, #81, #610, #2145 ),
 ( #447, #2363, #1963, #45 ),
 ( #621, #1361, #1370, #253 ) ),
 .UNSPECIFIED., .F., .F., .T. ) 
 B_SPLINE_SURFACE_WITH_KNOTS ( ( 4, 4 ),
 ( 4, 4 ),
 ( 0.000000000000000000, 1.000000000000000000 ),
 ( 0.000000000000000000, 1.000000000000000000 ),
 .UNSPECIFIED. ) 
 GEOMETRIC_REPRESENTATION_ITEM ( )  RATIONAL_B_SPLINE_SURFACE ( (
 ( 1.000000000000000000, 0.8047378541243644934, 0.8047378541243644934, 1.000000000000000000),
 ( 0.8025111867385917863, 0.6458111303268114778, 0.6458111303268114778, 0.8025111867385917863),
 ( 0.8025111867385917863, 0.6458111303268114778, 0.6458111303268114778, 0.8025111867385917863),
 ( 1.000000000000000000, 0.8047378541243644934, 0.8047378541243644934, 1.000000000000000000) ) ) 
 REPRESENTATION_ITEM ( '' )  SURFACE ( )  );
#655 = CARTESIAN_POINT ( 'NONE',  ( -2.456643222444316876, -0.3254556904052651745, 1.043451112492545185 ) ) ;
#656 = CARTESIAN_POINT ( 'NONE',  ( -2.471055286140242391, 0.1614286438520695643, 1.119999999999999440 ) ) ;
#657 = CARTESIAN_POINT ( 'NONE',  ( 0.000000000000000000, 0.000000000000000000, 0.000000000000000000 ) ) ;
#658 = LINE ( 'NONE', #117, #2107 ) ;
#659 = PRESENTATION_STYLE_ASSIGNMENT (( #169 ) ) ;
#660 = PRESENTATION_STYLE_ASSIGNMENT (( #1737 ) ) ;
#661 = ORIENTED_EDGE ( 'NONE', *, *, #2050, .F. ) ;
#662 = CARTESIAN_POINT ( 'NONE',  ( -0.5759794446142930679, 4.578218777161328745, 0.1000000000000000333 ) ) ;
#663 =( NAMED_UNIT ( * ) SI_UNIT ( $, .STERADIAN. ) SOLID_ANGLE_UNIT ( ) );
#664 = FILL_AREA_STYLE_COLOUR ( '', #2174 ) ;
#665 =( NAMED_UNIT ( * ) PLANE_ANGLE_UNIT ( ) SI_UNIT ( $, .RADIAN. ) );
#666 = CARTESIAN_POINT ( 'NONE',  ( -2.439979719332237895, -0.4940772575243391751, 1.026893347406421908 ) ) ;
#667 =( LENGTH_UNIT ( ) NAMED_UNIT ( * ) SI_UNIT ( .MILLI., .METRE. ) );
#668 = PRESENTATION_STYLE_ASSIGNMENT (( #469 ) ) ;
#669 = PRESENTATION_LAYER_ASSIGNMENT (  '', '', ( #470 ) ) ;
#670 = CARTESIAN_POINT ( 'NONE',  ( -2.474494356134036899, 0.08215921923462732313, 1.016675046651487557 ) ) ;
#671 = PRESENTATION_LAYER_ASSIGNMENT (  '', '', ( #352 ) ) ;
#672 = ORIENTED_EDGE ( 'NONE', *, *, #649, .F. ) ;
#673 = CARTESIAN_POINT ( 'NONE',  ( -2.355154563250833277, 0.7885100352864178319, 1.074570144766503477 ) ) ;
#674 = CARTESIAN_POINT ( 'NONE',  ( -2.346695846582622647, -0.7934113368228968843, 1.104033692249746013 ) ) ;
#675 =( LENGTH_UNIT ( ) NAMED_UNIT ( * ) SI_UNIT ( .MILLI., .METRE. ) );
#676 = MECHANICAL_DESIGN_GEOMETRIC_PRESENTATION_REPRESENTATION (  '', ( #119 ), #719 ) ;
#677 = CARTESIAN_POINT ( 'NONE',  ( -2.453863880923623508, -0.3980422091612517144, 1.018268064659498817 ) ) ;
#678 = CARTESIAN_POINT ( 'NONE',  ( 2.456591049682402161, -0.7727289826061101152, 1.020000000000000018 ) ) ;
#679 = CARTESIAN_POINT ( 'NONE',  ( 0.03679140153043063827, 2.787548548319042752, 1.020000000000000462 ) ) ;
#680 = CYLINDRICAL_SURFACE ( 'NONE', #2105, 2.475000000000000089 ) ;
#681 =( NAMED_UNIT ( * ) PLANE_ANGLE_UNIT ( ) SI_UNIT ( $, .RADIAN. ) );
#682 = COLOUR_RGB ( '',0.2862745098039215508, 0.2862745098039215508, 0.2862745098039215508 ) ;
#683 = FACE_OUTER_BOUND ( 'NONE', #388, .T. ) ;
#684 = CARTESIAN_POINT ( 'NONE',  ( -2.448186333163164363, 0.4684508589753843544, 1.015191848522104534 ) ) ;
#685 = VECTOR ( 'NONE', #1545, 1000.000000000000000 ) ;
#686 = CARTESIAN_POINT ( 'NONE',  ( -1.894087138051498309, -1.744540895457584506, 1.020000000000000018 ) ) ;
#687 = STYLED_ITEM ( 'NONE', ( #660 ), #973 ) ;
#688 = ORIENTED_EDGE ( 'NONE', *, *, #1338, .T. ) ;
#689 = CARTESIAN_POINT ( 'NONE',  ( -2.451507586721977550, 0.3603009259333443959, 1.060107079734792235 ) ) ;
#690 = SURFACE_SIDE_STYLE ('',( #536 ) ) ;
#691 = CARTESIAN_POINT ( 'NONE',  ( -2.433072250575702089, 1.559843127752204461, 0.9789018665193552904 ) ) ;
#692 = FILL_AREA_STYLE_COLOUR ( '', #2350 ) ;
#693 =( LENGTH_UNIT ( ) NAMED_UNIT ( * ) SI_UNIT ( .MILLI., .METRE. ) );
#694 = CARTESIAN_POINT ( 'NONE',  ( -1.158751736909198859, 2.540054619662020396, 1.020000000000000018 ) ) ;
#695 = ADVANCED_FACE ( 'NONE', ( #2420 ), #1669, .F. ) ;
#696 = FILL_AREA_STYLE ('',( #1465 ) ) ;
#697 = CARTESIAN_POINT ( 'NONE',  ( -2.473576377959333161, 0.6406757088342944773, 0.9446794826670774636 ) ) ;
#698 = CARTESIAN_POINT ( 'NONE',  ( -2.458707013111222750, 0.3582291299968380360, 1.013510960052481868 ) ) ;
#699 = PRODUCT ( 'QSD124', 'QSD124', '', ( #918 ) ) ;
#700 = CARTESIAN_POINT ( 'NONE',  ( -2.476617346514669915, -2.220693597060378190E-17, 0.9502291175109539578 ) ) ;
#701 = ORIENTED_EDGE ( 'NONE', *, *, #244, .F. ) ;
#702 = FILL_AREA_STYLE ('',( #1094 ) ) ;
#703 = CARTESIAN_POINT ( 'NONE',  ( -2.293006673826604391, -0.9578363887272368649, 1.074369794450190874 ) ) ;
#704 = CARTESIAN_POINT ( 'NONE',  ( -2.293006673826604391, -0.9578363887272368649, 1.074369794450190874 ) ) ;
#705 = CARTESIAN_POINT ( 'NONE',  ( -2.475000000000000089, 1.493862906742247310, 0.9790173355495103147 ) ) ;
#706 = ORIENTED_EDGE ( 'NONE', *, *, #2076, .T. ) ;
#707 = CARTESIAN_POINT ( 'NONE',  ( -2.389655901694583306, -0.9901134926879003872, 1.018383240219345565 ) ) ;
#708 = CARTESIAN_POINT ( 'NONE',  ( 2.787500000000001421, 0.1475306065918431941, 1.020000000000000462 ) ) ;
#709 = PLANE ( 'NONE',  #1716 ) ;
#710 = CARTESIAN_POINT ( 'NONE',  ( -2.417036817544661265, 0.5395472987703910928, 1.102259396544010839 ) ) ;
#711 =( NAMED_UNIT ( * ) SI_UNIT ( $, .STERADIAN. ) SOLID_ANGLE_UNIT ( ) );
#712 = UNCERTAINTY_MEASURE_WITH_UNIT (LENGTH_MEASURE( 1.000000000000000082E-05 ), #838, 'distance_accuracy_value', 'NONE');
#713 = DIRECTION ( 'NONE',  ( 0.000000000000000000, 0.000000000000000000, 1.000000000000000000 ) ) ;
#714 = ORIENTED_EDGE ( 'NONE', *, *, #2282, .F. ) ;
#715 = CARTESIAN_POINT ( 'NONE',  ( -2.445621354874159881, 0.4057102899426565656, 1.050285168017842885 ) ) ;
#716 = DIRECTION ( 'NONE',  ( 0.000000000000000000, 0.000000000000000000, 1.000000000000000000 ) ) ;
#717 = COLOUR_RGB ( '',0.2862745098039215508, 0.2862745098039215508, 0.2862745098039215508 ) ;
#718 = CIRCLE ( 'NONE', #1590, 0.1000000000000000472 ) ;
#719 =( GEOMETRIC_REPRESENTATION_CONTEXT ( 3 ) GLOBAL_UNCERTAINTY_ASSIGNED_CONTEXT ( ( #382 ) ) GLOBAL_UNIT_ASSIGNED_CONTEXT ( ( #1267, #2410, #1083 ) ) REPRESENTATION_CONTEXT ( 'NONE', 'WORKASPACE' ) );
#720 = CARTESIAN_POINT ( 'NONE',  ( -0.5759794446142930679, 4.578218777161328745, 0.9199999999999999289 ) ) ;
#721 = MECHANICAL_DESIGN_GEOMETRIC_PRESENTATION_REPRESENTATION (  '', ( #1914 ), #405 ) ;
#722 = PRODUCT_DEFINITION_SHAPE ( 'NONE', 'NONE',  #2459 ) ;
#723 =( GEOMETRIC_REPRESENTATION_CONTEXT ( 3 ) GLOBAL_UNCERTAINTY_ASSIGNED_CONTEXT ( ( #562 ) ) GLOBAL_UNIT_ASSIGNED_CONTEXT ( ( #811, #1892, #1523 ) ) REPRESENTATION_CONTEXT ( 'NONE', 'WORKASPACE' ) );
#724 = CARTESIAN_POINT ( 'NONE',  ( -2.471196169812316157, 0.1350593505175776698, 1.091362602755264755 ) ) ;
#725 =( GEOMETRIC_REPRESENTATION_CONTEXT ( 3 ) GLOBAL_UNCERTAINTY_ASSIGNED_CONTEXT ( ( #938 ) ) GLOBAL_UNIT_ASSIGNED_CONTEXT ( ( #1306, #908, #1483 ) ) REPRESENTATION_CONTEXT ( 'NONE', 'WORKASPACE' ) );
#726 = CARTESIAN_POINT ( 'NONE',  ( -2.433274436511494443, 0.8463794740707839548, 1.000876104889586005 ) ) ;
#727 = PRESENTATION_STYLE_ASSIGNMENT (( #910 ) ) ;
#728 = CLOSED_SHELL ( 'NONE', ( #296, #896, #1151, #1862, #1027, #16 ) ) ;
#729 = CARTESIAN_POINT ( 'NONE',  ( -2.475625506061207126, -0.3771720473672784957, 0.9482449444992622212 ) ) ;
#730 = VERTEX_POINT ( 'NONE', #1904 ) ;
#731 = CARTESIAN_POINT ( 'NONE',  ( -2.343690676909071069, -0.7999487163424733316, 1.111231941690848046 ) ) ;
#732 = LINE ( 'NONE', #537, #267 ) ;
#733 = AXIS2_PLACEMENT_3D ( 'NONE', #2355, #648, #1407 ) ;
#734 = CARTESIAN_POINT ( 'NONE',  ( 2.887500000000001066, -1.084202172485504434E-15, 0.9785786437626906586 ) ) ;
#735 = DIRECTION ( 'NONE',  ( -0.000000000000000000, -0.000000000000000000, -1.000000000000000000 ) ) ;
#736 = CARTESIAN_POINT ( 'NONE',  ( -2.282766990291259734, 0.9563471482869507767, 1.119999999999999440 ) ) ;
#737 = EDGE_CURVE ( 'NONE', #2078, #60, #2002, .T. ) ;
#738 = SURFACE_STYLE_FILL_AREA ( #2302 ) ;
#739 =( NAMED_UNIT ( * ) SI_UNIT ( $, .STERADIAN. ) SOLID_ANGLE_UNIT ( ) );
#740 = UNCERTAINTY_MEASURE_WITH_UNIT (LENGTH_MEASURE( 1.000000000000000082E-05 ), #1415, 'distance_accuracy_value', 'NONE');
#741 = CARTESIAN_POINT ( 'NONE',  ( -2.476620264110670266, -0.06602970923714457374, 0.9502101891205392281 ) ) ;
#742 = VERTEX_POINT ( 'NONE', #965 ) ;
#743 = EDGE_LOOP ( 'NONE', ( #2432, #322, #993, #942, #148, #463, #2148 ) ) ;
#744 = FILL_AREA_STYLE_COLOUR ( '', #1435 ) ;
#745 = ITEM_DEFINED_TRANSFORMATION ( 'NONE', 'NONE', #807,  #520 ) ;
#746 = CARTESIAN_POINT ( 'NONE',  ( -2.475000000000000533, 1.158554262057024608E-16, 1.103072962146340430 ) ) ;
#747 = SURFACE_SIDE_STYLE ('',( #1493 ) ) ;
#748 = EDGE_CURVE ( 'NONE', #774, #786, #1343, .T. ) ;
#749 = CARTESIAN_POINT ( 'NONE',  ( -2.474999999999999645, 0.1541717548427963824, 0.9367747983511898191 ) ) ;
#750 = CARTESIAN_POINT ( 'NONE',  ( -2.377654850958331068, 0.9799781862531449228, 1.020000000000000240 ) ) ;
#751 = CARTESIAN_POINT ( 'NONE',  ( 0.000000000000000000, 0.000000000000000000, 0.1000000000000000472 ) ) ;
#752 = EDGE_LOOP ( 'NONE', ( #2457, #1739, #1266 ) ) ;
#753 = DIRECTION ( 'NONE',  ( 0.000000000000000000, 0.000000000000000000, 1.000000000000000000 ) ) ;
#754 =( LENGTH_UNIT ( ) NAMED_UNIT ( * ) SI_UNIT ( .MILLI., .METRE. ) );
#755 = PRESENTATION_LAYER_ASSIGNMENT (  '', '', ( #1815 ) ) ;
#756 = ORIENTED_EDGE ( 'NONE', *, *, #132, .T. ) ;
#757 =( NAMED_UNIT ( * ) PLANE_ANGLE_UNIT ( ) SI_UNIT ( $, .RADIAN. ) );
#758 = CARTESIAN_POINT ( 'NONE',  ( -2.474999999999999645, -1.459291351992467956, 0.9199999999999995959 ) ) ;
#759 = DIRECTION ( 'NONE',  ( 1.000000000000000000, 0.000000000000000000, 0.000000000000000000 ) ) ;
#760 =( GEOMETRIC_REPRESENTATION_CONTEXT ( 3 ) GLOBAL_UNCERTAINTY_ASSIGNED_CONTEXT ( ( #2250 ) ) GLOBAL_UNIT_ASSIGNED_CONTEXT ( ( #1474, #526, #880 ) ) REPRESENTATION_CONTEXT ( 'NONE', 'WORKASPACE' ) );
#761 = CARTESIAN_POINT ( 'NONE',  ( 2.575000000000001954, -7.589415207398531038E-16, 1.019999999999999130 ) ) ;
#762 = LINE ( 'NONE', #1199, #992 ) ;
#763 = SURFACE_STYLE_USAGE ( .BOTH. , #991 ) ;
#764 = STYLED_ITEM ( 'NONE', ( #2242 ), #411 ) ;
#765 = CARTESIAN_POINT ( 'NONE',  ( -2.400013321376656350, 0.6445899299711466135, 1.068395478909615282 ) ) ;
#766 = PRESENTATION_LAYER_ASSIGNMENT (  '', '', ( #1824 ) ) ;
#767 = CARTESIAN_POINT ( 'NONE',  ( -1.861491736346722936, -2.075183175579440764, 1.020000000000000240 ) ) ;
#768 = STYLED_ITEM ( 'NONE', ( #1543 ), #1950 ) ;
#769 = ORIENTED_EDGE ( 'NONE', *, *, #2282, .T. ) ;
#770 =( NAMED_UNIT ( * ) SI_UNIT ( $, .STERADIAN. ) SOLID_ANGLE_UNIT ( ) );
#771 = AXIS2_PLACEMENT_3D ( 'NONE', #264, #252, #2143 ) ;
#772 = PRESENTATION_STYLE_ASSIGNMENT (( #1130 ) ) ;
#773 = AXIS2_PLACEMENT_3D ( 'NONE', #301, #859, #1254 ) ;
#774 = VERTEX_POINT ( 'NONE', #1896 ) ;
#775 = CARTESIAN_POINT ( 'NONE',  ( 0.000000000000000000, 0.000000000000000000, 1.020000000000000018 ) ) ;
#776 = CARTESIAN_POINT ( 'NONE',  ( -2.311894666844056090, 0.9626126176948206492, 1.049286328218747899 ) ) ;
#777 = CARTESIAN_POINT ( 'NONE',  ( -2.374057536156685799, -1.559286910701611628, 0.9785760421173682611 ) ) ;
#778 = AXIS2_PLACEMENT_3D ( 'NONE', #2330, #2366, #1594 ) ;
#779 = SURFACE_STYLE_USAGE ( .BOTH. , #1358 ) ;
#780 = DIRECTION ( 'NONE',  ( 1.000000000000000000, 0.000000000000000000, 0.000000000000000000 ) ) ;
#781 = CARTESIAN_POINT ( 'NONE',  ( 2.474999999999999645, 9.629649721936179265E-32, 6.795000000000001705 ) ) ;
#782 = CARTESIAN_POINT ( 'NONE',  ( -2.393303799877253724, 0.7367536512199451826, 1.042331419140636983 ) ) ;
#783 = CARTESIAN_POINT ( 'NONE',  ( 1.333201455376127553, -2.450075431188221131, 1.019999999999999796 ) ) ;
#784 = CARTESIAN_POINT ( 'NONE',  ( 2.516421356237310558, 0.000000000000000000, 1.019999999999998019 ) ) ;
#785 = CARTESIAN_POINT ( 'NONE',  ( -2.375000000000000000, 0.000000000000000000, 0.000000000000000000 ) ) ;
#786 = VERTEX_POINT ( 'NONE', #18 ) ;
#787 = CARTESIAN_POINT ( 'NONE',  ( 1.015000000000000124, 0.2549999999999996714, -4.000000000000000000 ) ) ;
#788 = CARTESIAN_POINT ( 'NONE',  ( -2.445710267130992488, 0.9893570425309060612, 0.9907110890919857971 ) ) ;
#789 = SURFACE_STYLE_FILL_AREA ( #2300 ) ;
#790 = CARTESIAN_POINT ( 'NONE',  ( -2.474686701316337611, 4.950170893628119874E-17, 1.054581821928131991 ) ) ;
#791 = DIRECTION ( 'NONE',  ( -1.000000000000000000, 0.000000000000000000, 0.000000000000000000 ) ) ;
#792 = UNCERTAINTY_MEASURE_WITH_UNIT (LENGTH_MEASURE( 1.000000000000000082E-05 ), #1533, 'distance_accuracy_value', 'NONE');
#793 = CARTESIAN_POINT ( 'NONE',  ( -2.473368643389285637, 0.9942898996915102705, 0.9409800772874018504 ) ) ;
#794 = FILL_AREA_STYLE_COLOUR ( '', #1008 ) ;
#795 = CARTESIAN_POINT ( 'NONE',  ( 2.741749490210391826, -0.5833849110834795626, 1.020000000000000240 ) ) ;
#796 = SURFACE_STYLE_USAGE ( .BOTH. , #591 ) ;
#797 = VERTEX_POINT ( 'NONE', #2253 ) ;
#798 = CARTESIAN_POINT ( 'NONE',  ( -2.375000000000000000, -1.459291351992467956, 1.020000000000000018 ) ) ;
#799 = CARTESIAN_POINT ( 'NONE',  ( 2.474999999999998312, -3.537411333061274199, 1.119999999999999218 ) ) ;
#800 = CARTESIAN_POINT ( 'NONE',  ( -2.474999999999999201, 4.949999999999998401, 6.794999999999999929 ) ) ;
#801 = CARTESIAN_POINT ( 'NONE',  ( -0.8685598070131141935, -2.653335056169534134, 1.020000000000000018 ) ) ;
#802 = COLOUR_RGB ( '',0.2862745098039215508, 0.2862745098039215508, 0.2862745098039215508 ) ;
#803 =( BOUNDED_SURFACE ( )  B_SPLINE_SURFACE ( 3, 3, ( 
 ( #1675, #2179, #107, #1505 ),
 ( #1629, #1442, #2065, #2011 ),
 ( #371, #2437, #885, #734 ),
 ( #1414, #1256, #1133, #1820 ) ),
 .UNSPECIFIED., .F., .F., .F. ) 
 B_SPLINE_SURFACE_WITH_KNOTS ( ( 4, 4 ),
 ( 4, 4 ),
 ( 0.000000000000000000, 1.000000000000000000 ),
 ( 0.000000000000000000, 1.000000000000000000 ),
 .UNSPECIFIED. ) 
 GEOMETRIC_REPRESENTATION_ITEM ( )  RATIONAL_B_SPLINE_SURFACE ( (
 ( 1.000000000000000000, 0.5146752833616149436, 0.5146752833616149436, 1.000000000000000000),
 ( 0.8047378541243643824, 0.4141786831032752136, 0.4141786831032752136, 0.8047378541243643824),
 ( 0.8047378541243643824, 0.4141786831032752136, 0.4141786831032752136, 0.8047378541243643824),
 ( 1.000000000000000000, 0.5146752833616149436, 0.5146752833616149436, 1.000000000000000000) ) ) 
 REPRESENTATION_ITEM ( '' )  SURFACE ( )  );
#804 = CARTESIAN_POINT ( 'NONE',  ( 0.000000000000000000, 0.000000000000000000, 1.020000000000000018 ) ) ;
#805 = VECTOR ( 'NONE', #142, 1000.000000000000000 ) ;
#806 = EDGE_LOOP ( 'NONE', ( #706, #1712, #2135, #2229 ) ) ;
#807 = AXIS2_PLACEMENT_3D ( 'NONE', #657, #2165, #759 ) ;
#808 =( NAMED_UNIT ( * ) PLANE_ANGLE_UNIT ( ) SI_UNIT ( $, .RADIAN. ) );
#809 = FILL_AREA_STYLE ('',( #41 ) ) ;
#810 = CARTESIAN_POINT ( 'NONE',  ( -2.460201793721974006, -1.511642611256770019, 0.04142135623730972688 ) ) ;
#811 =( LENGTH_UNIT ( ) NAMED_UNIT ( * ) SI_UNIT ( .MILLI., .METRE. ) );
#812 = ORIENTED_EDGE ( 'NONE', *, *, #1391, .T. ) ;
#813 = CARTESIAN_POINT ( 'NONE',  ( 2.440927117137515978, -1.362170677719274803, 1.020000000000000018 ) ) ;
#814 = DIRECTION ( 'NONE',  ( 1.000000000000000000, 0.000000000000000000, 0.000000000000000000 ) ) ;
#815 = UNCERTAINTY_MEASURE_WITH_UNIT (LENGTH_MEASURE( 1.000000000000000082E-05 ), #1811, 'distance_accuracy_value', 'NONE');
#816 = ORIENTED_EDGE ( 'NONE', *, *, #1191, .F. ) ;
#817 = CARTESIAN_POINT ( 'NONE',  ( -2.079092781992835981, 1.522392804345521489, 1.020000000000000018 ) ) ;
#818 = CARTESIAN_POINT ( 'NONE',  ( -2.471083653470335761, -0.1636801550512507197, 1.030749608330176592 ) ) ;
#819 = CARTESIAN_POINT ( 'NONE',  ( -2.323857157962748055, 0.9660938586495043667, 1.038509811532004834 ) ) ;
#820 = EDGE_CURVE ( 'NONE', #2392, #1745, #190, .T. ) ;
#821 =( NAMED_UNIT ( * ) SI_UNIT ( $, .STERADIAN. ) SOLID_ANGLE_UNIT ( ) );
#822 = CARTESIAN_POINT ( 'NONE',  ( -2.374999999999998224, -0.9880507920658090359, 1.019999999999999796 ) ) ;
#823 = EDGE_CURVE ( 'NONE', #1966, #1430, #389, .T. ) ;
#824 = FILL_AREA_STYLE_COLOUR ( '', #1553 ) ;
#825 = PRESENTATION_STYLE_ASSIGNMENT (( #178 ) ) ;
#826 = ORIENTED_EDGE ( 'NONE', *, *, #456, .F. ) ;
#827 = DIRECTION ( 'NONE',  ( 0.000000000000000000, 0.000000000000000000, 1.000000000000000000 ) ) ;
#828 = LINE ( 'NONE', #1759, #2151 ) ;
#829 = ORIENTED_EDGE ( 'NONE', *, *, #556, .T. ) ;
#830 = CARTESIAN_POINT ( 'NONE',  ( 2.089203983310841117, 1.513097734720815435, 1.019999999999999796 ) ) ;
#831 = CARTESIAN_POINT ( 'NONE',  ( 2.475000000000000089, 3.031000827889699256E-16, 1.119999999999999440 ) ) ;
#832 = CARTESIAN_POINT ( 'NONE',  ( -2.411140190590792987, -0.8956106867393813786, 1.011391296391762618 ) ) ;
#833 = DIRECTION ( 'NONE',  ( 1.000000000000000000, 0.000000000000000000, 0.000000000000000000 ) ) ;
#834 =( GEOMETRIC_REPRESENTATION_CONTEXT ( 3 ) GLOBAL_UNCERTAINTY_ASSIGNED_CONTEXT ( ( #1880 ) ) GLOBAL_UNIT_ASSIGNED_CONTEXT ( ( #1793, #1616, #1427 ) ) REPRESENTATION_CONTEXT ( 'NONE', 'WORKASPACE' ) );
#835 = SURFACE_STYLE_FILL_AREA ( #848 ) ;
#836 = AXIS2_PLACEMENT_3D ( 'NONE', #2052, #2028, #325 ) ;
#837 =( NAMED_UNIT ( * ) SI_UNIT ( $, .STERADIAN. ) SOLID_ANGLE_UNIT ( ) );
#838 =( LENGTH_UNIT ( ) NAMED_UNIT ( * ) SI_UNIT ( .MILLI., .METRE. ) );
#839 =( NAMED_UNIT ( * ) SI_UNIT ( $, .STERADIAN. ) SOLID_ANGLE_UNIT ( ) );
#840 = ORIENTED_EDGE ( 'NONE', *, *, #1849, .T. ) ;
#841 = CARTESIAN_POINT ( 'NONE',  ( -0.4206126014733965190, 2.540504032115170396, 1.020000000000000018 ) ) ;
#842 = COLOUR_RGB ( '',0.2862745098039215508, 0.2862745098039215508, 0.2862745098039215508 ) ;
#843 = CARTESIAN_POINT ( 'NONE',  ( -2.445653371925656572, 0.8244001838105118329, 0.9907679843116548035 ) ) ;
#844 = PRESENTATION_LAYER_ASSIGNMENT (  '', '', ( #768 ) ) ;
#845 = CARTESIAN_POINT ( 'NONE',  ( -2.433089866756633857, -0.9878440029778301490, 1.001077721525283515 ) ) ;
#846 =( NAMED_UNIT ( * ) PLANE_ANGLE_UNIT ( ) SI_UNIT ( $, .RADIAN. ) );
#847 = AXIS2_PLACEMENT_3D ( 'NONE', #1217, #1404, #833 ) ;
#848 = FILL_AREA_STYLE ('',( #1766 ) ) ;
#849 = LINE ( 'NONE', #1604, #320 ) ;
#850 = FACE_OUTER_BOUND ( 'NONE', #986, .T. ) ;
#851 = EDGE_CURVE ( 'NONE', #1318, #299, #170, .T. ) ;
#852 = CARTESIAN_POINT ( 'NONE',  ( 2.575000000000000622, 0.000000000000000000, 1.019999999999999574 ) ) ;
#853 = ORIENTED_EDGE ( 'NONE', *, *, #2133, .F. ) ;
#854 = CARTESIAN_POINT ( 'NONE',  ( 0.6485773122065556784, 2.496164831341890267, 1.020000000000000018 ) ) ;
#855 = FILL_AREA_STYLE ('',( #1004 ) ) ;
#856 = CARTESIAN_POINT ( 'NONE',  ( -0.5560321045410706597, 4.419665745917646049, 5.421010862427521554E-17 ) ) ;
#857 = CARTESIAN_POINT ( 'NONE',  ( -2.462508950723087509, -0.3288889025949607303, 1.007888630312148370 ) ) ;
#858 = CARTESIAN_POINT ( 'NONE',  ( -2.284089149490244441, 0.9562978648090930678, 1.099580399440877931 ) ) ;
#859 = DIRECTION ( 'NONE',  ( 0.000000000000000000, -1.000000000000000000, 0.000000000000000000 ) ) ;
#860 = DIRECTION ( 'NONE',  ( 0.000000000000000000, 0.000000000000000000, 1.000000000000000000 ) ) ;
#861 = CARTESIAN_POINT ( 'NONE',  ( -1.525000000000000133, 0.2549999999999997824, -4.000000000000000000 ) ) ;
#862 = CARTESIAN_POINT ( 'NONE',  ( -2.439979719332237007, 0.4940772575243400633, 1.026893347406423684 ) ) ;
#863 = EDGE_LOOP ( 'NONE', ( #1190, #940, #97, #688 ) ) ;
#864 = CARTESIAN_POINT ( 'NONE',  ( -2.400211274857992017, 0.6171499804905680175, 1.076357955294220403 ) ) ;
#865 = CARTESIAN_POINT ( 'NONE',  ( -2.472685510802997477, -0.1320338645621026152, 1.042974343526370751 ) ) ;
#866 = CARTESIAN_POINT ( 'NONE',  ( -2.474494356134036899, 0.08215921923462732313, 1.016675046651487557 ) ) ;
#867 = UNCERTAINTY_MEASURE_WITH_UNIT (LENGTH_MEASURE( 1.000000000000000082E-05 ), #2047, 'distance_accuracy_value', 'NONE');
#868 = CARTESIAN_POINT ( 'NONE',  ( -2.389788223247344856, -0.9475723361699195380, 1.018212742476187316 ) ) ;
#869 = CARTESIAN_POINT ( 'NONE',  ( -0.2020473051934891240, -2.567369727170777161, 1.019999999999999796 ) ) ;
#870 = DIRECTION ( 'NONE',  ( 1.000000000000000000, 0.000000000000000000, 0.000000000000000000 ) ) ;
#871 = CARTESIAN_POINT ( 'NONE',  ( -2.427503274504436259, -0.9910195067317861817, 1.005090173693865108 ) ) ;
#872 = CARTESIAN_POINT ( 'NONE',  ( -2.448740771151048712, 0.3693220882993579202, 1.097243853653028234 ) ) ;
#873 = DIRECTION ( 'NONE',  ( -0.000000000000000000, -1.000000000000000000, -0.000000000000000000 ) ) ;
#874 = CARTESIAN_POINT ( 'NONE',  ( -2.453254182783474402, 0.4345253345549888180, 1.010778439068054313 ) ) ;
#875 = STYLED_ITEM ( 'NONE', ( #2231 ), #1342 ) ;
#876 = AXIS2_PLACEMENT_3D ( 'NONE', #2456, #1646, #898 ) ;
#877 = VERTEX_POINT ( 'NONE', #216 ) ;
#878 = CARTESIAN_POINT ( 'NONE',  ( -2.311894666844056534, 0.9626126176948203161, 1.049286328218747677 ) ) ;
#879 = CARTESIAN_POINT ( 'NONE',  ( -2.415215999209157971, -0.5649633832949828571, 1.062358708612357372 ) ) ;
#880 =( NAMED_UNIT ( * ) SI_UNIT ( $, .STERADIAN. ) SOLID_ANGLE_UNIT ( ) );
#881 = AXIS2_PLACEMENT_3D ( 'NONE', #1747, #1193, #402 ) ;
#882 = CARTESIAN_POINT ( 'NONE',  ( -2.433055304632305571, -1.014334337972408351, 1.001115475810837152 ) ) ;
#883 = CARTESIAN_POINT ( 'NONE',  ( -2.314920640435574217, 0.8795975168395318011, 1.111487056639456794 ) ) ;
#884 = VECTOR ( 'NONE', #860, 1000.000000000000000 ) ;
#885 = CARTESIAN_POINT ( 'NONE',  ( 2.887499999999999734, -3.599192026298511315, 0.9785786437626906586 ) ) ;
#886 = VECTOR ( 'NONE', #1309, 1000.000000000000000 ) ;
#887 = FILL_AREA_STYLE ('',( #1392 ) ) ;
#888 = ORIENTED_EDGE ( 'NONE', *, *, #959, .T. ) ;
#889 = CARTESIAN_POINT ( 'NONE',  ( -2.474498286530118385, -6.517938042291940669E-17, 1.020778603172296295 ) ) ;
#890 = LINE ( 'NONE', #1649, #1332 ) ;
#891 = DIRECTION ( 'NONE',  ( 0.000000000000000000, -1.000000000000000000, -0.000000000000000000 ) ) ;
#892 = CARTESIAN_POINT ( 'NONE',  ( -1.014999999999999902, 0.000000000000000000, 0.000000000000000000 ) ) ;
#893 = CARTESIAN_POINT ( 'NONE',  ( 1.771313617384138839, 2.154996893801956137, 1.020000000000000240 ) ) ;
#894 = EDGE_CURVE ( 'NONE', #1579, #70, #363, .T. ) ;
#895 = CARTESIAN_POINT ( 'NONE',  ( -2.474999999999999645, 0.8288794790602739271, 0.9303510893842810159 ) ) ;
#896 = ADVANCED_FACE ( 'NONE', ( #1529 ), #1699, .T. ) ;
#897 = CARTESIAN_POINT ( 'NONE',  ( -2.418535166435371586, 0.9866339511978811094, 1.008703584575449952 ) ) ;
#898 = DIRECTION ( 'NONE',  ( -1.000000000000000000, 8.881784197001252323E-16, 0.000000000000000000 ) ) ;
#899 = EDGE_LOOP ( 'NONE', ( #2406, #367, #438, #1772 ) ) ;
#900 = CARTESIAN_POINT ( 'NONE',  ( -2.335718444338378053, 0.8840881184363484913, 1.057475816663510315 ) ) ;
#901 = CARTESIAN_POINT ( 'NONE',  ( -2.300855749553958773, -0.9595123608833664441, 1.060667885625084406 ) ) ;
#902 = CARTESIAN_POINT ( 'NONE',  ( -2.433072250575702089, -1.518193218511822762, -0.0005517757597372693066 ) ) ;
#903 = CARTESIAN_POINT ( 'NONE',  ( -2.374999999999998668, -0.9949874371066252943, 1.020000000000000018 ) ) ;
#904 = SHAPE_DEFINITION_REPRESENTATION ( #1277, #907 ) ;
#905 = SURFACE_STYLE_FILL_AREA ( #331 ) ;
#906 = LINE ( 'NONE', #354, #278 ) ;
#907 = SHAPE_REPRESENTATION ( 'Pins', ( #520 ), #923 ) ;
#908 =( NAMED_UNIT ( * ) PLANE_ANGLE_UNIT ( ) SI_UNIT ( $, .RADIAN. ) );
#909 = CARTESIAN_POINT ( 'NONE',  ( -2.471083653470333985, 0.1636801550512507197, 1.030749608330177480 ) ) ;
#910 = SURFACE_STYLE_USAGE ( .BOTH. , #1077 ) ;
#911 = EDGE_CURVE ( 'NONE', #1976, #1165, #1936, .T. ) ;
#912 = UNCERTAINTY_MEASURE_WITH_UNIT (LENGTH_MEASURE( 1.000000000000000082E-05 ), #1519, 'distance_accuracy_value', 'NONE');
#913 = CARTESIAN_POINT ( 'NONE',  ( -2.465287369925637684, -0.3657248056172647255, 0.9946596930810492898 ) ) ;
#914 = ORIENTED_EDGE ( 'NONE', *, *, #1444, .T. ) ;
#915 = CARTESIAN_POINT ( 'NONE',  ( -2.314920640435574217, -0.8795975168395312460, 1.111487056639456572 ) ) ;
#916 = VECTOR ( 'NONE', #2417, 1000.000000000000000 ) ;
#917 = FILL_AREA_STYLE ('',( #2031 ) ) ;
#918 = PRODUCT_CONTEXT ( 'NONE', #345, 'mechanical' ) ;
#919 = STYLED_ITEM ( 'NONE', ( #193 ), #592 ) ;
#920 = LINE ( 'NONE', #1109, #641 ) ;
#921 =( GEOMETRIC_REPRESENTATION_CONTEXT ( 3 ) GLOBAL_UNCERTAINTY_ASSIGNED_CONTEXT ( ( #2048 ) ) GLOBAL_UNIT_ASSIGNED_CONTEXT ( ( #1929, #48, #2131 ) ) REPRESENTATION_CONTEXT ( 'NONE', 'WORKASPACE' ) );
#922 = CARTESIAN_POINT ( 'NONE',  ( -2.464414956308326854, 0.9921847532157989091, 0.9661477516782482899 ) ) ;
#923 =( GEOMETRIC_REPRESENTATION_CONTEXT ( 3 ) GLOBAL_UNCERTAINTY_ASSIGNED_CONTEXT ( ( #158 ) ) GLOBAL_UNIT_ASSIGNED_CONTEXT ( ( #693, #846, #103 ) ) REPRESENTATION_CONTEXT ( 'NONE', 'WORKASPACE' ) );
#924 = CARTESIAN_POINT ( 'NONE',  ( -2.311894666844056534, 0.9626126176948203161, 1.049286328218747677 ) ) ;
#925 = CARTESIAN_POINT ( 'NONE',  ( 2.787500000000000977, 0.000000000000000000, 0.9200000000000000400 ) ) ;
#926 = STYLED_ITEM ( 'NONE', ( #2103 ), #329 ) ;
#927 = CARTESIAN_POINT ( 'NONE',  ( -2.474999999999999645, -0.4008427723786787689, 0.9349164178136502024 ) ) ;
#928 = FILL_AREA_STYLE_COLOUR ( '', #1524 ) ;
#929 = CARTESIAN_POINT ( 'NONE',  ( -2.413384592768228032, -0.5552134474737646652, 1.108873303118960818 ) ) ;
#930 = CARTESIAN_POINT ( 'NONE',  ( -2.375000000000000000, 1.459291351992468178, 0.1000000000000000472 ) ) ;
#931 = PRESENTATION_LAYER_ASSIGNMENT (  '', '', ( #1835 ) ) ;
#932 = ORIENTED_EDGE ( 'NONE', *, *, #985, .T. ) ;
#933 = CARTESIAN_POINT ( 'NONE',  ( -2.433038023570141206, -1.027579505469697452, 1.001134352953614082 ) ) ;
#934 = CARTESIAN_POINT ( 'NONE',  ( 1.582850004186256321, 2.294790342391767712, 1.020000000000000462 ) ) ;
#935 = DIRECTION ( 'NONE',  ( -1.000000000000000000, -2.125886612716674341E-16, 0.000000000000000000 ) ) ;
#936 = PRESENTATION_STYLE_ASSIGNMENT (( #1821 ) ) ;
#937 = SURFACE_SIDE_STYLE ('',( #738 ) ) ;
#938 = UNCERTAINTY_MEASURE_WITH_UNIT (LENGTH_MEASURE( 1.000000000000000082E-05 ), #1306, 'distance_accuracy_value', 'NONE');
#939 = CARTESIAN_POINT ( 'NONE',  ( -2.473566701330248030, -0.1334217315999447206, 1.001018152923808469 ) ) ;
#940 = ORIENTED_EDGE ( 'NONE', *, *, #1257, .T. ) ;
#941 = CARTESIAN_POINT ( 'NONE',  ( -2.474999999999999645, -1.459291351992467956, 9.269999999999999574 ) ) ;
#942 = ORIENTED_EDGE ( 'NONE', *, *, #132, .F. ) ;
#943 = CARTESIAN_POINT ( 'NONE',  ( 1.525000000000000133, -0.2550000000000000044, -4.000000000000000000 ) ) ;
#944 = CARTESIAN_POINT ( 'NONE',  ( 0.000000000000000000, 0.000000000000000000, 0.000000000000000000 ) ) ;
#945 = CONTEXT_DEPENDENT_SHAPE_REPRESENTATION ( #647, #722 ) ;
#946 = ADVANCED_FACE ( 'NONE', ( #450 ), #1581, .T. ) ;
#947 = SURFACE_SIDE_STYLE ('',( #608 ) ) ;
#948 = PRESENTATION_STYLE_ASSIGNMENT (( #1944 ) ) ;
#949 = FILL_AREA_STYLE ('',( #226 ) ) ;
#950 =( NAMED_UNIT ( * ) PLANE_ANGLE_UNIT ( ) SI_UNIT ( $, .RADIAN. ) );
#951 = ORIENTED_EDGE ( 'NONE', *, *, #369, .F. ) ;
#952 = CARTESIAN_POINT ( 'NONE',  ( 0.000000000000000000, 0.000000000000000000, 1.119999999999999440 ) ) ;
#953 = SURFACE_STYLE_FILL_AREA ( #568 ) ;
#954 = ORIENTED_EDGE ( 'NONE', *, *, #287, .F. ) ;
#955 = CARTESIAN_POINT ( 'NONE',  ( -2.445711089092712509, -0.9893570425309058392, 0.9907102671302655539 ) ) ;
#956 = CARTESIAN_POINT ( 'NONE',  ( -2.374057536156685799, -1.459291351992466623, 1.019995558710894867 ) ) ;
#957 = CARTESIAN_POINT ( 'NONE',  ( -1.745911922694512564, 2.173363583955842504, 1.020000000000000462 ) ) ;
#958 = DIRECTION ( 'NONE',  ( -0.000000000000000000, -0.000000000000000000, -1.000000000000000000 ) ) ;
#959 = EDGE_CURVE ( 'NONE', #877, #1745, #1920, .T. ) ;
#960 = DIRECTION ( 'NONE',  ( 1.000000000000000000, 1.062943306358337663E-16, 0.000000000000000000 ) ) ;
#961 = AXIS2_PLACEMENT_3D ( 'NONE', #798, #1956, #440 ) ;
#962 = CARTESIAN_POINT ( 'NONE',  ( -2.337255407337479607, 0.9705858451139539600, 1.030076169357231120 ) ) ;
#963 = COLOUR_RGB ( '',0.8039215686274510109, 0.8039215686274510109, 0.8039215686274510109 ) ;
#964 = CARTESIAN_POINT ( 'NONE',  ( 1.490551199410730776, -2.355801328024366814, 1.020000000000000018 ) ) ;
#965 = CARTESIAN_POINT ( 'NONE',  ( 2.887500000000000622, 0.000000000000000000, 0.1000000000000000472 ) ) ;
#966 = DIRECTION ( 'NONE',  ( 0.000000000000000000, 0.000000000000000000, -1.000000000000000000 ) ) ;
#967 = ORIENTED_EDGE ( 'NONE', *, *, #2396, .F. ) ;
#968 = CARTESIAN_POINT ( 'NONE',  ( -2.400734236487930939, 0.9931482374293315596, 1.015029663638333357 ) ) ;
#969 = CARTESIAN_POINT ( 'NONE',  ( -2.374057536156685799, -1.517867394106845902, 1.019995558710895756 ) ) ;
#970 = COLOUR_RGB ( '',0.2862745098039215508, 0.2862745098039215508, 0.2862745098039215508 ) ;
#971 = CARTESIAN_POINT ( 'NONE',  ( -2.474498286530118385, -6.517938042291940669E-17, 1.020778603172296295 ) ) ;
#972 = CARTESIAN_POINT ( 'NONE',  ( -2.374999999999998668, 0.9963146829832583151, 1.020000000000000018 ) ) ;
#973 = ADVANCED_FACE ( 'NONE', ( #1783 ), #229, .T. ) ;
#974 = SURFACE_SIDE_STYLE ('',( #387 ) ) ;
#975 = CARTESIAN_POINT ( 'NONE',  ( -2.375000000000000444, -1.459291351992467289, 2.258754526011467674E-17 ) ) ;
#976 = EDGE_LOOP ( 'NONE', ( #1730, #1922, #1582, #812 ) ) ;
#977 = DIRECTION ( 'NONE',  ( 0.000000000000000000, 1.000000000000000000, 0.000000000000000000 ) ) ;
#978 = CARTESIAN_POINT ( 'NONE',  ( -2.374999999999999556, 0.9949874371066252943, 1.019999999999999796 ) ) ;
#979 = PRESENTATION_STYLE_ASSIGNMENT (( #1 ) ) ;
#980 = CARTESIAN_POINT ( 'NONE',  ( 2.474999999999998312, -3.537411333061274199, 1.061421356237307823 ) ) ;
#981 = CARTESIAN_POINT ( 'NONE',  ( 2.887500000000000622, -4.336808689942017736E-16, 0.04142135623730971994 ) ) ;
#982 = DIRECTION ( 'NONE',  ( 0.000000000000000000, 0.000000000000000000, -1.000000000000000000 ) ) ;
#983 = CARTESIAN_POINT ( 'NONE',  ( 1.427969833609470385, -2.394302126040813938, 1.020000000000000240 ) ) ;
#984 = FILL_AREA_STYLE ('',( #2158 ) ) ;
#985 = EDGE_CURVE ( 'NONE', #1183, #1660, #828, .T. ) ;
#986 = EDGE_LOOP ( 'NONE', ( #2025, #2252, #245 ) ) ;
#987 = CARTESIAN_POINT ( 'NONE',  ( -2.429922766073152829, 0.9910608583380018377, 1.004383514348561102 ) ) ;
#988 = SURFACE_STYLE_USAGE ( .BOTH. , #1925 ) ;
#989 = ADVANCED_FACE ( 'NONE', ( #2132 ), #2248, .T. ) ;
#990 = CARTESIAN_POINT ( 'NONE',  ( 2.516421356237309670, -7.589415207398531038E-16, 1.019999999999998019 ) ) ;
#991 = SURFACE_SIDE_STYLE ('',( #184 ) ) ;
#992 = VECTOR ( 'NONE', #960, 1000.000000000000000 ) ;
#993 = ORIENTED_EDGE ( 'NONE', *, *, #1391, .F. ) ;
#994 =( NAMED_UNIT ( * ) PLANE_ANGLE_UNIT ( ) SI_UNIT ( $, .RADIAN. ) );
#995 = CARTESIAN_POINT ( 'NONE',  ( 1.519888470402851244, -2.337000485237010761, 1.020000000000000018 ) ) ;
#996 = STYLED_ITEM ( 'NONE', ( #1978 ), #597 ) ;
#997 = CIRCLE ( 'NONE', #1593, 0.09999999999999982514 ) ;
#998 = DIRECTION ( 'NONE',  ( 1.000000000000000000, 0.000000000000000000, -0.000000000000000000 ) ) ;
#999 = VECTOR ( 'NONE', #392, 1000.000000000000000 ) ;
#1000 = ORIENTED_EDGE ( 'NONE', *, *, #1998, .F. ) ;
#1001 = CARTESIAN_POINT ( 'NONE',  ( 2.387339091743519326, 0.9664732651652367945, 1.020000000000000018 ) ) ;
#1002 = MECHANICAL_DESIGN_GEOMETRIC_PRESENTATION_REPRESENTATION (  '', ( #482 ), #364 ) ;
#1003 = PRESENTATION_LAYER_ASSIGNMENT (  '', '', ( #1042 ) ) ;
#1004 = FILL_AREA_STYLE_COLOUR ( '', #842 ) ;
#1005 = DIRECTION ( 'NONE',  ( -4.251773225433350654E-16, 1.000000000000000000, 0.000000000000000000 ) ) ;
#1006 = CARTESIAN_POINT ( 'NONE',  ( -2.372539707495553429, -0.9425141348337608971, 1.020243678285798206 ) ) ;
#1007 = FACE_OUTER_BOUND ( 'NONE', #593, .T. ) ;
#1008 = COLOUR_RGB ( '',0.8039215686274510109, 0.8039215686274510109, 0.8039215686274510109 ) ;
#1009 = CARTESIAN_POINT ( 'NONE',  ( -0.5677169858226965848, 4.512543961264830372, 1.020000000000000018 ) ) ;
#1010 = ORIENTED_EDGE ( 'NONE', *, *, #194, .F. ) ;
#1011 = SURFACE_SIDE_STYLE ('',( #243 ) ) ;
#1012 = ORIENTED_EDGE ( 'NONE', *, *, #1986, .T. ) ;
#1013 = CARTESIAN_POINT ( 'NONE',  ( 2.575000000000000622, 0.2884105544203875438, 1.020000000000000684 ) ) ;
#1014 = CARTESIAN_POINT ( 'NONE',  ( -2.473262426684799120, 9.537527143911518738E-17, 1.090207785738410262 ) ) ;
#1015 = CARTESIAN_POINT ( 'NONE',  ( -2.474999999999999645, 0.9949874371066257384, 0.9200000000000005951 ) ) ;
#1016 = CARTESIAN_POINT ( 'NONE',  ( -2.365500874276422305, -0.8830665755083072499, 1.032355763694714268 ) ) ;
#1017 = CARTESIAN_POINT ( 'NONE',  ( 1.337070987689070511, -2.200734013082057405, 1.019999999999999796 ) ) ;
#1018 = EDGE_CURVE ( 'NONE', #309, #1318, #1754, .T. ) ;
#1019 = CARTESIAN_POINT ( 'NONE',  ( -2.375685723426963047, -0.9949382783204792080, 1.020000000000000240 ) ) ;
#1020 = CARTESIAN_POINT ( 'NONE',  ( -2.474494356134037787, -0.08215921923462751741, 1.016675046651487557 ) ) ;
#1021 = FILL_AREA_STYLE ('',( #221 ) ) ;
#1022 = FILL_AREA_STYLE ('',( #1580 ) ) ;
#1023 =( LENGTH_UNIT ( ) NAMED_UNIT ( * ) SI_UNIT ( .MILLI., .METRE. ) );
#1024 = ORIENTED_EDGE ( 'NONE', *, *, #369, .T. ) ;
#1025 =( NAMED_UNIT ( * ) SI_UNIT ( $, .STERADIAN. ) SOLID_ANGLE_UNIT ( ) );
#1026 = LINE ( 'NONE', #2150, #1076 ) ;
#1027 = ADVANCED_FACE ( 'N', ( #2284 ), #1496, .T. ) ;
#1028 = CARTESIAN_POINT ( 'NONE',  ( -2.463740307790738715, -0.2704870633580818140, 1.024162162697661804 ) ) ;
#1029 = CARTESIAN_POINT ( 'NONE',  ( -0.09506726028114122207, -2.575135999574092338, 1.020000000000000240 ) ) ;
#1030 = DIRECTION ( 'NONE',  ( 1.000000000000000000, 0.000000000000000000, 0.000000000000000000 ) ) ;
#1031 = CARTESIAN_POINT ( 'NONE',  ( -2.438990475277228676, -0.9885185107204399468, 0.9974308809601502013 ) ) ;
#1032 = MECHANICAL_DESIGN_GEOMETRIC_PRESENTATION_REPRESENTATION (  '', ( #1776 ), #2176 ) ;
#1033 =( LENGTH_UNIT ( ) NAMED_UNIT ( * ) SI_UNIT ( .MILLI., .METRE. ) );
#1034 = PRESENTATION_LAYER_ASSIGNMENT (  '', '', ( #1667 ) ) ;
#1035 = FILL_AREA_STYLE_COLOUR ( '', #963 ) ;
#1036 = MECHANICAL_DESIGN_GEOMETRIC_PRESENTATION_REPRESENTATION (  '', ( #280 ), #476 ) ;
#1037 = ORIENTED_EDGE ( 'NONE', *, *, #575, .T. ) ;
#1038 =( NAMED_UNIT ( * ) PLANE_ANGLE_UNIT ( ) SI_UNIT ( $, .RADIAN. ) );
#1039 =( NAMED_UNIT ( * ) SI_UNIT ( $, .STERADIAN. ) SOLID_ANGLE_UNIT ( ) );
#1040 = CARTESIAN_POINT ( 'NONE',  ( -2.293006673826603059, 0.9578363887272374200, 1.074369794450190652 ) ) ;
#1041 = MECHANICAL_DESIGN_GEOMETRIC_PRESENTATION_REPRESENTATION (  '', ( #82 ), #2233 ) ;
#1042 = STYLED_ITEM ( 'NONE', ( #2026 ), #2365 ) ;
#1043 = CARTESIAN_POINT ( 'NONE',  ( -2.396645520133422469, -0.6807421444838587243, 1.055702202516930255 ) ) ;
#1044 = CARTESIAN_POINT ( 'NONE',  ( 2.575000000000000178, -0.1440314286497486052, 1.020000000000000240 ) ) ;
#1045 = CIRCLE ( 'NONE', #2435, 2.475000000000000089 ) ;
#1046 = SHAPE_REPRESENTATION_RELATIONSHIP ( 'NONE' , 'NONE' ,  #400, #326 ) ;
#1047 = PRESENTATION_LAYER_ASSIGNMENT (  '', '', ( #279 ) ) ;
#1048 = SURFACE_SIDE_STYLE ('',( #2142 ) ) ;
#1049 = FACE_OUTER_BOUND ( 'NONE', #137, .T. ) ;
#1050 = CARTESIAN_POINT ( 'NONE',  ( -2.460201793721973118, -1.511642611256770907, 0.9200000000015651214 ) ) ;
#1051 = CARTESIAN_POINT ( 'NONE',  ( -2.425969346390562720, 0.6030584596722354807, 1.026048256257124480 ) ) ;
#1052 = ORIENTED_EDGE ( 'NONE', *, *, #1769, .T. ) ;
#1053 = CARTESIAN_POINT ( 'NONE',  ( -2.473260108550794811, -0.06406331762325952195, 1.090230780210217798 ) ) ;
#1054 = SURFACE_STYLE_FILL_AREA ( #2379 ) ;
#1055 = CARTESIAN_POINT ( 'NONE',  ( -2.389059117875291793, -0.8798221383258110206, 1.020623723730457177 ) ) ;
#1056 =( BOUNDED_CURVE ( )  B_SPLINE_CURVE ( 3, ( #89, #491, #856, #2360 ),
 .UNSPECIFIED., .F., .F. ) 
 B_SPLINE_CURVE_WITH_KNOTS ( ( 4, 4 ),
 ( 0.000000000000000000, 1.000000000000000000 ),
 .UNSPECIFIED. ) 
 CURVE ( )  GEOMETRIC_REPRESENTATION_ITEM ( )  RATIONAL_B_SPLINE_CURVE ( ( 1.000000000000000000, 0.5146752833616150546, 0.5146752833616150546, 1.000000000000000000 ) ) 
 REPRESENTATION_ITEM ( '' )  );
#1057 = CARTESIAN_POINT ( 'NONE',  ( -2.392928071528112710, 0.6377479978164874996, 1.109925064930599614 ) ) ;
#1058 =( NAMED_UNIT ( * ) SI_UNIT ( $, .STERADIAN. ) SOLID_ANGLE_UNIT ( ) );
#1059 =( NAMED_UNIT ( * ) SI_UNIT ( $, .STERADIAN. ) SOLID_ANGLE_UNIT ( ) );
#1060 = PRESENTATION_STYLE_ASSIGNMENT (( #646 ) ) ;
#1061 = CARTESIAN_POINT ( 'NONE',  ( -2.434539421327292619, 0.5527118596464010158, 1.022821806149925683 ) ) ;
#1062 = EDGE_CURVE ( 'NONE', #1840, #472, #1808, .T. ) ;
#1063 = VERTEX_POINT ( 'NONE', #66 ) ;
#1064 = CARTESIAN_POINT ( 'NONE',  ( -2.456643222444315100, 0.3254556904052653410, 1.043451112492546518 ) ) ;
#1065 = CARTESIAN_POINT ( 'NONE',  ( -2.282766990291259734, -0.9563471482869505547, 1.111005694937747590 ) ) ;
#1066 = CARTESIAN_POINT ( 'NONE',  ( -2.474999999999999645, 0.000000000000000000, 0.9200000000000007061 ) ) ;
#1067 = PRESENTATION_STYLE_ASSIGNMENT (( #1420 ) ) ;
#1068 = SURFACE_STYLE_USAGE ( .BOTH. , #1813 ) ;
#1069 = ADVANCED_FACE ( 'NONE', ( #850 ), #654, .T. ) ;
#1070 = CARTESIAN_POINT ( 'NONE',  ( 2.720303938746513328, 0.6165895202761185745, 1.020000000000000018 ) ) ;
#1071 = DIRECTION ( 'NONE',  ( -0.000000000000000000, -0.000000000000000000, -1.000000000000000000 ) ) ;
#1072 = CARTESIAN_POINT ( 'NONE',  ( -2.457368390478843256, 0.6333335819936268818, 0.9841846808729269869 ) ) ;
#1073 = AXIS2_PLACEMENT_3D ( 'NONE', #1307, #356, #374 ) ;
#1074 = UNCERTAINTY_MEASURE_WITH_UNIT (LENGTH_MEASURE( 1.000000000000000082E-05 ), #1687, 'distance_accuracy_value', 'NONE');
#1075 = CARTESIAN_POINT ( 'NONE',  ( -2.471067272467105891, 0.1641913059694229682, 1.013646911492854352 ) ) ;
#1076 = VECTOR ( 'NONE', #1762, 1000.000000000000000 ) ;
#1077 = SURFACE_SIDE_STYLE ('',( #308 ) ) ;
#1078 = ORIENTED_EDGE ( 'NONE', *, *, #959, .F. ) ;
#1079 = CARTESIAN_POINT ( 'NONE',  ( -2.400518294919251172, 0.6147289470999868222, 1.085995069037723582 ) ) ;
#1080 = CARTESIAN_POINT ( 'NONE',  ( -2.317302750572449277, -0.8762219046495578478, 1.102737000112590238 ) ) ;
#1081 = CARTESIAN_POINT ( 'NONE',  ( -2.433072250575702089, -1.559843127752204461, 0.04109813348064397104 ) ) ;
#1082 = MECHANICAL_DESIGN_GEOMETRIC_PRESENTATION_REPRESENTATION (  '', ( #996 ), #560 ) ;
#1083 =( NAMED_UNIT ( * ) SI_UNIT ( $, .STERADIAN. ) SOLID_ANGLE_UNIT ( ) );
#1084 = EDGE_CURVE ( 'NONE', #1976, #1183, #1405, .T. ) ;
#1085 = COLOUR_RGB ( '',0.2862745098039215508, 0.2862745098039215508, 0.2862745098039215508 ) ;
#1086 = SURFACE_STYLE_USAGE ( .BOTH. , #494 ) ;
#1087 = MECHANICAL_DESIGN_GEOMETRIC_PRESENTATION_REPRESENTATION (  '', ( #2146 ), #2066 ) ;
#1088 = MECHANICAL_DESIGN_GEOMETRIC_PRESENTATION_REPRESENTATION (  '', ( #1990 ), #1363 ) ;
#1089 = CARTESIAN_POINT ( 'NONE',  ( -2.474999999999999645, 0.6552983096365679883, 0.9323808769210578662 ) ) ;
#1090 = CARTESIAN_POINT ( 'NONE',  ( -2.418487778681957412, 1.007471194754263388, 1.008756431610498883 ) ) ;
#1091 = STYLED_ITEM ( 'NONE', ( #461 ), #946 ) ;
#1092 = CARTESIAN_POINT ( 'NONE',  ( -1.525000000000000133, 0.2549999999999997824, 0.000000000000000000 ) ) ;
#1093 = ORIENTED_EDGE ( 'NONE', *, *, #2069, .F. ) ;
#1094 = FILL_AREA_STYLE_COLOUR ( '', #366 ) ;
#1095 = CARTESIAN_POINT ( 'NONE',  ( -2.445621354874162545, -0.4057102899426560660, 1.050285168017842441 ) ) ;
#1096 = CARTESIAN_POINT ( 'NONE',  ( -2.374057536156685355, -1.559286910703362672, 0.04142395788423227504 ) ) ;
#1097 = SURFACE_STYLE_FILL_AREA ( #327 ) ;
#1098 = CARTESIAN_POINT ( 'NONE',  ( -2.471067272467105447, 0.1641913059694229682, 1.013646911492854352 ) ) ;
#1099 = CARTESIAN_POINT ( 'NONE',  ( -2.418511472558664277, 0.9970525729760721934, 1.008730008092974417 ) ) ;
#1100 = PRODUCT_DEFINITION_SHAPE ( 'NONE', 'NONE',  #431 ) ;
#1101 = CARTESIAN_POINT ( 'NONE',  ( 0.000000000000000000, 0.000000000000000000, 0.9200000000000000400 ) ) ;
#1102 = CARTESIAN_POINT ( 'NONE',  ( -2.474999999999999645, -0.1658312395177709286, 0.9200000000000007061 ) ) ;
#1103 = ORIENTED_EDGE ( 'NONE', *, *, #2207, .T. ) ;
#1104 = B_SPLINE_SURFACE_WITH_KNOTS ( 'NONE', 3, 3, ( 
 ( #971, #1981, #1603, #655, #444, #90, #1216, #642 ),
 ( #2361, #492, #1623, #273, #2163, #466, #1412, #1252 ),
 ( #2381, #1226, #1028, #1201, #1789, #1043, #1402, #1575 ),
 ( #857, #1610, #677, #666, #2336, #1777, #2348, #2175 ),
 ( #1763, #1958, #1436, #1586, #64, #477, #1016, #2153 ),
 ( #235, #1995, #1237, #1969, #288, #1055, #1006, #101 ),
 ( #1801, #249, #76, #1755, #832, #868, #54, #822 ),
 ( #627, #1386, #845, #457, #260, #1504, #1292, #903 ),
 ( #2204, #1856, #1639, #2042, #528, #707, #1107, #1119 ),
 ( #2219, #1463, #882, #515, #168, #151, #1690, #1871 ),
 ( #341, #1302, #933, #1476, #2009, #1663, #2397, #1451 ) ),
 .UNSPECIFIED., .F., .F., .F.,
 ( 4, 2, 2, 3, 4 ),
 ( 4, 2, 2, 4 ),
 ( 0.000000000000000000, 0.2500000000000000000, 0.5000000000000000000, 1.000000000000000000, 1.046814447408198845 ),
 ( 0.000000000000000000, 0.2500000000000000000, 0.5000000000000000000, 1.000000000000000000 ),
 .UNSPECIFIED. ) ;
#1105 = CARTESIAN_POINT ( 'NONE',  ( -2.448740771151049600, -0.3693220882993574206, 1.097243853653028012 ) ) ;
#1106 = FACE_OUTER_BOUND ( 'NONE', #1148, .T. ) ;
#1107 = CARTESIAN_POINT ( 'NONE',  ( -2.377682939194072809, -0.9893953255691847470, 1.020000000000000240 ) ) ;
#1108 = APPLICATION_PROTOCOL_DEFINITION ( 'draft international standard', 'automotive_design', 1998, #1541 ) ;
#1109 = CARTESIAN_POINT ( 'NONE',  ( 1.525000000000000133, 0.2549999999999996159, -21.55000000000000071 ) ) ;
#1110 = CARTESIAN_POINT ( 'NONE',  ( -2.311894666844056090, -0.9626126176948203161, 1.049286328218748121 ) ) ;
#1111 = CARTESIAN_POINT ( 'NONE',  ( -2.352405922449001707, 0.7876473127407096486, 1.085664518710686588 ) ) ;
#1112 = CARTESIAN_POINT ( 'NONE',  ( -2.468868955961485145, 0.2841639139203463449, 0.9971617203433391641 ) ) ;
#1113 = UNCERTAINTY_MEASURE_WITH_UNIT (LENGTH_MEASURE( 1.000000000000000082E-05 ), #1398, 'distance_accuracy_value', 'NONE');
#1114 = CARTESIAN_POINT ( 'NONE',  ( -2.445710678119018766, -0.9893570008642393887, 0.9907106781182917210 ) ) ;
#1115 = DIRECTION ( 'NONE',  ( 1.000000000000000000, -1.062943306358337170E-16, 0.000000000000000000 ) ) ;
#1116 = CARTESIAN_POINT ( 'NONE',  ( -2.400211274857991572, -0.6171499804905677955, 1.076357955294220403 ) ) ;
#1117 = CARTESIAN_POINT ( 'NONE',  ( -2.460201793721973118, 1.511642611256771351, 1.020000000000000018 ) ) ;
#1118 =( GEOMETRIC_REPRESENTATION_CONTEXT ( 3 ) GLOBAL_UNCERTAINTY_ASSIGNED_CONTEXT ( ( #2455 ) ) GLOBAL_UNIT_ASSIGNED_CONTEXT ( ( #1767, #65, #821 ) ) REPRESENTATION_CONTEXT ( 'NONE', 'WORKASPACE' ) );
#1119 = CARTESIAN_POINT ( 'NONE',  ( -2.374999999999998668, -0.9956369075155306891, 1.020000000000000018 ) ) ;
#1120 = VECTOR ( 'NONE', #2275, 1000.000000000000000 ) ;
#1121 = CARTESIAN_POINT ( 'NONE',  ( 1.307326087634834710, 2.479581004041774062, 1.020000000000000462 ) ) ;
#1122 = LINE ( 'NONE', #1644, #1949 ) ;
#1123 = MECHANICAL_DESIGN_GEOMETRIC_PRESENTATION_REPRESENTATION (  '', ( #480 ), #361 ) ;
#1124 = CARTESIAN_POINT ( 'NONE',  ( -2.474621726005497457, -1.112150820055896699E-16, 0.9867439106797468718 ) ) ;
#1125 =( GEOMETRIC_REPRESENTATION_CONTEXT ( 3 ) GLOBAL_UNCERTAINTY_ASSIGNED_CONTEXT ( ( #1305 ) ) GLOBAL_UNIT_ASSIGNED_CONTEXT ( ( #505, #557, #1304 ) ) REPRESENTATION_CONTEXT ( 'NONE', 'WORKASPACE' ) );
#1126 = CARTESIAN_POINT ( 'NONE',  ( -2.474999999999999645, -0.8291561975888547265, 0.9200000000000003730 ) ) ;
#1127 = ORIENTED_EDGE ( 'NONE', *, *, #96, .T. ) ;
#1128 = CARTESIAN_POINT ( 'NONE',  ( 2.516421356237310558, 3.596613100731834489, 1.019999999999998019 ) ) ;
#1129 = ADVANCED_FACE ( 'NONE', ( #2118 ), #265, .F. ) ;
#1130 = SURFACE_STYLE_USAGE ( .BOTH. , #1200 ) ;
#1131 =( GEOMETRIC_REPRESENTATION_CONTEXT ( 3 ) GLOBAL_UNCERTAINTY_ASSIGNED_CONTEXT ( ( #1479 ) ) GLOBAL_UNIT_ASSIGNED_CONTEXT ( ( #59, #1557, #2320 ) ) REPRESENTATION_CONTEXT ( 'NONE', 'WORKASPACE' ) );
#1132 = ORIENTED_EDGE ( 'NONE', *, *, #456, .T. ) ;
#1133 = CARTESIAN_POINT ( 'NONE',  ( 2.887500000000000178, -3.599192026298509983, 0.9200000000000000400 ) ) ;
#1134 = CARTESIAN_POINT ( 'NONE',  ( 2.474999999999999645, 4.950000000000000178, 16.69499999999999318 ) ) ;
#1135 = CARTESIAN_POINT ( 'NONE',  ( -2.474498286530117941, -6.517938042291941902E-17, 1.020778603172296517 ) ) ;
#1136 = CARTESIAN_POINT ( 'NONE',  ( -0.5560321045410741014, -4.419665745917647826, 6.776263578034402713E-17 ) ) ;
#1137 = UNCERTAINTY_MEASURE_WITH_UNIT (LENGTH_MEASURE( 1.000000000000000082E-05 ), #2412, 'distance_accuracy_value', 'NONE');
#1138 = CARTESIAN_POINT ( 'NONE',  ( -2.474482564945795104, -4.710934421482801536E-17, 1.004364377089061566 ) ) ;
#1139 = ORIENTED_EDGE ( 'NONE', *, *, #1395, .F. ) ;
#1140 = CARTESIAN_POINT ( 'NONE',  ( -1.016552472851527833, 4.270201787787379466, 1.019999999999998019 ) ) ;
#1141 = ADVANCED_FACE ( 'NONE', ( #553 ), #803, .T. ) ;
#1142 = EDGE_LOOP ( 'NONE', ( #239, #661, #1211, #1195 ) ) ;
#1143 = B_SPLINE_CURVE_WITH_KNOTS ( 'NONE', 3,
 ( #1421, #1044, #445, #1959, #1202, #678, #1970, #1778, #1802, #2382, #1413, #2164, #1624, #2372, #1017, #458, #2177, #1997, #289, #102, #1029, #869, #1437, #2190, #1253, #2411, #328, #1602, #2391, #519, #2212, #686, #2415, #335, #2443, #1838 ),
 .UNSPECIFIED., .F., .F.,
 ( 4, 1, 1, 2, 2, 2, 1, 1, 1, 2, 2, 2, 1, 1, 2, 2, 2, 1, 1, 1, 2, 2, 4 ),
 ( 0.000000000000000000, 0.06250000000000080491, 0.09375000000000123512, 0.1093750000000014294, 0.1250000000000016098, 0.2500000000000026645, 0.3125000000000031641, 0.3437500000000034417, 0.3593750000000034972, 0.3671875000000034417, 0.3750000000000033862, 0.5000000000000024425, 0.5625000000000019984, 0.5937500000000017764, 0.6093750000000016653, 0.6250000000000014433, 0.7500000000000007772, 0.8125000000000004441, 0.8437500000000002220, 0.8593750000000001110, 0.8671875000000001110, 0.8750000000000000000, 1.000000000000000000 ),
 .UNSPECIFIED. ) ;
#1144 = DIRECTION ( 'NONE',  ( 0.000000000000000000, 0.000000000000000000, -1.000000000000000000 ) ) ;
#1145 = SURFACE_STYLE_USAGE ( .BOTH. , #24 ) ;
#1146 = CARTESIAN_POINT ( 'NONE',  ( -2.377680534474809537, 0.9885890956399356888, 1.020000000000000240 ) ) ;
#1147 = CARTESIAN_POINT ( 'NONE',  ( -0.1472649537772701411, -2.783844443332976315, 1.020000000000000240 ) ) ;
#1148 = EDGE_LOOP ( 'NONE', ( #1686, #428, #2327 ) ) ;
#1149 = CARTESIAN_POINT ( 'NONE',  ( -1.040216341792098431, 4.369605899384823466, 1.019999999999999574 ) ) ;
#1150 = AXIS2_PLACEMENT_3D ( 'NONE', #1336, #410, #1005 ) ;
#1151 = ADVANCED_FACE ( 'NONE', ( #1049 ), #2193, .T. ) ;
#1152 =( GEOMETRIC_REPRESENTATION_CONTEXT ( 3 ) GLOBAL_UNCERTAINTY_ASSIGNED_CONTEXT ( ( #1311 ) ) GLOBAL_UNIT_ASSIGNED_CONTEXT ( ( #572, #808, #2089 ) ) REPRESENTATION_CONTEXT ( 'NONE', 'WORKASPACE' ) );
#1153 = ORIENTED_EDGE ( 'NONE', *, *, #1621, .T. ) ;
#1154 = CYLINDRICAL_SURFACE ( 'NONE', #961, 0.09999999999999982514 ) ;
#1155 = PRESENTATION_STYLE_ASSIGNMENT (( #988 ) ) ;
#1156 = PRESENTATION_LAYER_ASSIGNMENT (  '', '', ( #230 ) ) ;
#1157 = CARTESIAN_POINT ( 'NONE',  ( -1.016552472851526279, -4.270201787787375913, 1.019999999999998463 ) ) ;
#1158 = EDGE_CURVE ( 'NONE', #1760, #2078, #67, .T. ) ;
#1159 = CARTESIAN_POINT ( 'NONE',  ( -2.474999999999999645, -4.949999999999994849, 16.69499999999999673 ) ) ;
#1160 = STYLED_ITEM ( 'NONE', ( #1752 ), #629 ) ;
#1161 = CARTESIAN_POINT ( 'NONE',  ( -2.377682991595012396, 0.9894128940259299121, 1.020000000000000240 ) ) ;
#1162 = PRESENTATION_STYLE_ASSIGNMENT (( #611 ) ) ;
#1163 =( GEOMETRIC_REPRESENTATION_CONTEXT ( 3 ) GLOBAL_UNCERTAINTY_ASSIGNED_CONTEXT ( ( #1510 ) ) GLOBAL_UNIT_ASSIGNED_CONTEXT ( ( #1900, #2293, #2315 ) ) REPRESENTATION_CONTEXT ( 'NONE', 'WORKASPACE' ) );
#1164 = COLOUR_RGB ( '',0.2862745098039215508, 0.2862745098039215508, 0.2862745098039215508 ) ;
#1165 = VERTEX_POINT ( 'NONE', #2290 ) ;
#1166 = CARTESIAN_POINT ( 'NONE',  ( -2.456643222444315100, 0.3254556904052653410, 1.043451112492546518 ) ) ;
#1167 =( NAMED_UNIT ( * ) SI_UNIT ( $, .STERADIAN. ) SOLID_ANGLE_UNIT ( ) );
#1168 = ADVANCED_FACE ( 'NONE', ( #29 ), #1308, .T. ) ;
#1169 = PRESENTATION_STYLE_ASSIGNMENT (( #2128 ) ) ;
#1170 = CYLINDRICAL_SURFACE ( 'NONE', #1393, 0.1000000000000000056 ) ;
#1171 = PRESENTATION_STYLE_ASSIGNMENT (( #796 ) ) ;
#1172 = ADVANCED_FACE ( 'NONE', ( #2124 ), #2080, .T. ) ;
#1173 = ORIENTED_EDGE ( 'NONE', *, *, #1062, .T. ) ;
#1174 = CARTESIAN_POINT ( 'NONE',  ( -2.474498286530117941, -6.517938042291941902E-17, 1.020778603172296517 ) ) ;
#1175 = CARTESIAN_POINT ( 'NONE',  ( -2.474999999999999645, -1.518308687541978452, 0.9200000000017642954 ) ) ;
#1176 = CARTESIAN_POINT ( 'NONE',  ( -0.9998195906545387368, -4.199912466398999733, 1.061421356237307823 ) ) ;
#1177 = CARTESIAN_POINT ( 'NONE',  ( -2.474999999999999645, 4.950000000000000178, 16.69499999999999318 ) ) ;
#1178 = CARTESIAN_POINT ( 'NONE',  ( -2.311894666844056090, -0.9626126176948203161, 1.049286328218748121 ) ) ;
#1179 = EDGE_CURVE ( 'NONE', #299, #797, #483, .T. ) ;
#1180 = CARTESIAN_POINT ( 'NONE',  ( 1.811018357902047127, -2.141899861279843442, 1.020000000000000240 ) ) ;
#1181 = SURFACE_STYLE_USAGE ( .BOTH. , #437 ) ;
#1182 = UNCERTAINTY_MEASURE_WITH_UNIT (LENGTH_MEASURE( 1.000000000000000082E-05 ), #1786, 'distance_accuracy_value', 'NONE');
#1183 = VERTEX_POINT ( 'NONE', #653 ) ;
#1184 = CARTESIAN_POINT ( 'NONE',  ( 2.787500000000000977, 3.474544683396393108, 5.421010862427521554E-17 ) ) ;
#1185 =( NAMED_UNIT ( * ) PLANE_ANGLE_UNIT ( ) SI_UNIT ( $, .RADIAN. ) );
#1186 = COLOUR_RGB ( '',0.2862745098039215508, 0.2862745098039215508, 0.2862745098039215508 ) ;
#1187 = CARTESIAN_POINT ( 'NONE',  ( 2.475000000000000089, -7.589415207398531038E-16, 1.061421356237307601 ) ) ;
#1188 = MECHANICAL_DESIGN_GEOMETRIC_PRESENTATION_REPRESENTATION (  '', ( #875 ), #760 ) ;
#1189 = CARTESIAN_POINT ( 'NONE',  ( 2.887500000000000622, 0.000000000000000000, 0.9785786437626905476 ) ) ;
#1190 = ORIENTED_EDGE ( 'NONE', *, *, #451, .T. ) ;
#1191 = EDGE_CURVE ( 'NONE', #1700, #786, #474, .T. ) ;
#1192 = CARTESIAN_POINT ( 'NONE',  ( -2.471083653470335761, -0.1636801550512507197, 1.030749608330176592 ) ) ;
#1193 = DIRECTION ( 'NONE',  ( 0.000000000000000000, 0.000000000000000000, 1.000000000000000000 ) ) ;
#1194 = MECHANICAL_DESIGN_GEOMETRIC_PRESENTATION_REPRESENTATION (  '', ( #1478 ), #2102 ) ;
#1195 = ORIENTED_EDGE ( 'NONE', *, *, #244, .T. ) ;
#1196 = CARTESIAN_POINT ( 'NONE',  ( 2.887500000000000622, 3.599192026298506875, 0.04142135623730955341 ) ) ;
#1197 = CIRCLE ( 'NONE', #569, 0.09999999999999982514 ) ;
#1198 = DIRECTION ( 'NONE',  ( -0.000000000000000000, -0.000000000000000000, -1.000000000000000000 ) ) ;
#1199 = CARTESIAN_POINT ( 'NONE',  ( -1.525000000000000133, 0.2549999999999997824, -20.54999999999999716 ) ) ;
#1200 = SURFACE_SIDE_STYLE ('',( #953 ) ) ;
#1201 = CARTESIAN_POINT ( 'NONE',  ( -2.449301021024896219, -0.3949988862666660161, 1.034929143712992161 ) ) ;
#1202 = CARTESIAN_POINT ( 'NONE',  ( 2.477183910607202222, -0.7040948117538459172, 1.020000000000000018 ) ) ;
#1203 = CARTESIAN_POINT ( 'NONE',  ( -0.5677169858226998045, -4.512543961264830372, 2.794626921907541672E-16 ) ) ;
#1204 = APPLICATION_CONTEXT ( 'automotive_design' ) ;
#1205 = MECHANICAL_DESIGN_GEOMETRIC_PRESENTATION_REPRESENTATION (  '', ( #1835 ), #1334 ) ;
#1206 = CARTESIAN_POINT ( 'NONE',  ( -2.387633886675887052, -0.9940745860299100567, 1.018149264038653357 ) ) ;
#1207 =( NAMED_UNIT ( * ) PLANE_ANGLE_UNIT ( ) SI_UNIT ( $, .RADIAN. ) );
#1208 = CARTESIAN_POINT ( 'NONE',  ( -2.374057536156684467, 1.517867394108235457, 4.441289105038513652E-06 ) ) ;
#1209 = DIRECTION ( 'NONE',  ( 0.000000000000000000, 0.000000000000000000, 1.000000000000000000 ) ) ;
#1210 =( NAMED_UNIT ( * ) PLANE_ANGLE_UNIT ( ) SI_UNIT ( $, .RADIAN. ) );
#1211 = ORIENTED_EDGE ( 'NONE', *, *, #1877, .T. ) ;
#1212 = CARTESIAN_POINT ( 'NONE',  ( 2.787500000000000977, 0.000000000000000000, 5.421010862427522170E-17 ) ) ;
#1213 =( NAMED_UNIT ( * ) PLANE_ANGLE_UNIT ( ) SI_UNIT ( $, .RADIAN. ) );
#1214 = CARTESIAN_POINT ( 'NONE',  ( -2.363842106738395010, 0.9815756724458369886, 1.020082931810779581 ) ) ;
#1215 = CARTESIAN_POINT ( 'NONE',  ( -2.474999999999999645, 0.000000000000000000, 9.269999999999999574 ) ) ;
#1216 = CARTESIAN_POINT ( 'NONE',  ( -2.359542221832700459, -0.8055636191778766664, 1.065665305108273175 ) ) ;
#1217 = CARTESIAN_POINT ( 'NONE',  ( 0.000000000000000000, 0.000000000000000000, 0.000000000000000000 ) ) ;
#1218 = CARTESIAN_POINT ( 'NONE',  ( -2.405237459161615909, -0.9927525633740216238, 1.013677798643852768 ) ) ;
#1219 = CARTESIAN_POINT ( 'NONE',  ( -2.457377712646000134, -0.4115544124857029029, 1.005158484290077814 ) ) ;
#1220 = CARTESIAN_POINT ( 'NONE',  ( -2.445621354874162545, -0.4057102899426560660, 1.050285168017842441 ) ) ;
#1221 = PRODUCT_DEFINITION_CONTEXT ( 'detailed design', #2301, 'design' ) ;
#1222 = DIRECTION ( 'NONE',  ( 0.000000000000000000, -1.000000000000000000, 0.000000000000000000 ) ) ;
#1223 = ORIENTED_EDGE ( 'NONE', *, *, #287, .T. ) ;
#1224 = CARTESIAN_POINT ( 'NONE',  ( -2.460201793721972674, 1.511642611256771795, 0.1000000000000000472 ) ) ;
#1225 = CARTESIAN_POINT ( 'NONE',  ( -2.471067272467105891, 0.1641913059694229682, 1.013646911492854352 ) ) ;
#1226 = CARTESIAN_POINT ( 'NONE',  ( -2.468192417517819148, -0.2139426198594902018, 1.018776491918999660 ) ) ;
#1227 = MECHANICAL_DESIGN_GEOMETRIC_PRESENTATION_REPRESENTATION (  '', ( #596 ), #150 ) ;
#1228 = SURFACE_STYLE_USAGE ( .BOTH. , #2157 ) ;
#1229 = SURFACE_SIDE_STYLE ('',( #84 ) ) ;
#1230 = ORIENTED_EDGE ( 'NONE', *, *, #823, .F. ) ;
#1231 = CARTESIAN_POINT ( 'NONE',  ( 1.568256019995267980, 2.065264979937443623, 1.020000000000000018 ) ) ;
#1232 = CARTESIAN_POINT ( 'NONE',  ( -2.475000000000000533, 1.373900992973631515E-16, 1.119999999999999440 ) ) ;
#1233 = CARTESIAN_POINT ( 'NONE',  ( -2.464223688691755232, -0.9912339796117016766, 0.9721963763822487614 ) ) ;
#1234 = COLOUR_RGB ( '',0.2862745098039215508, 0.2862745098039215508, 0.2862745098039215508 ) ;
#1235 = CLOSED_SHELL ( 'NONE', ( #411, #597, #946, #1470, #1172, #1952 ) ) ;
#1236 =( GEOMETRIC_REPRESENTATION_CONTEXT ( 3 ) GLOBAL_UNCERTAINTY_ASSIGNED_CONTEXT ( ( #1113 ) ) GLOBAL_UNIT_ASSIGNED_CONTEXT ( ( #1398, #1038, #1025 ) ) REPRESENTATION_CONTEXT ( 'NONE', 'WORKASPACE' ) );
#1237 = CARTESIAN_POINT ( 'NONE',  ( -2.435641066619651074, -0.6975292336566084606, 1.004313837789546637 ) ) ;
#1238 = CARTESIAN_POINT ( 'NONE',  ( -2.343450923247631490, 0.8004272229686474338, 1.119999999999999885 ) ) ;
#1239 = MECHANICAL_DESIGN_GEOMETRIC_PRESENTATION_REPRESENTATION (  '', ( #926 ), #1558 ) ;
#1240 =( GEOMETRIC_REPRESENTATION_CONTEXT ( 3 ) GLOBAL_UNCERTAINTY_ASSIGNED_CONTEXT ( ( #1074 ) ) GLOBAL_UNIT_ASSIGNED_CONTEXT ( ( #1687, #1500, #770 ) ) REPRESENTATION_CONTEXT ( 'NONE', 'WORKASPACE' ) );
#1241 = CARTESIAN_POINT ( 'NONE',  ( 2.787500000000000977, 0.000000000000000000, 2.710505431213761085E-17 ) ) ;
#1242 = EDGE_CURVE ( 'NONE', #452, #730, #2202, .T. ) ;
#1243 = LINE ( 'NONE', #1617, #2228 ) ;
#1244 = CARTESIAN_POINT ( 'NONE',  ( -2.474502216926198095, 0.08215921923462735088, 1.024882159693105033 ) ) ;
#1245 = FACE_OUTER_BOUND ( 'NONE', #1633, .T. ) ;
#1246 = ORIENTED_EDGE ( 'NONE', *, *, #1084, .F. ) ;
#1247 = CARTESIAN_POINT ( 'NONE',  ( -2.474690346556352782, 0.05918854708637413115, 1.054525632010977487 ) ) ;
#1248 = CARTESIAN_POINT ( 'NONE',  ( -2.420663824162483824, -0.5276202466204219510, 1.082756935210279936 ) ) ;
#1249 = CARTESIAN_POINT ( 'NONE',  ( -1.525000000000000133, 0.2549999999999997824, -4.000000000000000000 ) ) ;
#1250 = EDGE_CURVE ( 'NONE', #2184, #774, #1026, .T. ) ;
#1251 = FILL_AREA_STYLE_COLOUR ( '', #2221 ) ;
#1252 = CARTESIAN_POINT ( 'NONE',  ( -2.317414125489104748, -0.9641627461005475297, 1.043595549515579757 ) ) ;
#1253 = CARTESIAN_POINT ( 'NONE',  ( -0.6484253740405979682, -2.510834705014852286, 1.020000000000000462 ) ) ;
#1254 = DIRECTION ( 'NONE',  ( 0.000000000000000000, 0.000000000000000000, -1.000000000000000000 ) ) ;
#1255 = CARTESIAN_POINT ( 'NONE',  ( 0.000000000000000000, 0.000000000000000000, 9.269999999999999574 ) ) ;
#1256 = CARTESIAN_POINT ( 'NONE',  ( -0.5759794446142977309, -4.578218777161327857, 0.9200000000000000400 ) ) ;
#1257 = EDGE_CURVE ( 'NONE', #1063, #1840, #1657, .T. ) ;
#1258 = CARTESIAN_POINT ( 'NONE',  ( 2.787500000000000977, 0.000000000000000000, 0.1000000000000000472 ) ) ;
#1259 = CARTESIAN_POINT ( 'NONE',  ( -2.440009783658097398, 1.003546437304088768, 0.9964124550596595853 ) ) ;
#1260 = ADVANCED_FACE ( 'NONE', ( #1620 ), #1787, .T. ) ;
#1261 = CARTESIAN_POINT ( 'NONE',  ( -2.462508950723087509, -0.3288889025949607303, 1.007888630312148370 ) ) ;
#1262 = ORIENTED_EDGE ( 'NONE', *, *, #1703, .T. ) ;
#1263 = CARTESIAN_POINT ( 'NONE',  ( -2.335718444338378053, -0.8840881184363487133, 1.057475816663510759 ) ) ;
#1264 = EDGE_CURVE ( 'NONE', #1063, #1647, #313, .T. ) ;
#1265 =( NAMED_UNIT ( * ) SI_UNIT ( $, .STERADIAN. ) SOLID_ANGLE_UNIT ( ) );
#1266 = ORIENTED_EDGE ( 'NONE', *, *, #1411, .F. ) ;
#1267 =( LENGTH_UNIT ( ) NAMED_UNIT ( * ) SI_UNIT ( .MILLI., .METRE. ) );
#1268 =( NAMED_UNIT ( * ) PLANE_ANGLE_UNIT ( ) SI_UNIT ( $, .RADIAN. ) );
#1269 = CARTESIAN_POINT ( 'NONE',  ( 0.000000000000000000, 0.000000000000000000, 0.1000000000000000472 ) ) ;
#1270 = SURFACE_SIDE_STYLE ('',( #1454 ) ) ;
#1271 = CARTESIAN_POINT ( 'NONE',  ( -2.453863880923622176, 0.3980422091612518809, 1.018268064659500149 ) ) ;
#1272 = CARTESIAN_POINT ( 'NONE',  ( -2.474999999999999645, -0.3170102961056602275, 0.9356767413757517415 ) ) ;
#1273 = VERTEX_POINT ( 'NONE', #88 ) ;
#1274 = DIRECTION ( 'NONE',  ( 1.000000000000000000, 2.125886612716675327E-16, -0.000000000000000000 ) ) ;
#1275 = CARTESIAN_POINT ( 'NONE',  ( -2.411537648311765203, -0.5628153821615734520, 1.119999999999999885 ) ) ;
#1276 = DIRECTION ( 'NONE',  ( -1.000000000000000000, 2.125886612716674341E-16, 0.000000000000000000 ) ) ;
#1277 = PRODUCT_DEFINITION_SHAPE ( 'NONE', 'NONE',  #237 ) ;
#1278 = PLANE ( 'NONE',  #1551 ) ;
#1279 = COLOUR_RGB ( '',0.8039215686274510109, 0.8039215686274510109, 0.8039215686274510109 ) ;
#1280 = CARTESIAN_POINT ( 'NONE',  ( 2.887500000000000622, 0.000000000000000000, 0.9200000000000000400 ) ) ;
#1281 = CARTESIAN_POINT ( 'NONE',  ( -2.475000000000000533, 1.030425744730223636E-16, 1.119999999999999440 ) ) ;
#1282 = AXIS2_PLACEMENT_3D ( 'NONE', #1819, #1804, #468 ) ;
#1283 =( GEOMETRIC_REPRESENTATION_CONTEXT ( 3 ) GLOBAL_UNCERTAINTY_ASSIGNED_CONTEXT ( ( #1851 ) ) GLOBAL_UNIT_ASSIGNED_CONTEXT ( ( #1564, #628, #1696 ) ) REPRESENTATION_CONTEXT ( 'NONE', 'WORKASPACE' ) );
#1284 = CARTESIAN_POINT ( 'NONE',  ( -2.464049970329041273, 0.8084372240296082701, 0.9672100401293345362 ) ) ;
#1285 = ORIENTED_EDGE ( 'NONE', *, *, #894, .T. ) ;
#1286 = CARTESIAN_POINT ( 'NONE',  ( -2.468192417517817372, 0.2139426198594900908, 1.018776491919000105 ) ) ;
#1287 = UNCERTAINTY_MEASURE_WITH_UNIT (LENGTH_MEASURE( 1.000000000000000082E-05 ), #609, 'distance_accuracy_value', 'NONE');
#1288 = CARTESIAN_POINT ( 'NONE',  ( -2.474999999999999645, 0.9949874371066257384, 0.9200000000000005951 ) ) ;
#1289 = ORIENTED_EDGE ( 'NONE', *, *, #194, .T. ) ;
#1290 = CARTESIAN_POINT ( 'NONE',  ( 0.000000000000000000, 0.000000000000000000, 0.9200000000000000400 ) ) ;
#1291 = CARTESIAN_POINT ( 'NONE',  ( -2.374999999999998224, 0.9880507920658092580, 1.019999999999999796 ) ) ;
#1292 = CARTESIAN_POINT ( 'NONE',  ( -2.377680534474809537, -0.9885890956399354668, 1.020000000000000240 ) ) ;
#1293 = CARTESIAN_POINT ( 'NONE',  ( 2.672408873810513619, 0.7935789235315879875, 1.020000000000000240 ) ) ;
#1294 = CARTESIAN_POINT ( 'NONE',  ( -2.317414125489104748, -0.9641627461005475297, 1.043595549515579757 ) ) ;
#1295 = CARTESIAN_POINT ( 'NONE',  ( -2.447140994996825913, 0.6618326091252638710, 0.9946357495470318222 ) ) ;
#1296 = CARTESIAN_POINT ( 'NONE',  ( -2.439321547367990561, 0.4629758003411280631, 1.040318941321171753 ) ) ;
#1297 = CARTESIAN_POINT ( 'NONE',  ( -2.456713313310455060, -0.8073865798493132795, 0.9797264915151079334 ) ) ;
#1298 = ORIENTED_EDGE ( 'NONE', *, *, #633, .F. ) ;
#1299 = DIRECTION ( 'NONE',  ( 1.000000000000000000, 0.000000000000000000, 0.000000000000000000 ) ) ;
#1300 = LINE ( 'NONE', #1066, #1387 ) ;
#1301 = ORIENTED_EDGE ( 'NONE', *, *, #2076, .F. ) ;
#1302 = CARTESIAN_POINT ( 'NONE',  ( -2.439990577160337182, -1.032392205564454768, 0.9964333700584410147 ) ) ;
#1303 = LINE ( 'NONE', #1845, #805 ) ;
#1304 =( NAMED_UNIT ( * ) SI_UNIT ( $, .STERADIAN. ) SOLID_ANGLE_UNIT ( ) );
#1305 = UNCERTAINTY_MEASURE_WITH_UNIT (LENGTH_MEASURE( 1.000000000000000082E-05 ), #505, 'distance_accuracy_value', 'NONE');
#1306 =( LENGTH_UNIT ( ) NAMED_UNIT ( * ) SI_UNIT ( .MILLI., .METRE. ) );
#1307 = CARTESIAN_POINT ( 'NONE',  ( -1.525000000000000133, 0.2549999999999997824, -4.000000000000000000 ) ) ;
#1308 =( BOUNDED_SURFACE ( )  B_SPLINE_SURFACE ( 3, 3, ( 
 ( #956, #969, #777, #595 ),
 ( #616, #2100, #2116, #422 ),
 ( #1348, #1941, #233, #1175 ),
 ( #1932, #393, #23, #758 ) ),
 .UNSPECIFIED., .F., .F., .F. ) 
 B_SPLINE_SURFACE_WITH_KNOTS ( ( 4, 4 ),
 ( 4, 4 ),
 ( 0.000000000000000000, 1.000000000000000000 ),
 ( 0.000000000000000000, 1.000000000000000000 ),
 .UNSPECIFIED. ) 
 GEOMETRIC_REPRESENTATION_ITEM ( )  RATIONAL_B_SPLINE_SURFACE ( (
 ( 1.000000000000000000, 0.8047378541314079703, 0.8047378541314079703, 1.000000000000000000),
 ( 0.8025111867385940068, 0.6458111303324657326, 0.6458111303324657326, 0.8025111867385940068),
 ( 0.8025111867385940068, 0.6458111303324657326, 0.6458111303324657326, 0.8025111867385940068),
 ( 1.000000000000000000, 0.8047378541314079703, 0.8047378541314079703, 1.000000000000000000) ) ) 
 REPRESENTATION_ITEM ( '' )  SURFACE ( )  );
#1309 = DIRECTION ( 'NONE',  ( -1.000000000000000000, 2.125886612716674341E-16, -0.000000000000000000 ) ) ;
#1310 = COLOUR_RGB ( '',0.8039215686274510109, 0.8039215686274510109, 0.8039215686274510109 ) ;
#1311 = UNCERTAINTY_MEASURE_WITH_UNIT (LENGTH_MEASURE( 1.000000000000000082E-05 ), #572, 'distance_accuracy_value', 'NONE');
#1312 = CARTESIAN_POINT ( 'NONE',  ( -2.447140994996827690, -0.6618326091252639820, 0.9946357495470318222 ) ) ;
#1313 = SURFACE_STYLE_FILL_AREA ( #2445 ) ;
#1314 = CARTESIAN_POINT ( 'NONE',  ( -2.474999999999999645, 1.459291351992467956, 9.269999999999999574 ) ) ;
#1315 = COLOUR_RGB ( '',0.8039215686274510109, 0.8039215686274510109, 0.8039215686274510109 ) ;
#1316 = FILL_AREA_STYLE_COLOUR ( '', #1938 ) ;
#1317 = MECHANICAL_DESIGN_GEOMETRIC_PRESENTATION_REPRESENTATION (  '', ( #1667 ), #1907 ) ;
#1318 = VERTEX_POINT ( 'NONE', #831 ) ;
#1319 = SURFACE_SIDE_STYLE ('',( #2256 ) ) ;
#1320 = FILL_AREA_STYLE_COLOUR ( '', #441 ) ;
#1321 =( LENGTH_UNIT ( ) NAMED_UNIT ( * ) SI_UNIT ( .MILLI., .METRE. ) );
#1322 = ITEM_DEFINED_TRANSFORMATION ( 'NONE', 'NONE', #1875,  #520 ) ;
#1323 = PRESENTATION_LAYER_ASSIGNMENT (  '', '', ( #996 ) ) ;
#1324 = AXIS2_PLACEMENT_3D ( 'NONE', #1606, #873, #827 ) ;
#1325 = MECHANICAL_DESIGN_GEOMETRIC_PRESENTATION_REPRESENTATION (  '', ( #1396 ), #2430 ) ;
#1326 = SURFACE_STYLE_USAGE ( .BOTH. , #558 ) ;
#1327 = VECTOR ( 'NONE', #1274, 1000.000000000000000 ) ;
#1328 = CARTESIAN_POINT ( 'NONE',  ( -2.317414125489104304, 0.9641627461005473076, 1.043595549515579757 ) ) ;
#1329 = CARTESIAN_POINT ( 'NONE',  ( 2.787500000000000089, -3.474544683396395328, 6.776263578034401480E-17 ) ) ;
#1330 = CARTESIAN_POINT ( 'NONE',  ( -2.474506889838667512, -0.06426545826514404314, 1.002608860652684841 ) ) ;
#1331 = EDGE_LOOP ( 'NONE', ( #1710, #551, #1903 ) ) ;
#1332 = VECTOR ( 'NONE', #1489, 1000.000000000000000 ) ;
#1333 = CARTESIAN_POINT ( 'NONE',  ( -0.5560321045410752117, -4.419665745917646937, 5.421010862427521554E-17 ) ) ;
#1334 =( GEOMETRIC_REPRESENTATION_CONTEXT ( 3 ) GLOBAL_UNCERTAINTY_ASSIGNED_CONTEXT ( ( #867 ) ) GLOBAL_UNIT_ASSIGNED_CONTEXT ( ( #2047, #950, #1860 ) ) REPRESENTATION_CONTEXT ( 'NONE', 'WORKASPACE' ) );
#1335 = EDGE_LOOP ( 'NONE', ( #1689, #826 ) ) ;
#1336 = CARTESIAN_POINT ( 'NONE',  ( -1.015000000000000124, 0.2549999999999998934, -4.000000000000000000 ) ) ;
#1337 = FACE_OUTER_BOUND ( 'NONE', #1570, .T. ) ;
#1338 = EDGE_CURVE ( 'NONE', #797, #547, #1764, .T. ) ;
#1339 = CARTESIAN_POINT ( 'NONE',  ( -2.389632504223092813, 0.9976357403946116698, 1.018413388112878737 ) ) ;
#1340 = DIRECTION ( 'NONE',  ( 1.000000000000000000, 0.000000000000000000, 0.000000000000000000 ) ) ;
#1341 = ORIENTED_EDGE ( 'NONE', *, *, #1400, .F. ) ;
#1342 = ADVANCED_FACE ( 'NONE', ( #1106 ), #2170, .T. ) ;
#1343 = LINE ( 'NONE', #1729, #685 ) ;
#1344 =( NAMED_UNIT ( * ) PLANE_ANGLE_UNIT ( ) SI_UNIT ( $, .RADIAN. ) );
#1345 = EDGE_CURVE ( 'NONE', #1966, #2051, #549, .T. ) ;
#1346 = ORIENTED_EDGE ( 'NONE', *, *, #2104, .T. ) ;
#1347 = LINE ( 'NONE', #21, #999 ) ;
#1348 = CARTESIAN_POINT ( 'NONE',  ( -2.474999999999999645, -1.459291351992467067, 0.9790173355495104257 ) ) ;
#1349 = CARTESIAN_POINT ( 'NONE',  ( -2.474498286530117941, -6.517938042291941902E-17, 1.020778603172296517 ) ) ;
#1350 = FACE_OUTER_BOUND ( 'NONE', #1939, .T. ) ;
#1351 = FACE_OUTER_BOUND ( 'NONE', #899, .T. ) ;
#1352 = CARTESIAN_POINT ( 'NONE',  ( -2.410866317433971506, 1.003565163721368503, 1.011703524342819627 ) ) ;
#1353 = CARTESIAN_POINT ( 'NONE',  ( -1.994955372144892269, -1.949458698927771128, 1.020000000000000018 ) ) ;
#1354 = CARTESIAN_POINT ( 'NONE',  ( 2.575000000000002398, 0.000000000000000000, 1.019999999999999352 ) ) ;
#1355 = ORIENTED_EDGE ( 'NONE', *, *, #649, .T. ) ;
#1356 = DIRECTION ( 'NONE',  ( -0.000000000000000000, -0.000000000000000000, -1.000000000000000000 ) ) ;
#1357 = CARTESIAN_POINT ( 'NONE',  ( -2.474999999999999645, 0.000000000000000000, 0.9200000000000007061 ) ) ;
#1358 = SURFACE_SIDE_STYLE ('',( #2291 ) ) ;
#1359 = AXIS2_PLACEMENT_3D ( 'NONE', #1591, #1222, #58 ) ;
#1360 = CARTESIAN_POINT ( 'NONE',  ( -2.474999999999999201, -4.949999999999998401, 6.795000000000002593 ) ) ;
#1361 = CARTESIAN_POINT ( 'NONE',  ( -2.474999999999999645, 1.459291351992467956, 0.09999999999999999167 ) ) ;
#1362 = CARTESIAN_POINT ( 'NONE',  ( 2.035039176186439036, -1.930151265987197773, 1.020000000000000018 ) ) ;
#1363 =( GEOMETRIC_REPRESENTATION_CONTEXT ( 3 ) GLOBAL_UNCERTAINTY_ASSIGNED_CONTEXT ( ( #1287 ) ) GLOBAL_UNIT_ASSIGNED_CONTEXT ( ( #609, #1934, #739 ) ) REPRESENTATION_CONTEXT ( 'NONE', 'WORKASPACE' ) );
#1364 = FILL_AREA_STYLE_COLOUR ( '', #1833 ) ;
#1365 = COLOUR_RGB ( '',0.2862745098039215508, 0.2862745098039215508, 0.2862745098039215508 ) ;
#1366 = VECTOR ( 'NONE', #753, 1000.000000000000000 ) ;
#1367 = ORIENTED_EDGE ( 'NONE', *, *, #1264, .T. ) ;
#1368 = CARTESIAN_POINT ( 'NONE',  ( -2.397496885406917855, 0.6450200789347474428, 1.064694550310651300 ) ) ;
#1369 = CARTESIAN_POINT ( 'NONE',  ( 2.474999999999999645, 0.000000000000000000, 6.794999999999999929 ) ) ;
#1370 = CARTESIAN_POINT ( 'NONE',  ( -2.474999999999999645, 1.459291351992467956, 0.1000000000000000611 ) ) ;
#1371 = CARTESIAN_POINT ( 'NONE',  ( 2.787500000000001421, -0.2954151414669166087, 1.019999999999999796 ) ) ;
#1372 = DIRECTION ( 'NONE',  ( 0.000000000000000000, 0.000000000000000000, 1.000000000000000000 ) ) ;
#1373 = ORIENTED_EDGE ( 'NONE', *, *, #1264, .F. ) ;
#1374 = CARTESIAN_POINT ( 'NONE',  ( -0.3627229176323891746, 2.549384750322984949, 1.020000000000000018 ) ) ;
#1375 = FILL_AREA_STYLE_COLOUR ( '', #355 ) ;
#1376 = DIRECTION ( 'NONE',  ( 0.5235125926430377330, 0.8520179372197306256, -0.000000000000000000 ) ) ;
#1377 = FACE_OUTER_BOUND ( 'NONE', #2214, .T. ) ;
#1378 = SURFACE_STYLE_FILL_AREA ( #1021 ) ;
#1379 = FACE_OUTER_BOUND ( 'NONE', #1698, .T. ) ;
#1380 = VERTEX_POINT ( 'NONE', #2421 ) ;
#1381 = CARTESIAN_POINT ( 'NONE',  ( -0.6073826385611392764, 2.504564951155960006, 1.019999999999999796 ) ) ;
#1382 = DIRECTION ( 'NONE',  ( 1.000000000000000000, 0.000000000000000000, -0.000000000000000000 ) ) ;
#1383 = PRODUCT_RELATED_PRODUCT_CATEGORY ( 'part', '', ( #1475 ) ) ;
#1384 = CARTESIAN_POINT ( 'NONE',  ( -2.284089149490244441, 0.9562978648090930678, 1.099580399440877931 ) ) ;
#1385 = PRESENTATION_LAYER_ASSIGNMENT (  '', '', ( #596 ) ) ;
#1386 = CARTESIAN_POINT ( 'NONE',  ( -2.440019704259486666, -0.9886469292187580749, 0.9964016519778818859 ) ) ;
#1387 = VECTOR ( 'NONE', #891, 1000.000000000000000 ) ;
#1388 = CARTESIAN_POINT ( 'NONE',  ( 2.887500000000000622, -4.336808689942017736E-16, 0.1000000000000000333 ) ) ;
#1389 = CARTESIAN_POINT ( 'NONE',  ( -2.474498286530117941, -6.517938042291941902E-17, 1.020778603172296517 ) ) ;
#1390 = CARTESIAN_POINT ( 'NONE',  ( -2.374057536156684911, 1.459291351992467956, 4.441289105038513652E-06 ) ) ;
#1391 = EDGE_CURVE ( 'NONE', #179, #730, #1300, .T. ) ;
#1392 = FILL_AREA_STYLE_COLOUR ( '', #603 ) ;
#1393 = AXIS2_PLACEMENT_3D ( 'NONE', #1708, #2387, #1209 ) ;
#1394 = SURFACE_STYLE_FILL_AREA ( #984 ) ;
#1395 = EDGE_CURVE ( 'NONE', #472, #309, #1975, .T. ) ;
#1396 = STYLED_ITEM ( 'NONE', ( #2245 ), #2046 ) ;
#1397 = ORIENTED_EDGE ( 'NONE', *, *, #2383, .T. ) ;
#1398 =( LENGTH_UNIT ( ) NAMED_UNIT ( * ) SI_UNIT ( .MILLI., .METRE. ) );
#1399 = VECTOR ( 'NONE', #552, 1000.000000000000000 ) ;
#1400 = EDGE_CURVE ( 'NONE', #217, #1165, #732, .T. ) ;
#1401 = CARTESIAN_POINT ( 'NONE',  ( -2.457092625838081190, 0.9907771441552021274, 0.9793287303991120574 ) ) ;
#1402 = CARTESIAN_POINT ( 'NONE',  ( -2.361179271911703736, -0.8283809978533920315, 1.051761387758606503 ) ) ;
#1403 = CARTESIAN_POINT ( 'NONE',  ( -2.475000000000000533, 0.08071405111035681590, 1.119999999999999440 ) ) ;
#1404 = DIRECTION ( 'NONE',  ( 0.000000000000000000, 0.000000000000000000, 1.000000000000000000 ) ) ;
#1405 = LINE ( 'NONE', #1736, #34 ) ;
#1406 = SURFACE_SIDE_STYLE ('',( #1771 ) ) ;
#1407 = DIRECTION ( 'NONE',  ( 1.000000000000000000, 0.000000000000000000, 0.000000000000000000 ) ) ;
#1408 = EDGE_LOOP ( 'NONE', ( #1346, #1289, #1488, #1895, #1930 ) ) ;
#1409 = CARTESIAN_POINT ( 'NONE',  ( -0.05959333914607235078, 2.590415447558035211, 1.020000000000000240 ) ) ;
#1410 = CARTESIAN_POINT ( 'NONE',  ( -2.462508950723086620, 0.3288889025949606748, 1.007888630312149036 ) ) ;
#1411 = EDGE_CURVE ( 'NONE', #1908, #1864, #3, .T. ) ;
#1412 = CARTESIAN_POINT ( 'NONE',  ( -2.360276178235701128, -0.8139592220479052731, 1.059079432661253595 ) ) ;
#1413 = CARTESIAN_POINT ( 'NONE',  ( 1.736377484946594496, -1.912526262800120724, 1.020000000000000018 ) ) ;
#1414 = CARTESIAN_POINT ( 'NONE',  ( -2.460201793721974894, -1.511642611256768909, 0.9200000000000000400 ) ) ;
#1415 =( LENGTH_UNIT ( ) NAMED_UNIT ( * ) SI_UNIT ( .MILLI., .METRE. ) );
#1416 = FILL_AREA_STYLE ('',( #1974 ) ) ;
#1417 = EDGE_LOOP ( 'NONE', ( #1000, #888, #580 ) ) ;
#1418 = CARTESIAN_POINT ( 'NONE',  ( -1.967203150685240098, 1.661945074264834066, 1.020000000000000018 ) ) ;
#1419 = CARTESIAN_POINT ( 'NONE',  ( -2.474498286530118385, -6.517938042291940669E-17, 1.020778603172296295 ) ) ;
#1420 = SURFACE_STYLE_USAGE ( .BOTH. , #298 ) ;
#1421 = CARTESIAN_POINT ( 'NONE',  ( 2.575000000000000622, 0.000000000000000000, 1.019999999999999574 ) ) ;
#1422 = EDGE_CURVE ( 'NONE', #1750, #877, #349, .T. ) ;
#1423 = STYLED_ITEM ( 'NONE', ( #35 ), #1129 ) ;
#1424 = CARTESIAN_POINT ( 'NONE',  ( -0.5560321045410714369, 4.419665745917647826, 1.020000000000000018 ) ) ;
#1425 = AXIS2_PLACEMENT_3D ( 'NONE', #1532, #1609, #465 ) ;
#1426 = CARTESIAN_POINT ( 'NONE',  ( 1.525000000000000133, -0.2550000000000000044, -4.000000000000000000 ) ) ;
#1427 =( NAMED_UNIT ( * ) SI_UNIT ( $, .STERADIAN. ) SOLID_ANGLE_UNIT ( ) );
#1428 =( NAMED_UNIT ( * ) PLANE_ANGLE_UNIT ( ) SI_UNIT ( $, .RADIAN. ) );
#1429 = CARTESIAN_POINT ( 'NONE',  ( -2.418464084805250547, 1.017889816532454361, 1.008782855128023348 ) ) ;
#1430 = VERTEX_POINT ( 'NONE', #1866 ) ;
#1431 = CARTESIAN_POINT ( 'NONE',  ( -2.474541648533413074, 0.06335472942382307238, 1.038898910192818992 ) ) ;
#1432 = CARTESIAN_POINT ( 'NONE',  ( -2.343450923247631490, -0.8004272229686471007, 1.119999999999999885 ) ) ;
#1433 = CARTESIAN_POINT ( 'NONE',  ( -2.464414956308326854, 0.9921847532157989091, 0.9661477516782482899 ) ) ;
#1434 = CARTESIAN_POINT ( 'NONE',  ( -2.474999999999999645, 1.459291351992467956, 0.9199999999999999289 ) ) ;
#1435 = COLOUR_RGB ( '',0.2862745098039215508, 0.2862745098039215508, 0.2862745098039215508 ) ;
#1436 = CARTESIAN_POINT ( 'NONE',  ( -2.448186333163166140, -0.4684508589753840768, 1.015191848522103202 ) ) ;
#1437 = CARTESIAN_POINT ( 'NONE',  ( -0.2734257353865118811, -2.560701818934915330, 1.020000000000000240 ) ) ;
#1438 = CARTESIAN_POINT ( 'NONE',  ( -0.03668469725637459045, 2.787507310873519550, 1.020000000000000240 ) ) ;
#1439 = EDGE_CURVE ( 'NONE', #1538, #1750, #68, .T. ) ;
#1440 = MECHANICAL_DESIGN_GEOMETRIC_PRESENTATION_REPRESENTATION (  '', ( #241 ), #413 ) ;
#1441 = CARTESIAN_POINT ( 'NONE',  ( 1.014999999999999902, 0.2549999999999996714, -21.55000000000000071 ) ) ;
#1442 = CARTESIAN_POINT ( 'NONE',  ( -0.5677169858227003596, -4.512543961264830372, 1.020000000000000018 ) ) ;
#1443 = COLOUR_RGB ( '',0.2862745098039215508, 0.2862745098039215508, 0.2862745098039215508 ) ;
#1444 = EDGE_CURVE ( 'NONE', #1579, #1908, #634, .T. ) ;
#1445 =( NAMED_UNIT ( * ) PLANE_ANGLE_UNIT ( ) SI_UNIT ( $, .RADIAN. ) );
#1446 = FILL_AREA_STYLE_COLOUR ( '', #2108 ) ;
#1447 = ORIENTED_EDGE ( 'NONE', *, *, #1422, .T. ) ;
#1448 = CARTESIAN_POINT ( 'NONE',  ( -2.357748107971528118, 0.8045824465054302044, 1.062253104336227549 ) ) ;
#1449 = CARTESIAN_POINT ( 'NONE',  ( -2.374057536156685799, -1.559286910703362672, 0.1000000000000001582 ) ) ;
#1450 = SURFACE_STYLE_FILL_AREA ( #2008 ) ;
#1451 = CARTESIAN_POINT ( 'NONE',  ( -2.374999999999998668, -0.9969358483333412568, 1.020000000000000018 ) ) ;
#1452 = EDGE_CURVE ( 'NONE', #1538, #2078, #2297, .T. ) ;
#1453 = CARTESIAN_POINT ( 'NONE',  ( -1.366600184131884221, 2.438449934516965012, 1.020000000000000018 ) ) ;
#1454 = SURFACE_STYLE_FILL_AREA ( #696 ) ;
#1455 = CARTESIAN_POINT ( 'NONE',  ( -2.474494356134036899, 0.08215921923462732313, 1.016675046651487557 ) ) ;
#1456 = B_SPLINE_CURVE_WITH_KNOTS ( 'NONE', 3,
 ( #2401, #173, #1653, #2424, #183, #131, #1294, #1110 ),
 .UNSPECIFIED., .F., .F.,
 ( 4, 2, 2, 4 ),
 ( 0.000000000000000000, 0.5000000000000000000, 0.7500000000000000000, 1.000000000000000000 ),
 .UNSPECIFIED. ) ;
#1457 = CARTESIAN_POINT ( 'NONE',  ( -2.467906396596466045, 0.2133660655672709738, 1.027181143988133094 ) ) ;
#1458 = CARTESIAN_POINT ( 'NONE',  ( 1.525000000000000133, 0.2549999999999996159, 0.000000000000000000 ) ) ;
#1459 = ORIENTED_EDGE ( 'NONE', *, *, #1869, .F. ) ;
#1460 = CARTESIAN_POINT ( 'NONE',  ( -2.397496885406917855, 0.6450200789347474428, 1.064694550310651300 ) ) ;
#1461 = PRESENTATION_STYLE_ASSIGNMENT (( #2215 ) ) ;
#1462 = CARTESIAN_POINT ( 'NONE',  ( -2.282766990291259734, -0.9563471482869505547, 1.111005694937747590 ) ) ;
#1463 = CARTESIAN_POINT ( 'NONE',  ( -2.440000286193387158, -1.017810446782555944, 0.9964227973649213421 ) ) ;
#1464 = CARTESIAN_POINT ( 'NONE',  ( 2.692424721843468927, 0.7229161267962838089, 1.020000000000000018 ) ) ;
#1465 = FILL_AREA_STYLE_COLOUR ( '', #1554 ) ;
#1466 = MECHANICAL_DESIGN_GEOMETRIC_PRESENTATION_REPRESENTATION (  '', ( #1815 ), #471 ) ;
#1467 = AXIS2_PLACEMENT_3D ( 'NONE', #2077, #582, #966 ) ;
#1468 = PRESENTATION_STYLE_ASSIGNMENT (( #2210 ) ) ;
#1469 = CARTESIAN_POINT ( 'NONE',  ( -2.474999999999999645, 1.459291351992467956, 0.9200000000000004841 ) ) ;
#1470 = ADVANCED_FACE ( 'NONE', ( #2270 ), #191, .F. ) ;
#1471 = ORIENTED_EDGE ( 'NONE', *, *, #1257, .F. ) ;
#1472 = CARTESIAN_POINT ( 'NONE',  ( -2.474514008114441221, -1.096927179864453628E-17, 1.037192829255531024 ) ) ;
#1473 =( NAMED_UNIT ( * ) PLANE_ANGLE_UNIT ( ) SI_UNIT ( $, .RADIAN. ) );
#1474 =( LENGTH_UNIT ( ) NAMED_UNIT ( * ) SI_UNIT ( .MILLI., .METRE. ) );
#1475 = PRODUCT ( 'Body', 'Body', '', ( #1889 ) ) ;
#1476 = CARTESIAN_POINT ( 'NONE',  ( -2.418465600703514795, -1.017223248926239387, 1.008781164591482149 ) ) ;
#1477 = APPLICATION_PROTOCOL_DEFINITION ( 'draft international standard', 'automotive_design', 1998, #1204 ) ;
#1478 = STYLED_ITEM ( 'NONE', ( #1614 ), #1968 ) ;
#1479 = UNCERTAINTY_MEASURE_WITH_UNIT (LENGTH_MEASURE( 1.000000000000000082E-05 ), #59, 'distance_accuracy_value', 'NONE');
#1480 = CARTESIAN_POINT ( 'NONE',  ( -1.014999999999999902, -0.2550000000000001155, -20.54999999999999716 ) ) ;
#1481 = PRESENTATION_LAYER_ASSIGNMENT (  '', '', ( #2146 ) ) ;
#1482 = PRESENTATION_LAYER_ASSIGNMENT (  '', '', ( #208 ) ) ;
#1483 =( NAMED_UNIT ( * ) SI_UNIT ( $, .STERADIAN. ) SOLID_ANGLE_UNIT ( ) );
#1484 = CARTESIAN_POINT ( 'NONE',  ( -2.442677547463924626, 0.4284175181452237191, 1.045376485332689676 ) ) ;
#1485 = UNCERTAINTY_MEASURE_WITH_UNIT (LENGTH_MEASURE( 1.000000000000000082E-05 ), #2260, 'distance_accuracy_value', 'NONE');
#1486 = CARTESIAN_POINT ( 'NONE',  ( -2.476351040587965180, -0.2939544076582079057, 0.9490689937735585779 ) ) ;
#1487 = ADVANCED_FACE ( 'N', ( #201 ), #587, .F. ) ;
#1488 = ORIENTED_EDGE ( 'NONE', *, *, #851, .T. ) ;
#1489 = DIRECTION ( 'NONE',  ( -0.000000000000000000, -0.000000000000000000, -1.000000000000000000 ) ) ;
#1490 = SURFACE_SIDE_STYLE ('',( #2446 ) ) ;
#1491 = FACE_OUTER_BOUND ( 'NONE', #2013, .T. ) ;
#1492 = CARTESIAN_POINT ( 'NONE',  ( 1.679096791477725503, 2.225455495882168400, 1.020000000000000018 ) ) ;
#1493 = SURFACE_STYLE_FILL_AREA ( #1693 ) ;
#1494 = CARTESIAN_POINT ( 'NONE',  ( -2.458934217405737588, 0.2876952243944521648, 1.094866263280624086 ) ) ;
#1495 = CARTESIAN_POINT ( 'NONE',  ( -2.474999999999999645, 0.08291561975888546432, 0.9200000000000007061 ) ) ;
#1496 = PLANE ( 'NONE',  #1073 ) ;
#1497 = CARTESIAN_POINT ( 'NONE',  ( -2.473368643389285637, -0.9942898996915102705, 0.9409800772874016284 ) ) ;
#1498 = ORIENTED_EDGE ( 'NONE', *, *, #748, .F. ) ;
#1499 = B_SPLINE_SURFACE_WITH_KNOTS ( 'NONE', 3, 3, ( 
 ( #635, #2055, #1124, #2236, #305, #1666 ),
 ( #1455, #2020, #1645, #1694, #333, #1495 ),
 ( #1098, #543, #2452, #1681, #749, #531 ),
 ( #1508, #1112, #2208, #518, #2426, #145 ),
 ( #2265, #1859, #2402, #317, #2414, #559 ),
 ( #1295, #1072, #120, #697, #1089, #133 ),
 ( #2441, #1837, #1284, #1848, #895, #2045 ),
 ( #1655, #155, #922, #793, #1726, #1565 ) ),
 .UNSPECIFIED., .F., .F., .F.,
 ( 4, 2, 2, 4 ),
 ( 4, 2, 4 ),
 ( 0.000000000000000000, 0.2500000000000000000, 0.5000000000000000000, 1.000000000000000000 ),
 ( 0.000000000000000000, 0.5000000000000000000, 1.000000000000000000 ),
 .UNSPECIFIED. ) ;
#1500 =( NAMED_UNIT ( * ) PLANE_ANGLE_UNIT ( ) SI_UNIT ( $, .RADIAN. ) );
#1501 = CARTESIAN_POINT ( 'NONE',  ( -2.433072250575702089, -1.459291351992466401, -0.0005517757597365072209 ) ) ;
#1502 = ORIENTED_EDGE ( 'NONE', *, *, #2117, .F. ) ;
#1503 = FILL_AREA_STYLE ('',( #744 ) ) ;
#1504 = CARTESIAN_POINT ( 'NONE',  ( -2.389667230145033017, -0.9864714149338568161, 1.018368643389162775 ) ) ;
#1505 = CARTESIAN_POINT ( 'NONE',  ( 2.787500000000000533, -8.673617379884035472E-16, 1.019999999999999796 ) ) ;
#1506 = CYLINDRICAL_SURFACE ( 'NONE', #2389, 2.887500000000000622 ) ;
#1507 = LINE ( 'NONE', #1480, #207 ) ;
#1508 = CARTESIAN_POINT ( 'NONE',  ( -2.462508950723086176, 0.3288889025949606748, 1.007888630312149036 ) ) ;
#1509 = CARTESIAN_POINT ( 'NONE',  ( -2.391550246295386373, 0.7704015216995898641, 1.035751083273528605 ) ) ;
#1510 = UNCERTAINTY_MEASURE_WITH_UNIT (LENGTH_MEASURE( 1.000000000000000082E-05 ), #1900, 'distance_accuracy_value', 'NONE');
#1511 = CARTESIAN_POINT ( 'NONE',  ( -2.460201793721973118, -1.511642611256770907, 0.1000000000000000472 ) ) ;
#1512 = EDGE_CURVE ( 'NONE', #786, #1966, #762, .T. ) ;
#1513 = VERTEX_POINT ( 'NONE', #576 ) ;
#1514 = VECTOR ( 'NONE', #1812, 1000.000000000000000 ) ;
#1515 = CARTESIAN_POINT ( 'NONE',  ( 0.000000000000000000, 0.000000000000000000, 0.000000000000000000 ) ) ;
#1516 = ORIENTED_EDGE ( 'NONE', *, *, #1806, .T. ) ;
#1517 = DIRECTION ( 'NONE',  ( 1.000000000000000000, -2.125886612716674341E-16, 0.000000000000000000 ) ) ;
#1518 = FILL_AREA_STYLE ('',( #1540 ) ) ;
#1519 =( LENGTH_UNIT ( ) NAMED_UNIT ( * ) SI_UNIT ( .MILLI., .METRE. ) );
#1520 = CARTESIAN_POINT ( 'NONE',  ( 2.575000000000001066, -3.680337043487995174, 1.019999999999999130 ) ) ;
#1521 =( GEOMETRIC_REPRESENTATION_CONTEXT ( 3 ) GLOBAL_UNCERTAINTY_ASSIGNED_CONTEXT ( ( #1182 ) ) GLOBAL_UNIT_ASSIGNED_CONTEXT ( ( #1786, #1213, #663 ) ) REPRESENTATION_CONTEXT ( 'NONE', 'WORKASPACE' ) );
#1522 = CIRCLE ( 'NONE', #408, 0.1000000000000000888 ) ;
#1523 =( NAMED_UNIT ( * ) SI_UNIT ( $, .STERADIAN. ) SOLID_ANGLE_UNIT ( ) );
#1524 = COLOUR_RGB ( '',0.8039215686274510109, 0.8039215686274510109, 0.8039215686274510109 ) ;
#1525 = B_SPLINE_CURVE_WITH_KNOTS ( 'NONE', 3,
 ( #1357, #1723, #1931, #1887, #370, #607 ),
 .UNSPECIFIED., .F., .F.,
 ( 4, 2, 4 ),
 ( 0.000000000000000000, 0.5000000000000000000, 1.000000000000000000 ),
 .UNSPECIFIED. ) ;
#1526 = CARTESIAN_POINT ( 'NONE',  ( -2.374999999999998668, 0.9969783059215748811, 1.020000000000000018 ) ) ;
#1527 = CARTESIAN_POINT ( 'NONE',  ( -2.375000000000000444, 1.459291351992467956, 1.020000000000000240 ) ) ;
#1528 = VERTEX_POINT ( 'NONE', #13 ) ;
#1529 = FACE_OUTER_BOUND ( 'NONE', #806, .T. ) ;
#1530 =( GEOMETRIC_REPRESENTATION_CONTEXT ( 3 ) GLOBAL_UNCERTAINTY_ASSIGNED_CONTEXT ( ( #2209 ) ) GLOBAL_UNIT_ASSIGNED_CONTEXT ( ( #1023, #1210, #839 ) ) REPRESENTATION_CONTEXT ( 'NONE', 'WORKASPACE' ) );
#1531 = EDGE_LOOP ( 'NONE', ( #816, #1607, #1230, #2409 ) ) ;
#1532 = CARTESIAN_POINT ( 'NONE',  ( 1.525000000000000133, 0.2549999999999995604, -4.000000000000000000 ) ) ;
#1533 =( LENGTH_UNIT ( ) NAMED_UNIT ( * ) SI_UNIT ( .MILLI., .METRE. ) );
#1534 = CARTESIAN_POINT ( 'NONE',  ( -2.474999999999999645, 2.037823558765776823E-15, 6.795000000000000817 ) ) ;
#1535 = DIRECTION ( 'NONE',  ( 0.000000000000000000, 0.000000000000000000, -1.000000000000000000 ) ) ;
#1536 = CARTESIAN_POINT ( 'NONE',  ( -0.9998195906545402911, 4.199912466399002398, 1.061421356237308045 ) ) ;
#1537 = DIRECTION ( 'NONE',  ( 0.000000000000000000, -1.000000000000000000, -0.000000000000000000 ) ) ;
#1538 = VERTEX_POINT ( 'NONE', #2451 ) ;
#1539 = DIRECTION ( 'NONE',  ( -0.000000000000000000, -0.000000000000000000, -1.000000000000000000 ) ) ;
#1540 = FILL_AREA_STYLE_COLOUR ( '', #1315 ) ;
#1541 = APPLICATION_CONTEXT ( 'automotive_design' ) ;
#1542 = FILL_AREA_STYLE ('',( #2261 ) ) ;
#1543 = PRESENTATION_STYLE_ASSIGNMENT (( #1145 ) ) ;
#1544 = CARTESIAN_POINT ( 'NONE',  ( -2.389644079530406362, 0.9939142985743604219, 1.018398473204973564 ) ) ;
#1545 = DIRECTION ( 'NONE',  ( 0.000000000000000000, 1.000000000000000000, 0.000000000000000000 ) ) ;
#1546 = COLOUR_RGB ( '',0.2862745098039215508, 0.2862745098039215508, 0.2862745098039215508 ) ;
#1547 = EDGE_LOOP ( 'NONE', ( #1471, #1367, #756, #256 ) ) ;
#1548 = CARTESIAN_POINT ( 'NONE',  ( -2.389767552375295701, 0.9947937654154433984, 1.017729543249950908 ) ) ;
#1549 = DIRECTION ( 'NONE',  ( -0.8520179372197308476, -0.5235125926430372889, 0.000000000000000000 ) ) ;
#1550 = CARTESIAN_POINT ( 'NONE',  ( 2.474999999999999645, -7.589415207398531038E-16, 1.119999999999999218 ) ) ;
#1551 = AXIS2_PLACEMENT_3D ( 'NONE', #943, #2088, #1517 ) ;
#1552 = CARTESIAN_POINT ( 'NONE',  ( 2.474999999999999645, 1.734723475976806897E-15, 6.794999999999999929 ) ) ;
#1553 = COLOUR_RGB ( '',0.8039215686274510109, 0.8039215686274510109, 0.8039215686274510109 ) ;
#1554 = COLOUR_RGB ( '',0.2862745098039215508, 0.2862745098039215508, 0.2862745098039215508 ) ;
#1555 = CARTESIAN_POINT ( 'NONE',  ( -1.835451296721663184, -2.098273282445471732, 1.020000000000000240 ) ) ;
#1556 =( GEOMETRIC_REPRESENTATION_CONTEXT ( 3 ) GLOBAL_UNCERTAINTY_ASSIGNED_CONTEXT ( ( #187 ) ) GLOBAL_UNIT_ASSIGNED_CONTEXT ( ( #2377, #2393, #510 ) ) REPRESENTATION_CONTEXT ( 'NONE', 'WORKASPACE' ) );
#1557 =( NAMED_UNIT ( * ) PLANE_ANGLE_UNIT ( ) SI_UNIT ( $, .RADIAN. ) );
#1558 =( GEOMETRIC_REPRESENTATION_CONTEXT ( 3 ) GLOBAL_UNCERTAINTY_ASSIGNED_CONTEXT ( ( #792 ) ) GLOBAL_UNIT_ASSIGNED_CONTEXT ( ( #1533, #1915, #1933 ) ) REPRESENTATION_CONTEXT ( 'NONE', 'WORKASPACE' ) );
#1559 = ADVANCED_FACE ( 'NONE', ( #2347 ), #46, .T. ) ;
#1560 = VECTOR ( 'NONE', #255, 1000.000000000000000 ) ;
#1561 = ORIENTED_EDGE ( 'NONE', *, *, #1062, .F. ) ;
#1562 = CARTESIAN_POINT ( 'NONE',  ( -2.401800727613787600, 0.9928655341575206572, 1.014875905918634080 ) ) ;
#1563 =( NAMED_UNIT ( * ) SI_UNIT ( $, .STERADIAN. ) SOLID_ANGLE_UNIT ( ) );
#1564 =( LENGTH_UNIT ( ) NAMED_UNIT ( * ) SI_UNIT ( .MILLI., .METRE. ) );
#1565 = CARTESIAN_POINT ( 'NONE',  ( -2.474999999999999645, 0.9949874371066257384, 0.9200000000000003730 ) ) ;
#1566 = ORIENTED_EDGE ( 'NONE', *, *, #1452, .T. ) ;
#1567 = CARTESIAN_POINT ( 'NONE',  ( -2.433072250575701645, 1.459291351992467733, -0.0005517757597371058089 ) ) ;
#1568 = CARTESIAN_POINT ( 'NONE',  ( 2.787500000000000977, 0.000000000000000000, 1.020000000000000018 ) ) ;
#1569 = PRODUCT_RELATED_PRODUCT_CATEGORY ( 'part', '', ( #699 ) ) ;
#1570 = EDGE_LOOP ( 'NONE', ( #2418, #1561, #2062, #1012 ) ) ;
#1571 = CARTESIAN_POINT ( 'NONE',  ( 2.407797009068035177, 0.9130110956797404809, 1.020000000000000240 ) ) ;
#1572 = CARTESIAN_POINT ( 'NONE',  ( -2.471196169812316157, -0.1350593505175774478, 1.091362602755264311 ) ) ;
#1573 = CARTESIAN_POINT ( 'NONE',  ( -2.337255407337479607, 0.9705858451139537380, 1.030076169357231120 ) ) ;
#1574 = B_SPLINE_CURVE_WITH_KNOTS ( 'NONE', 3,
 ( #1389, #1020, #1768, #2353, #1219, #1971, #2222, #315 ),
 .UNSPECIFIED., .F., .F.,
 ( 4, 2, 2, 4 ),
 ( 0.000000000000000000, 0.2500000000000000000, 0.5000000000000000000, 1.000000000000000000 ),
 .UNSPECIFIED. ) ;
#1575 = CARTESIAN_POINT ( 'NONE',  ( -2.323857157962748055, -0.9660938586495046998, 1.038509811532005500 ) ) ;
#1576 = CARTESIAN_POINT ( 'NONE',  ( -2.375000000000001332, -1.459291351992466623, 6.776263578034402713E-17 ) ) ;
#1577 = FILL_AREA_STYLE ('',( #824 ) ) ;
#1578 = EDGE_CURVE ( 'NONE', #60, #1538, #1056, .T. ) ;
#1579 = VERTEX_POINT ( 'NONE', #502 ) ;
#1580 = FILL_AREA_STYLE_COLOUR ( '', #802 ) ;
#1581 = PLANE ( 'NONE',  #778 ) ;
#1582 = ORIENTED_EDGE ( 'NONE', *, *, #542, .F. ) ;
#1583 = LINE ( 'NONE', #2014, #1327 ) ;
#1584 = APPLICATION_CONTEXT ( 'automotive_design' ) ;
#1585 = DIRECTION ( 'NONE',  ( -1.000000000000000000, 0.000000000000000000, 0.000000000000000000 ) ) ;
#1586 = CARTESIAN_POINT ( 'NONE',  ( -2.434539421327293507, -0.5527118596464001277, 1.022821806149924795 ) ) ;
#1587 =( BOUNDED_SURFACE ( )  B_SPLINE_SURFACE ( 3, 3, ( 
 ( #220, #617, #1520, #761 ),
 ( #395, #1157, #423, #990 ),
 ( #210, #1176, #980, #1187 ),
 ( #1734, #31, #799, #1550 ) ),
 .UNSPECIFIED., .F., .F., .F. ) 
 B_SPLINE_SURFACE_WITH_KNOTS ( ( 4, 4 ),
 ( 4, 4 ),
 ( 0.000000000000000000, 1.000000000000000000 ),
 ( 0.000000000000000000, 1.000000000000000000 ),
 .UNSPECIFIED. ) 
 GEOMETRIC_REPRESENTATION_ITEM ( )  RATIONAL_B_SPLINE_SURFACE ( (
 ( 1.000000000000000000, 0.4581894443818983476, 0.4581894443818983476, 1.000000000000000000),
 ( 0.8047378541243604966, 0.3687223902543219078, 0.3687223902543219078, 0.8047378541243604966),
 ( 0.8047378541243604966, 0.3687223902543219078, 0.3687223902543219078, 0.8047378541243604966),
 ( 1.000000000000000000, 0.4581894443818983476, 0.4581894443818983476, 1.000000000000000000) ) ) 
 REPRESENTATION_ITEM ( '' )  SURFACE ( )  );
#1588 = SURFACE_STYLE_FILL_AREA ( #1615 ) ;
#1589 = CARTESIAN_POINT ( 'NONE',  ( -2.374057536156684911, 1.559286910703362672, 0.1000000000000002554 ) ) ;
#1590 = AXIS2_PLACEMENT_3D ( 'NONE', #2213, #228, #1535 ) ;
#1591 = CARTESIAN_POINT ( 'NONE',  ( -2.375000000000000000, 0.000000000000000000, 0.9200000000000007061 ) ) ;
#1592 = VECTOR ( 'NONE', #1651, 1000.000000000000000 ) ;
#1593 = AXIS2_PLACEMENT_3D ( 'NONE', #1258, #254, #94 ) ;
#1594 = DIRECTION ( 'NONE',  ( -4.251773225433354598E-16, -1.000000000000000000, 0.000000000000000000 ) ) ;
#1595 = ADVANCED_FACE ( 'NONE', ( #2188 ), #1872, .T. ) ;
#1596 = MECHANICAL_DESIGN_GEOMETRIC_PRESENTATION_REPRESENTATION (  '', ( #768 ), #1163 ) ;
#1597 = EDGE_LOOP ( 'NONE', ( #1103, #1373, #2097, #954, #8 ) ) ;
#1598 = STYLED_ITEM ( 'NONE', ( #1858 ), #296 ) ;
#1599 = AXIS2_PLACEMENT_3D ( 'NONE', #2155, #1612, #290 ) ;
#1600 = SURFACE_STYLE_USAGE ( .BOTH. , #258 ) ;
#1601 =( NAMED_UNIT ( * ) PLANE_ANGLE_UNIT ( ) SI_UNIT ( $, .RADIAN. ) );
#1602 = CARTESIAN_POINT ( 'NONE',  ( -1.532841392240259504, -2.079221186493757312, 1.020000000000000240 ) ) ;
#1603 = CARTESIAN_POINT ( 'NONE',  ( -2.471083653470335761, -0.1636801550512507197, 1.030749608330176592 ) ) ;
#1604 = CARTESIAN_POINT ( 'NONE',  ( -1.525000000000000133, -0.2550000000000002265, 0.000000000000000000 ) ) ;
#1605 =( NAMED_UNIT ( * ) PLANE_ANGLE_UNIT ( ) SI_UNIT ( $, .RADIAN. ) );
#1606 = CARTESIAN_POINT ( 'NONE',  ( -2.375000000000000000, 1.459291351992467956, 0.1000000000000000056 ) ) ;
#1607 = ORIENTED_EDGE ( 'NONE', *, *, #2324, .T. ) ;
#1608 = CARTESIAN_POINT ( 'NONE',  ( 1.082723383139601925, 2.338391172554802555, 1.019999999999999796 ) ) ;
#1609 = DIRECTION ( 'NONE',  ( 2.125886612716675327E-16, 1.000000000000000000, -0.000000000000000000 ) ) ;
#1610 = CARTESIAN_POINT ( 'NONE',  ( -2.458707013111223194, -0.3582291299968379250, 1.013510960052480758 ) ) ;
#1611 = CARTESIAN_POINT ( 'NONE',  ( -2.445397308448796103, 0.3909027692102390317, 1.106649439070253704 ) ) ;
#1612 = DIRECTION ( 'NONE',  ( -0.000000000000000000, 5.978702584071410435E-11, 1.000000000000000000 ) ) ;
#1613 = EDGE_CURVE ( 'NONE', #299, #189, #601, .T. ) ;
#1614 = PRESENTATION_STYLE_ASSIGNMENT (( #2338 ) ) ;
#1615 = FILL_AREA_STYLE ('',( #2339 ) ) ;
#1616 =( NAMED_UNIT ( * ) PLANE_ANGLE_UNIT ( ) SI_UNIT ( $, .RADIAN. ) );
#1617 = CARTESIAN_POINT ( 'NONE',  ( 1.525000000000000133, 0.2549999999999995604, -4.000000000000000000 ) ) ;
#1618 = ORIENTED_EDGE ( 'NONE', *, *, #1018, .T. ) ;
#1619 = CARTESIAN_POINT ( 'NONE',  ( -2.473206624620010619, -0.1259545656623290155, 1.057153210293671819 ) ) ;
#1620 = FACE_OUTER_BOUND ( 'NONE', #376, .T. ) ;
#1621 = EDGE_CURVE ( 'NONE', #1670, #189, #1685, .T. ) ;
#1622 = CARTESIAN_POINT ( 'NONE',  ( -2.374057536156685799, 1.459291351992467956, 1.019995558710894867 ) ) ;
#1623 = CARTESIAN_POINT ( 'NONE',  ( -2.467906396596468710, -0.2133660655672710016, 1.027181143988131762 ) ) ;
#1624 = CARTESIAN_POINT ( 'NONE',  ( 1.417983989933863542, -2.150065095651164437, 1.020000000000000018 ) ) ;
#1625 = STYLED_ITEM ( 'NONE', ( #668 ), #1151 ) ;
#1626 = CARTESIAN_POINT ( 'NONE',  ( -2.375000000000000000, 1.459291351992468178, 1.020000000000000018 ) ) ;
#1627 = PRESENTATION_LAYER_ASSIGNMENT (  '', '', ( #36 ) ) ;
#1628 = DIRECTION ( 'NONE',  ( 0.000000000000000000, -1.000000000000000000, -0.000000000000000000 ) ) ;
#1629 = CARTESIAN_POINT ( 'NONE',  ( -2.424910055223818084, -1.489958009662184057, 1.020000000000000018 ) ) ;
#1630 = MECHANICAL_DESIGN_GEOMETRIC_PRESENTATION_REPRESENTATION (  '', ( #1942 ), #1118 ) ;
#1631 = CARTESIAN_POINT ( 'NONE',  ( -2.474498286530117941, -6.517938042291941902E-17, 1.020778603172296517 ) ) ;
#1632 = CARTESIAN_POINT ( 'NONE',  ( -2.445721642988692324, 1.020919557974891534, 0.9906997132486174973 ) ) ;
#1633 = EDGE_LOOP ( 'NONE', ( #1459, #1093, #2087, #126 ) ) ;
#1634 = FACE_OUTER_BOUND ( 'NONE', #2084, .T. ) ;
#1635 = CARTESIAN_POINT ( 'NONE',  ( -2.324444635926518288, -0.8734480198814579266, 1.082095834556207947 ) ) ;
#1636 = COLOUR_RGB ( '',0.2862745098039215508, 0.2862745098039215508, 0.2862745098039215508 ) ;
#1637 = B_SPLINE_CURVE_WITH_KNOTS ( 'NONE', 3,
 ( #978, #2309, #2289, #1713, #1548, #968, #1562, #987, #594, #788 ),
 .UNSPECIFIED., .F., .F.,
 ( 4, 2, 2, 2, 4 ),
 ( 0.000000000000000000, 0.1249999999999985012, 0.2499999999999970024, 0.4999999999999946709, 1.000000000000000000 ),
 .UNSPECIFIED. ) ;
#1638 = ORIENTED_EDGE ( 'NONE', *, *, #2431, .F. ) ;
#1639 = CARTESIAN_POINT ( 'NONE',  ( -2.433072585694469492, -1.001089170475119250, 1.001096598668060444 ) ) ;
#1640 = CARTESIAN_POINT ( 'NONE',  ( -2.343690676909071069, 0.7999487163424744418, 1.111231941690848046 ) ) ;
#1641 = CARTESIAN_POINT ( 'NONE',  ( 0.000000000000000000, 0.000000000000000000, 0.000000000000000000 ) ) ;
#1642 = CARTESIAN_POINT ( 'NONE',  ( -0.7234313876057246739, 2.709892135423945803, 1.020000000000000018 ) ) ;
#1643 = AXIS2_PLACEMENT_3D ( 'NONE', #952, #2060, #1711 ) ;
#1644 = CARTESIAN_POINT ( 'NONE',  ( 1.525000000000000133, 0.2549999999999995604, 0.000000000000000000 ) ) ;
#1645 = CARTESIAN_POINT ( 'NONE',  ( -2.474616393460348007, 0.06057959344324102824, 0.9868070265137609542 ) ) ;
#1646 = DIRECTION ( 'NONE',  ( 0.000000000000000000, 0.000000000000000000, 1.000000000000000000 ) ) ;
#1647 = VERTEX_POINT ( 'NONE', #1288 ) ;
#1648 = CARTESIAN_POINT ( 'NONE',  ( -2.474502216926198095, 0.08215921923462735088, 1.024882159693104811 ) ) ;
#1649 = CARTESIAN_POINT ( 'NONE',  ( -2.460201793721972674, -1.511642611256772017, 1.020000000000000018 ) ) ;
#1650 = CARTESIAN_POINT ( 'NONE',  ( -2.474999999999999645, -1.459291351992467956, 0.1000000000000001582 ) ) ;
#1651 = DIRECTION ( 'NONE',  ( 0.000000000000000000, 1.000000000000000000, -0.000000000000000000 ) ) ;
#1652 = CARTESIAN_POINT ( 'NONE',  ( 2.887500000000001066, 3.599192026298507319, 0.9199999999999999289 ) ) ;
#1653 = CARTESIAN_POINT ( 'NONE',  ( -2.363842106738392790, -0.9815756724458376548, 1.020082931810779803 ) ) ;
#1654 = EDGE_CURVE ( 'NONE', #70, #2078, #2267, .T. ) ;
#1655 = CARTESIAN_POINT ( 'NONE',  ( -2.445710678119018766, 0.9893570008642393887, 0.9907106781182917210 ) ) ;
#1656 = CARTESIAN_POINT ( 'NONE',  ( -2.433036893861671324, 1.028445376893518448, 1.001135587002069949 ) ) ;
#1657 = B_SPLINE_CURVE_WITH_KNOTS ( 'NONE', 3,
 ( #63, #843, #297, #248, #1410, #1225, #866, #53 ),
 .UNSPECIFIED., .F., .F.,
 ( 4, 2, 2, 4 ),
 ( 0.000000000000000000, 0.5000000000000000000, 0.7500000000000000000, 1.000000000000000000 ),
 .UNSPECIFIED. ) ;
#1658 = UNCERTAINTY_MEASURE_WITH_UNIT (LENGTH_MEASURE( 1.000000000000000082E-05 ), #2370, 'distance_accuracy_value', 'NONE');
#1659 = CARTESIAN_POINT ( 'NONE',  ( -2.474516797556878700, -0.1280019726495442989, 0.9862622375316248968 ) ) ;
#1660 = VERTEX_POINT ( 'NONE', #1458 ) ;
#1661 = DIRECTION ( 'NONE',  ( 0.000000000000000000, 0.000000000000000000, 1.000000000000000000 ) ) ;
#1662 = CARTESIAN_POINT ( 'NONE',  ( -2.474999999999999645, -1.459291351992467289, 0.04098266445048959206 ) ) ;
#1663 = CARTESIAN_POINT ( 'NONE',  ( -2.389633244793683442, -0.9973976481959874185, 1.018412433879710921 ) ) ;
#1664 = FILL_AREA_STYLE_COLOUR ( '', #1279 ) ;
#1665 =( NAMED_UNIT ( * ) PLANE_ANGLE_UNIT ( ) SI_UNIT ( $, .RADIAN. ) );
#1666 = CARTESIAN_POINT ( 'NONE',  ( -2.474999999999999645, 0.000000000000000000, 0.9200000000000007061 ) ) ;
#1667 = STYLED_ITEM ( 'NONE', ( #2070 ), #1559 ) ;
#1668 = DIRECTION ( 'NONE',  ( -0.000000000000000000, -1.000000000000000000, -0.000000000000000000 ) ) ;
#1669 =( BOUNDED_SURFACE ( )  B_SPLINE_SURFACE ( 3, 3, ( 
 ( #1354, #404, #1149, #418 ),
 ( #784, #1128, #1140, #2085 ),
 ( #566, #2305, #1536, #548 ),
 ( #2075, #1921, #1720, #581 ) ),
 .UNSPECIFIED., .F., .F., .F. ) 
 B_SPLINE_SURFACE_WITH_KNOTS ( ( 4, 4 ),
 ( 4, 4 ),
 ( 0.000000000000000000, 1.000000000000000000 ),
 ( 0.000000000000000000, 1.000000000000000000 ),
 .UNSPECIFIED. ) 
 GEOMETRIC_REPRESENTATION_ITEM ( )  RATIONAL_B_SPLINE_SURFACE ( (
 ( 1.000000000000000000, 0.4581894443818980700, 0.4581894443818980700, 1.000000000000000000),
 ( 0.8047378541243599415, 0.3687223902543214082, 0.3687223902543214082, 0.8047378541243599415),
 ( 0.8047378541243599415, 0.3687223902543214082, 0.3687223902543214082, 0.8047378541243599415),
 ( 1.000000000000000000, 0.4581894443818980700, 0.4581894443818980700, 1.000000000000000000) ) ) 
 REPRESENTATION_ITEM ( '' )  SURFACE ( )  );
#1670 = VERTEX_POINT ( 'NONE', #2237 ) ;
#1671 = CARTESIAN_POINT ( 'NONE',  ( -2.456949635197057891, -0.3091457036076409870, 1.105477336833187607 ) ) ;
#1672 = MECHANICAL_DESIGN_GEOMETRIC_PRESENTATION_REPRESENTATION (  '', ( #919 ), #1945 ) ;
#1673 = PRESENTATION_LAYER_ASSIGNMENT (  '', '', ( #1478 ) ) ;
#1674 = SURFACE_STYLE_USAGE ( .BOTH. , #2234 ) ;
#1675 = CARTESIAN_POINT ( 'NONE',  ( -2.375000000000001332, -1.459291351992465069, 1.019999999999999796 ) ) ;
#1676 = VECTOR ( 'NONE', #2262, 1000.000000000000000 ) ;
#1677 =( GEOMETRIC_REPRESENTATION_CONTEXT ( 3 ) GLOBAL_UNCERTAINTY_ASSIGNED_CONTEXT ( ( #336 ) ) GLOBAL_UNIT_ASSIGNED_CONTEXT ( ( #2373, #1268, #479 ) ) REPRESENTATION_CONTEXT ( 'NONE', 'WORKASPACE' ) );
#1678 =( NAMED_UNIT ( * ) PLANE_ANGLE_UNIT ( ) SI_UNIT ( $, .RADIAN. ) );
#1679 = CARTESIAN_POINT ( 'NONE',  ( -1.525000000000000133, -0.2550000000000002265, -4.000000000000000000 ) ) ;
#1680 = PRESENTATION_LAYER_ASSIGNMENT (  '', '', ( #280 ) ) ;
#1681 = CARTESIAN_POINT ( 'NONE',  ( -2.476892412318820291, 0.1383769842709701159, 0.9499925404815231511 ) ) ;
#1682 = CARTESIAN_POINT ( 'NONE',  ( -2.363791619932066990, 0.8629346745835930754, 1.038399553275336507 ) ) ;
#1683 = COLOUR_RGB ( '',0.2862745098039215508, 0.2862745098039215508, 0.2862745098039215508 ) ;
#1684 = UNCERTAINTY_MEASURE_WITH_UNIT (LENGTH_MEASURE( 1.000000000000000082E-05 ), #754, 'distance_accuracy_value', 'NONE');
#1685 = LINE ( 'NONE', #2227, #916 ) ;
#1686 = ORIENTED_EDGE ( 'NONE', *, *, #1654, .T. ) ;
#1687 =( LENGTH_UNIT ( ) NAMED_UNIT ( * ) SI_UNIT ( .MILLI., .METRE. ) );
#1688 = FILL_AREA_STYLE ('',( #1316 ) ) ;
#1689 = ORIENTED_EDGE ( 'NONE', *, *, #2104, .F. ) ;
#1690 = CARTESIAN_POINT ( 'NONE',  ( -2.377685343913335636, -0.9902015554984341383, 1.020000000000000240 ) ) ;
#1691 = APPLICATION_PROTOCOL_DEFINITION ( 'draft international standard', 'automotive_design', 1998, #1584 ) ;
#1692 = CARTESIAN_POINT ( 'NONE',  ( -1.777689512391386506, 2.147393410621262433, 1.020000000000000018 ) ) ;
#1693 = FILL_AREA_STYLE ('',( #344 ) ) ;
#1694 = CARTESIAN_POINT ( 'NONE',  ( -2.476620264110668934, 0.06602970923714454599, 0.9502101891205393391 ) ) ;
#1695 = CARTESIAN_POINT ( 'NONE',  ( -2.410844324342475975, 1.012234332752622645, 1.011728597475122005 ) ) ;
#1696 =( NAMED_UNIT ( * ) SI_UNIT ( $, .STERADIAN. ) SOLID_ANGLE_UNIT ( ) );
#1697 = DIRECTION ( 'NONE',  ( 1.000000000000000000, 0.000000000000000000, -1.761828530288947861E-15 ) ) ;
#1698 = EDGE_LOOP ( 'NONE', ( #840, #1566, #503, #829 ) ) ;
#1699 = PLANE ( 'NONE',  #524 ) ;
#1700 = VERTEX_POINT ( 'NONE', #1092 ) ;
#1701 = CARTESIAN_POINT ( 'NONE',  ( 0.000000000000000000, 0.000000000000000000, 6.795000000000000817 ) ) ;
#1702 =( NAMED_UNIT ( * ) SI_UNIT ( $, .STERADIAN. ) SOLID_ANGLE_UNIT ( ) );
#1703 = EDGE_CURVE ( 'NONE', #742, #1750, #1943, .T. ) ;
#1704 = PRESENTATION_STYLE_ASSIGNMENT (( #373 ) ) ;
#1705 = UNCERTAINTY_MEASURE_WITH_UNIT (LENGTH_MEASURE( 1.000000000000000082E-05 ), #277, 'distance_accuracy_value', 'NONE');
#1706 = CARTESIAN_POINT ( 'NONE',  ( 0.000000000000000000, 0.000000000000000000, -21.55000000000000071 ) ) ;
#1707 = UNCERTAINTY_MEASURE_WITH_UNIT (LENGTH_MEASURE( 1.000000000000000082E-05 ), #1321, 'distance_accuracy_value', 'NONE');
#1708 = CARTESIAN_POINT ( 'NONE',  ( -2.375000000000000000, 0.000000000000000000, 0.1000000000000000056 ) ) ;
#1709 = B_SPLINE_CURVE_WITH_KNOTS ( 'NONE', 3,
 ( #2122, #1761, #257, #817, #2149, #1418, #270, #1967, #1785, #1955, #71, #1381, #232, #841, #2136, #1374, #1409, #86, #854, #1940, #1608, #2368, #2172, #473, #1231, #429, #830, #439, #1992, #1001, #1571, #1751, #285, #246, #1013, #39 ),
 .UNSPECIFIED., .F., .F.,
 ( 4, 1, 1, 2, 2, 2, 1, 1, 1, 2, 2, 2, 1, 1, 2, 2, 2, 1, 1, 1, 2, 2, 4 ),
 ( 0.000000000000000000, 0.06250000000000036082, 0.09375000000000051348, 0.1093750000000005274, 0.1250000000000005551, 0.2500000000000006661, 0.3125000000000006661, 0.3437500000000007216, 0.3593750000000006661, 0.3671875000000006661, 0.3750000000000006661, 0.5000000000000000000, 0.5624999999999996669, 0.5937499999999995559, 0.6093749999999995559, 0.6249999999999994449, 0.7499999999999998890, 0.8125000000000001110, 0.8437500000000003331, 0.8593750000000004441, 0.8671875000000004441, 0.8750000000000004441, 1.000000000000000000 ),
 .UNSPECIFIED. ) ;
#1710 = ORIENTED_EDGE ( 'NONE', *, *, #1578, .F. ) ;
#1711 = DIRECTION ( 'NONE',  ( -1.000000000000000000, 0.000000000000000000, 0.000000000000000000 ) ) ;
#1712 = ORIENTED_EDGE ( 'NONE', *, *, #113, .F. ) ;
#1713 = CARTESIAN_POINT ( 'NONE',  ( -2.386450786601458152, 0.9946823285152293082, 1.018412403608324857 ) ) ;
#1714 =( NAMED_UNIT ( * ) PLANE_ANGLE_UNIT ( ) SI_UNIT ( $, .RADIAN. ) );
#1715 = FACE_OUTER_BOUND ( 'NONE', #1335, .T. ) ;
#1716 = AXIS2_PLACEMENT_3D ( 'NONE', #1679, #1891, #2054 ) ;
#1717 = DIRECTION ( 'NONE',  ( 0.000000000000000000, 0.000000000000000000, 1.000000000000000000 ) ) ;
#1718 = CARTESIAN_POINT ( 'NONE',  ( 2.638810843183770682, -0.8989748585704583350, 1.020000000000000240 ) ) ;
#1719 = MECHANICAL_DESIGN_GEOMETRIC_PRESENTATION_REPRESENTATION (  '', ( #1091 ), #1530 ) ;
#1720 = CARTESIAN_POINT ( 'NONE',  ( -0.9998195906545404021, 4.199912466399002398, 1.119999999999999440 ) ) ;
#1721 = SURFACE_STYLE_FILL_AREA ( #1897 ) ;
#1722 = ORIENTED_EDGE ( 'NONE', *, *, #1345, .F. ) ;
#1723 = CARTESIAN_POINT ( 'NONE',  ( -2.474999999999999645, 1.791903384008631458E-18, 0.9371125317645264685 ) ) ;
#1724 =( LENGTH_UNIT ( ) NAMED_UNIT ( * ) SI_UNIT ( .MILLI., .METRE. ) );
#1725 = CARTESIAN_POINT ( 'NONE',  ( -2.282766990291259734, -0.9563471482869505547, 1.119999999999999440 ) ) ;
#1726 = CARTESIAN_POINT ( 'NONE',  ( -2.474999999999999645, 0.9949874371066257384, 0.9289933816174189563 ) ) ;
#1727 = CARTESIAN_POINT ( 'NONE',  ( -2.389788223247345300, 0.9475723361699196490, 1.018212742476187316 ) ) ;
#1728 = CARTESIAN_POINT ( 'NONE',  ( -0.3810229634413855870, -2.763400992392697209, 1.019999999999999796 ) ) ;
#1729 = CARTESIAN_POINT ( 'NONE',  ( -1.525000000000000133, -0.2550000000000002265, -20.54999999999999716 ) ) ;
#1730 = ORIENTED_EDGE ( 'NONE', *, *, #1242, .F. ) ;
#1731 = LINE ( 'NONE', #1886, #1399 ) ;
#1732 = FILL_AREA_STYLE ('',( #1320 ) ) ;
#1733 = SURFACE_SIDE_STYLE ('',( #789 ) ) ;
#1734 = CARTESIAN_POINT ( 'NONE',  ( -2.301376972708014002, -0.9106530785591713251, 1.119999999999999440 ) ) ;
#1735 = FILL_AREA_STYLE_COLOUR ( '', #682 ) ;
#1736 = CARTESIAN_POINT ( 'NONE',  ( 1.015000000000000124, 0.2549999999999996714, 0.000000000000000000 ) ) ;
#1737 = SURFACE_STYLE_USAGE ( .BOTH. , #1229 ) ;
#1738 = COLOUR_RGB ( '',0.2862745098039215508, 0.2862745098039215508, 0.2862745098039215508 ) ;
#1739 = ORIENTED_EDGE ( 'NONE', *, *, #2431, .T. ) ;
#1740 = LINE ( 'NONE', #218, #83 ) ;
#1741 = CARTESIAN_POINT ( 'NONE',  ( -2.357748107971528118, 0.8045824465054302044, 1.062253104336227549 ) ) ;
#1742 = CARTESIAN_POINT ( 'NONE',  ( -2.375000000000000888, -1.459291351992466401, 0.1000000000000000472 ) ) ;
#1743 = DIRECTION ( 'NONE',  ( -1.000000000000000000, 0.000000000000000000, 0.000000000000000000 ) ) ;
#1744 = MECHANICAL_DESIGN_GEOMETRIC_PRESENTATION_REPRESENTATION (  '', ( #2101 ), #725 ) ;
#1745 = VERTEX_POINT ( 'NONE', #1469 ) ;
#1746 = DIRECTION ( 'NONE',  ( 4.251773225433354598E-16, 1.000000000000000000, -0.000000000000000000 ) ) ;
#1747 = CARTESIAN_POINT ( 'NONE',  ( -2.375000000000000000, 1.459291351992467956, 0.1000000000000000472 ) ) ;
#1748 = FILL_AREA_STYLE_COLOUR ( '', #1683 ) ;
#1749 = UNCERTAINTY_MEASURE_WITH_UNIT (LENGTH_MEASURE( 1.000000000000000082E-05 ), #2334, 'distance_accuracy_value', 'NONE');
#1750 = VERTEX_POINT ( 'NONE', #2038 ) ;
#1751 = CARTESIAN_POINT ( 'NONE',  ( 2.421069214513135837, 0.8771618328408635756, 1.020000000000000018 ) ) ;
#1752 = PRESENTATION_STYLE_ASSIGNMENT (( #1600 ) ) ;
#1753 = PRESENTATION_STYLE_ASSIGNMENT (( #286 ) ) ;
#1754 = CIRCLE ( 'NONE', #172, 2.475000000000000089 ) ;
#1755 = CARTESIAN_POINT ( 'NONE',  ( -2.418782831190263494, -0.8777313245449187562, 1.008427387730503888 ) ) ;
#1756 = SURFACE_STYLE_FILL_AREA ( #32 ) ;
#1757 = CARTESIAN_POINT ( 'NONE',  ( 2.887500000000000622, 3.599192026298506875, 0.9785786437626903256 ) ) ;
#1758 = ORIENTED_EDGE ( 'NONE', *, *, #823, .T. ) ;
#1759 = CARTESIAN_POINT ( 'NONE',  ( 0.000000000000000000, 0.2549999999999996714, 0.000000000000000000 ) ) ;
#1760 = VERTEX_POINT ( 'NONE', #1511 ) ;
#1761 = CARTESIAN_POINT ( 'NONE',  ( -2.319345839978678825, 1.127831958676674295, 1.020000000000000240 ) ) ;
#1762 = DIRECTION ( 'NONE',  ( 0.000000000000000000, -0.000000000000000000, -1.000000000000000000 ) ) ;
#1763 = CARTESIAN_POINT ( 'NONE',  ( -2.457377712646000134, -0.4115544124857029029, 1.005158484290077814 ) ) ;
#1764 = B_SPLINE_CURVE_WITH_KNOTS ( 'NONE', 3,
 ( #490, #2345, #819, #1573, #2335, #1214, #1291, #2254 ),
 .UNSPECIFIED., .F., .F.,
 ( 4, 2, 2, 4 ),
 ( 0.000000000000000000, 0.2500000000000000000, 0.5000000000000000000, 1.000000000000000000 ),
 .UNSPECIFIED. ) ;
#1765 = EDGE_CURVE ( 'NONE', #1784, #1745, #718, .T. ) ;
#1766 = FILL_AREA_STYLE_COLOUR ( '', #1085 ) ;
#1767 =( LENGTH_UNIT ( ) NAMED_UNIT ( * ) SI_UNIT ( .MILLI., .METRE. ) );
#1768 = CARTESIAN_POINT ( 'NONE',  ( -2.471067272467107223, -0.1641913059694231625, 1.013646911492853020 ) ) ;
#1769 = EDGE_CURVE ( 'NONE', #1908, #57, #401, .T. ) ;
#1770 = CARTESIAN_POINT ( 'NONE',  ( -2.456643222444317765, -0.3254556904052651189, 1.043451112492545185 ) ) ;
#1771 = SURFACE_STYLE_FILL_AREA ( #1022 ) ;
#1772 = ORIENTED_EDGE ( 'NONE', *, *, #2050, .T. ) ;
#1773 = CARTESIAN_POINT ( 'NONE',  ( -2.475000000000000533, 1.158554262057024608E-16, 1.103072962146340430 ) ) ;
#1774 = MECHANICAL_DESIGN_GEOMETRIC_PRESENTATION_REPRESENTATION (  '', ( #470 ), #512 ) ;
#1775 = CARTESIAN_POINT ( 'NONE',  ( -2.445711089092712509, -0.9893570425309058392, 0.9907102671302655539 ) ) ;
#1776 = STYLED_ITEM ( 'NONE', ( #772 ), #1470 ) ;
#1777 = CARTESIAN_POINT ( 'NONE',  ( -2.393303799877251947, -0.7367536512199444054, 1.042331419140636317 ) ) ;
#1778 = CARTESIAN_POINT ( 'NONE',  ( 2.333815371010202977, -1.130509706125041980, 1.020000000000000240 ) ) ;
#1779 = CARTESIAN_POINT ( 'NONE',  ( -2.392467873887287766, -0.9937084702407675829, 1.017069172832634649 ) ) ;
#1780 = CARTESIAN_POINT ( 'NONE',  ( -2.474999999999999645, -1.459291351992467956, 0.09999999999999986677 ) ) ;
#1781 = APPLICATION_CONTEXT ( 'automotive_design' ) ;
#1782 = MECHANICAL_DESIGN_GEOMETRIC_PRESENTATION_REPRESENTATION (  '', ( #1824 ), #921 ) ;
#1783 = FACE_OUTER_BOUND ( 'NONE', #498, .T. ) ;
#1784 = VERTEX_POINT ( 'NONE', #1527 ) ;
#1785 = CARTESIAN_POINT ( 'NONE',  ( -1.477504042152627983, 2.130984994800062537, 1.019999999999999574 ) ) ;
#1786 =( LENGTH_UNIT ( ) NAMED_UNIT ( * ) SI_UNIT ( .MILLI., .METRE. ) );
#1787 = CYLINDRICAL_SURFACE ( 'NONE', #555, 0.09999999999999982514 ) ;
#1788 = CARTESIAN_POINT ( 'NONE',  ( -2.474999999999999645, 1.459291351992467956, 0.9199999999999999289 ) ) ;
#1789 = CARTESIAN_POINT ( 'NONE',  ( -2.439321547367992338, -0.4629758003411273415, 1.040318941321170643 ) ) ;
#1790 = CARTESIAN_POINT ( 'NONE',  ( -2.475000000000000533, 1.158554262057024608E-16, 1.103072962146340430 ) ) ;
#1791 =( NAMED_UNIT ( * ) SI_UNIT ( $, .STERADIAN. ) SOLID_ANGLE_UNIT ( ) );
#1792 = CARTESIAN_POINT ( 'NONE',  ( 2.787500000000000977, 0.000000000000000000, 1.020000000000000018 ) ) ;
#1793 =( LENGTH_UNIT ( ) NAMED_UNIT ( * ) SI_UNIT ( .MILLI., .METRE. ) );
#1794 = PLANE ( 'NONE',  #202 ) ;
#1795 = CARTESIAN_POINT ( 'NONE',  ( -2.440019704259486666, 0.9886469292187580749, 0.9964016519778818859 ) ) ;
#1796 = EDGE_CURVE ( 'NONE', #1853, #1318, #516, .T. ) ;
#1797 = ORIENTED_EDGE ( 'NONE', *, *, #1703, .F. ) ;
#1798 = CARTESIAN_POINT ( 'NONE',  ( -2.461161151065292874, 0.2805003703026487938, 1.053572675905265266 ) ) ;
#1799 = CARTESIAN_POINT ( 'NONE',  ( -2.475000000000000533, -0.07310427049759397888, 1.103072962146340430 ) ) ;
#1800 = CARTESIAN_POINT ( 'NONE',  ( -2.474999999999999645, 1.518308687541978452, 0.9199999999999998179 ) ) ;
#1801 = CARTESIAN_POINT ( 'NONE',  ( -2.445653371925656572, -0.8244001838105113888, 0.9907679843116548035 ) ) ;
#1802 = CARTESIAN_POINT ( 'NONE',  ( 2.186165203339621055, -1.394559767936167205, 1.020000000000000018 ) ) ;
#1803 = SURFACE_SIDE_STYLE ('',( #835 ) ) ;
#1804 = DIRECTION ( 'NONE',  ( 0.000000000000000000, 0.000000000000000000, 1.000000000000000000 ) ) ;
#1805 =( NAMED_UNIT ( * ) SI_UNIT ( $, .STERADIAN. ) SOLID_ANGLE_UNIT ( ) );
#1806 = EDGE_CURVE ( 'NONE', #1750, #2392, #399, .T. ) ;
#1807 = CARTESIAN_POINT ( 'NONE',  ( -2.445653371925656572, 0.8244001838105118329, 0.9907679843116548035 ) ) ;
#1808 = B_SPLINE_CURVE_WITH_KNOTS ( 'NONE', 3,
 ( #1135, #2316, #1192, #1770, #1220, #1948, #632, #2340, #425, #1178 ),
 .UNSPECIFIED., .F., .F.,
 ( 4, 2, 2, 2, 4 ),
 ( 0.000000000000000000, 0.2500000000000000000, 0.5000000000000000000, 0.7500000000000000000, 1.000000000000000000 ),
 .UNSPECIFIED. ) ;
#1809 = ORIENTED_EDGE ( 'NONE', *, *, #113, .T. ) ;
#1810 = CARTESIAN_POINT ( 'NONE',  ( -2.300855749553958773, 0.9595123608833662221, 1.060667885625083962 ) ) ;
#1811 =( LENGTH_UNIT ( ) NAMED_UNIT ( * ) SI_UNIT ( .MILLI., .METRE. ) );
#1812 = DIRECTION ( 'NONE',  ( 4.251773225433350654E-16, -1.000000000000000000, 0.000000000000000000 ) ) ;
#1813 = SURFACE_SIDE_STYLE ('',( #1097 ) ) ;
#1814 = CARTESIAN_POINT ( 'NONE',  ( -2.346695846582621758, 0.7934113368228978835, 1.104033692249746013 ) ) ;
#1815 = STYLED_ITEM ( 'NONE', ( #979 ), #1168 ) ;
#1816 = B_SPLINE_CURVE_WITH_KNOTS ( 'NONE', 3,
 ( #1349, #394, #790, #209, #746, #2311 ),
 .UNSPECIFIED., .F., .F.,
 ( 4, 2, 4 ),
 ( 0.000000000000000000, 0.5000000000000000000, 1.000000000000000000 ),
 .UNSPECIFIED. ) ;
#1817 = CARTESIAN_POINT ( 'NONE',  ( 0.6163567303508021844, 2.722527126873096393, 1.020000000000000240 ) ) ;
#1818 = PRESENTATION_LAYER_ASSIGNMENT (  '', '', ( #875 ) ) ;
#1819 = CARTESIAN_POINT ( 'NONE',  ( -2.375000000000000000, -1.459291351992467956, 0.1000000000000000472 ) ) ;
#1820 = CARTESIAN_POINT ( 'NONE',  ( 2.887500000000001066, -1.084202172485504434E-15, 0.9200000000000000400 ) ) ;
#1821 = SURFACE_STYLE_USAGE ( .BOTH. , #2223 ) ;
#1822 = CARTESIAN_POINT ( 'NONE',  ( -2.449301021024894442, 0.3949988862666666267, 1.034929143712993271 ) ) ;
#1823 = PRESENTATION_LAYER_ASSIGNMENT (  '', '', ( #119 ) ) ;
#1824 = STYLED_ITEM ( 'NONE', ( #1162 ), #1830 ) ;
#1825 = ORIENTED_EDGE ( 'NONE', *, *, #748, .T. ) ;
#1826 = SURFACE_STYLE_USAGE ( .BOTH. , #1841 ) ;
#1827 = CARTESIAN_POINT ( 'NONE',  ( -2.445397308448796991, -0.3909027692102385321, 1.106649439070253704 ) ) ;
#1828 = CARTESIAN_POINT ( 'NONE',  ( -2.474999999999999645, -1.459291351992467956, 0.1000000000000000472 ) ) ;
#1829 = COLOUR_RGB ( '',0.2862745098039215508, 0.2862745098039215508, 0.2862745098039215508 ) ;
#1830 = ADVANCED_FACE ( 'NONE', ( #1379 ), #1170, .T. ) ;
#1831 = PRODUCT_CONTEXT ( 'NONE', #1781, 'mechanical' ) ;
#1832 = CARTESIAN_POINT ( 'NONE',  ( -1.014999999999999902, -0.2550000000000001155, -20.54999999999999716 ) ) ;
#1833 = COLOUR_RGB ( '',0.8039215686274510109, 0.8039215686274510109, 0.8039215686274510109 ) ;
#1834 = CYLINDRICAL_SURFACE ( 'NONE', #567, 2.475000000000000089 ) ;
#1835 = STYLED_ITEM ( 'NONE', ( #1878 ), #1027 ) ;
#1836 = CARTESIAN_POINT ( 'NONE',  ( -2.473262426684799120, 9.537527143911500250E-17, 1.090207785738410262 ) ) ;
#1837 = CARTESIAN_POINT ( 'NONE',  ( -2.456713313310455060, 0.8073865798493131685, 0.9797264915151079334 ) ) ;
#1838 = CARTESIAN_POINT ( 'NONE',  ( -2.374999999999999556, -0.9949874371066250722, 1.019999999999999796 ) ) ;
#1839 = CARTESIAN_POINT ( 'NONE',  ( -2.474999999999999645, -0.07516568985295080108, 0.9371125317645264685 ) ) ;
#1840 = VERTEX_POINT ( 'NONE', #1631 ) ;
#1841 = SURFACE_SIDE_STYLE ('',( #138 ) ) ;
#1842 = CARTESIAN_POINT ( 'NONE',  ( -2.419578452504645316, -0.5314222775688922651, 1.073328088869133001 ) ) ;
#1843 = CARTESIAN_POINT ( 'NONE',  ( -2.284089149490245774, -0.9562978648090924017, 1.099580399440877931 ) ) ;
#1844 = SHAPE_DEFINITION_REPRESENTATION ( #1846, #2241 ) ;
#1845 = CARTESIAN_POINT ( 'NONE',  ( -1.525000000000000133, 0.000000000000000000, 0.000000000000000000 ) ) ;
#1846 = PRODUCT_DEFINITION_SHAPE ( 'NONE', 'NONE',  #383 ) ;
#1847 = DIRECTION ( 'NONE',  ( -0.000000000000000000, -1.000000000000000000, -0.000000000000000000 ) ) ;
#1848 = CARTESIAN_POINT ( 'NONE',  ( -2.473193313673813787, 0.8191836736350884829, 0.9425223390639211329 ) ) ;
#1849 = EDGE_CURVE ( 'NONE', #2392, #1538, #2024, .T. ) ;
#1850 = CARTESIAN_POINT ( 'NONE',  ( -2.445621354874159881, 0.4057102899426565656, 1.050285168017842885 ) ) ;
#1851 = UNCERTAINTY_MEASURE_WITH_UNIT (LENGTH_MEASURE( 1.000000000000000082E-05 ), #1564, 'distance_accuracy_value', 'NONE');
#1852 = CARTESIAN_POINT ( 'NONE',  ( -2.474999999999999645, -0.08291561975888546432, 0.9200000000000007061 ) ) ;
#1853 = VERTEX_POINT ( 'NONE', #852 ) ;
#1854 = CARTESIAN_POINT ( 'NONE',  ( -2.355154563250833277, -0.7885100352864179429, 1.074570144766503921 ) ) ;
#1855 = CARTESIAN_POINT ( 'NONE',  ( -2.474999999999999645, -1.518308687541978452, 0.1000000000000000888 ) ) ;
#1856 = CARTESIAN_POINT ( 'NONE',  ( -2.440009995226436690, -1.003228688000656899, 0.9964122246714015585 ) ) ;
#1857 = CARTESIAN_POINT ( 'NONE',  ( 1.974771847399871438, 1.978360507372746380, 1.020000000000000018 ) ) ;
#1858 = PRESENTATION_STYLE_ASSIGNMENT (( #2450 ) ) ;
#1859 = CARTESIAN_POINT ( 'NONE',  ( -2.465287369925636796, 0.3657248056172645034, 0.9946596930810501780 ) ) ;
#1860 =( NAMED_UNIT ( * ) SI_UNIT ( $, .STERADIAN. ) SOLID_ANGLE_UNIT ( ) );
#1861 =( GEOMETRIC_REPRESENTATION_CONTEXT ( 3 ) GLOBAL_UNCERTAINTY_ASSIGNED_CONTEXT ( ( #1658 ) ) GLOBAL_UNIT_ASSIGNED_CONTEXT ( ( #2370, #114, #259 ) ) REPRESENTATION_CONTEXT ( 'NONE', 'WORKASPACE' ) );
#1862 = ADVANCED_FACE ( 'NONE', ( #683 ), #1794, .T. ) ;
#1863 = CARTESIAN_POINT ( 'NONE',  ( -2.464414956308326854, -0.9921847532157984650, 0.9661477516782481789 ) ) ;
#1864 = VERTEX_POINT ( 'NONE', #1050 ) ;
#1865 = CARTESIAN_POINT ( 'NONE',  ( -2.357748107971528118, -0.8045824465054302044, 1.062253104336227549 ) ) ;
#1866 = CARTESIAN_POINT ( 'NONE',  ( -1.014999999999999902, 0.2549999999999998934, 0.000000000000000000 ) ) ;
#1867 = MECHANICAL_DESIGN_GEOMETRIC_PRESENTATION_REPRESENTATION (  '', ( #764 ), #2226 ) ;
#1868 =( GEOMETRIC_REPRESENTATION_CONTEXT ( 3 ) GLOBAL_UNCERTAINTY_ASSIGNED_CONTEXT ( ( #740 ) ) GLOBAL_UNIT_ASSIGNED_CONTEXT ( ( #1415, #484, #1973 ) ) REPRESENTATION_CONTEXT ( 'NONE', 'WORKASPACE' ) );
#1869 = EDGE_CURVE ( 'NONE', #742, #60, #997, .T. ) ;
#1870 = PRESENTATION_LAYER_ASSIGNMENT (  '', '', ( #480 ) ) ;
#1871 = CARTESIAN_POINT ( 'NONE',  ( -2.374999999999998668, -0.9962863779244359730, 1.020000000000000018 ) ) ;
#1872 = B_SPLINE_SURFACE_WITH_KNOTS ( 'NONE', 3, 3, ( 
 ( #514, #2197, #497, #1261, #563, #1312, #360, #1114 ),
 ( #1138, #1330, #939, #534, #913, #2444, #1297, #2073 ),
 ( #2405, #175, #1659, #2429, #188, #136, #2049, #1863 ),
 ( #700, #741, #2058, #1486, #729, #375, #521, #1497 ),
 ( #346, #1839, #2251, #1272, #927, #159, #337, #546 ),
 ( #2023, #1852, #1102, #508, #147, #2268, #1126, #1894 ) ),
 .UNSPECIFIED., .F., .F., .F.,
 ( 4, 2, 4 ),
 ( 4, 2, 2, 4 ),
 ( 0.000000000000000000, 0.5000000000000000000, 1.000000000000000000 ),
 ( 0.000000000000000000, 0.2500000000000000000, 0.5000000000000000000, 1.000000000000000000 ),
 .UNSPECIFIED. ) ;
#1873 = SHAPE_DEFINITION_REPRESENTATION ( #1100, #400 ) ;
#1874 = PRESENTATION_LAYER_ASSIGNMENT (  '', '', ( #482 ) ) ;
#1875 = AXIS2_PLACEMENT_3D ( 'NONE', #459, #263, #1030 ) ;
#1876 = CARTESIAN_POINT ( 'NONE',  ( 1.041994624965657090, 2.602125958912154591, 1.020000000000000240 ) ) ;
#1877 = EDGE_CURVE ( 'NONE', #1513, #1660, #1243, .T. ) ;
#1878 = PRESENTATION_STYLE_ASSIGNMENT (( #15 ) ) ;
#1879 = PRESENTATION_LAYER_ASSIGNMENT (  '', '', ( #527 ) ) ;
#1880 = UNCERTAINTY_MEASURE_WITH_UNIT (LENGTH_MEASURE( 1.000000000000000082E-05 ), #1793, 'distance_accuracy_value', 'NONE');
#1881 = CARTESIAN_POINT ( 'NONE',  ( -2.375000000000000000, -1.459291351992467956, 0.1000000000000000056 ) ) ;
#1882 = ORIENTED_EDGE ( 'NONE', *, *, #1018, .F. ) ;
#1883 = ADVANCED_FACE ( 'NONE', ( #495 ), #242, .T. ) ;
#1884 = SURFACE_SIDE_STYLE ('',( #1721 ) ) ;
#1885 = ORIENTED_EDGE ( 'NONE', *, *, #1998, .T. ) ;
#1886 = CARTESIAN_POINT ( 'NONE',  ( -2.375000000000000000, 0.000000000000000000, 1.020000000000000018 ) ) ;
#1887 = CARTESIAN_POINT ( 'NONE',  ( -2.474621726005497457, -1.112150820055896699E-16, 0.9867439106797468718 ) ) ;
#1888 = SURFACE_STYLE_FILL_AREA ( #2168 ) ;
#1889 = PRODUCT_CONTEXT ( 'NONE', #1204, 'mechanical' ) ;
#1890 = B_SPLINE_CURVE_WITH_KNOTS ( 'NONE', 3,
 ( #397, #1031, #871, #1218, #291, #1779, #2156, #1206, #2166, #79, #1019, #1946 ),
 .UNSPECIFIED., .F., .F.,
 ( 4, 2, 2, 2, 2, 4 ),
 ( 0.000000000000000000, 0.4999999999999936717, 0.7499999999999916733, 0.8124999999999920064, 0.8749999999999923395, 1.000000000000000000 ),
 .UNSPECIFIED. ) ;
#1891 = DIRECTION ( 'NONE',  ( 2.125886612716674341E-16, -1.000000000000000000, 0.000000000000000000 ) ) ;
#1892 =( NAMED_UNIT ( * ) PLANE_ANGLE_UNIT ( ) SI_UNIT ( $, .RADIAN. ) );
#1893 = CARTESIAN_POINT ( 'NONE',  ( -0.5759794446142960656, -4.578218777161328745, 0.1000000000000000472 ) ) ;
#1894 = CARTESIAN_POINT ( 'NONE',  ( -2.474999999999999645, -0.9949874371066257384, 0.9200000000000002620 ) ) ;
#1895 = ORIENTED_EDGE ( 'NONE', *, *, #1613, .T. ) ;
#1896 = CARTESIAN_POINT ( 'NONE',  ( -1.525000000000000133, -0.2550000000000002265, -20.54999999999999716 ) ) ;
#1897 = FILL_AREA_STYLE ('',( #19 ) ) ;
#1898 = ORIENTED_EDGE ( 'NONE', *, *, #1512, .T. ) ;
#1899 = CARTESIAN_POINT ( 'NONE',  ( 0.000000000000000000, 0.000000000000000000, 1.119999999999999440 ) ) ;
#1900 =( LENGTH_UNIT ( ) NAMED_UNIT ( * ) SI_UNIT ( .MILLI., .METRE. ) );
#1901 = CARTESIAN_POINT ( 'NONE',  ( -2.398211826607109742, 0.6583955070262369480, 1.062626716285917317 ) ) ;
#1902 = CARTESIAN_POINT ( 'NONE',  ( -2.375000000000000444, -1.459291351992467289, 1.020000000000000240 ) ) ;
#1903 = ORIENTED_EDGE ( 'NONE', *, *, #1452, .F. ) ;
#1904 = CARTESIAN_POINT ( 'NONE',  ( -2.474999999999999645, -0.9949874371066257384, 0.9200000000000005951 ) ) ;
#1905 =( GEOMETRIC_REPRESENTATION_CONTEXT ( 3 ) GLOBAL_UNCERTAINTY_ASSIGNED_CONTEXT ( ( #135 ) ) GLOBAL_UNIT_ASSIGNED_CONTEXT ( ( #675, #1601, #2007 ) ) REPRESENTATION_CONTEXT ( 'NONE', 'WORKASPACE' ) );
#1906 = DIRECTION ( 'NONE',  ( -1.000000000000000000, 0.000000000000000000, -0.000000000000000000 ) ) ;
#1907 =( GEOMETRIC_REPRESENTATION_CONTEXT ( 3 ) GLOBAL_UNCERTAINTY_ASSIGNED_CONTEXT ( ( #533 ) ) GLOBAL_UNIT_ASSIGNED_CONTEXT ( ( #130, #665, #1265 ) ) REPRESENTATION_CONTEXT ( 'NONE', 'WORKASPACE' ) );
#1908 = VERTEX_POINT ( 'NONE', #2341 ) ;
#1909 = LINE ( 'NONE', #787, #234 ) ;
#1910 = CARTESIAN_POINT ( 'NONE',  ( -2.374999999999999556, 0.9949874371066252943, 1.019999999999999796 ) ) ;
#1911 =( BOUNDED_SURFACE ( )  B_SPLINE_SURFACE ( 3, 3, ( 
 ( #1369, #1552, #600, #781 ),
 ( #33, #1134, #588, #2283 ),
 ( #800, #1177, #1159, #1360 ),
 ( #385, #1534, #43, #2326 ) ),
 .UNSPECIFIED., .F., .F., .F. ) 
 B_SPLINE_SURFACE_WITH_KNOTS ( ( 4, 4 ),
 ( 4, 4 ),
 ( 0.000000000000000000, 1.000000000000000000 ),
 ( 0.000000000000000000, 1.000000000000000000 ),
 .UNSPECIFIED. ) 
 GEOMETRIC_REPRESENTATION_ITEM ( )  RATIONAL_B_SPLINE_SURFACE ( (
 ( 1.000000000000000000, 0.3333333333333334259, 0.3333333333333334259, 1.000000000000000000),
 ( 0.3333333333333333703, 0.1111111111111111605, 0.1111111111111111605, 0.3333333333333333703),
 ( 0.3333333333333333703, 0.1111111111111111605, 0.1111111111111111605, 0.3333333333333333703),
 ( 1.000000000000000000, 0.3333333333333334259, 0.3333333333333334259, 1.000000000000000000) ) ) 
 REPRESENTATION_ITEM ( '' )  SURFACE ( )  );
#1912 = PRESENTATION_LAYER_ASSIGNMENT (  '', '', ( #919 ) ) ;
#1913 = CARTESIAN_POINT ( 'NONE',  ( -2.220346453384464347, 1.710990351448878455, 1.019999999999999796 ) ) ;
#1914 = STYLED_ITEM ( 'NONE', ( #1060 ), #1883 ) ;
#1915 =( NAMED_UNIT ( * ) PLANE_ANGLE_UNIT ( ) SI_UNIT ( $, .RADIAN. ) );
#1916 =( GEOMETRIC_REPRESENTATION_CONTEXT ( 3 ) GLOBAL_UNCERTAINTY_ASSIGNED_CONTEXT ( ( #2072 ) ) GLOBAL_UNIT_ASSIGNED_CONTEXT ( ( #238, #276, #1791 ) ) REPRESENTATION_CONTEXT ( 'NONE', 'WORKASPACE' ) );
#1917 = COLOUR_RGB ( '',0.8039215686274510109, 0.8039215686274510109, 0.8039215686274510109 ) ;
#1918 = CARTESIAN_POINT ( 'NONE',  ( -2.363842106738395010, 0.9815756724458369886, 1.020082931810779581 ) ) ;
#1919 = CARTESIAN_POINT ( 'NONE',  ( 2.625331479534237733, -0.9377378804543092805, 1.019999999999999796 ) ) ;
#1920 = CIRCLE ( 'NONE', #733, 0.09999999999999982514 ) ;
#1921 = CARTESIAN_POINT ( 'NONE',  ( 2.475000000000000533, 3.537411333061276864, 1.119999999999999440 ) ) ;
#1922 = ORIENTED_EDGE ( 'NONE', *, *, #143, .F. ) ;
#1923 = DIRECTION ( 'NONE',  ( 0.000000000000000000, -1.000000000000000000, -0.000000000000000000 ) ) ;
#1924 = CARTESIAN_POINT ( 'NONE',  ( -2.471083653470333985, 0.1636801550512507197, 1.030749608330177480 ) ) ;
#1925 = SURFACE_SIDE_STYLE ('',( #224 ) ) ;
#1926 = CARTESIAN_POINT ( 'NONE',  ( -1.591919516224171494, 2.290710762468904704, 1.019999999999999796 ) ) ;
#1927 = CARTESIAN_POINT ( 'NONE',  ( 0.000000000000000000, 0.000000000000000000, 9.269999999999999574 ) ) ;
#1928 = SURFACE_SIDE_STYLE ('',( #240 ) ) ;
#1929 =( LENGTH_UNIT ( ) NAMED_UNIT ( * ) SI_UNIT ( .MILLI., .METRE. ) );
#1930 = ORIENTED_EDGE ( 'NONE', *, *, #1621, .F. ) ;
#1931 = CARTESIAN_POINT ( 'NONE',  ( -2.476617346514669915, -2.220693597060359701E-17, 0.9502291175109539578 ) ) ;
#1932 = CARTESIAN_POINT ( 'NONE',  ( -2.474999999999999645, -1.459291351992468178, 0.9200000000000000400 ) ) ;
#1933 =( NAMED_UNIT ( * ) SI_UNIT ( $, .STERADIAN. ) SOLID_ANGLE_UNIT ( ) );
#1934 =( NAMED_UNIT ( * ) PLANE_ANGLE_UNIT ( ) SI_UNIT ( $, .RADIAN. ) );
#1935 = SURFACE_STYLE_USAGE ( .BOTH. , #2109 ) ;
#1936 = LINE ( 'NONE', #612, #1560 ) ;
#1937 = ADVANCED_FACE ( 'NONE', ( #2147 ), #1499, .T. ) ;
#1938 = COLOUR_RGB ( '',0.2862745098039215508, 0.2862745098039215508, 0.2862745098039215508 ) ;
#1939 = EDGE_LOOP ( 'NONE', ( #2255, #38, #1882, #1139, #2376 ) ) ;
#1940 = CARTESIAN_POINT ( 'NONE',  ( 0.8540120775402317843, 2.436888317942096371, 1.019999999999999796 ) ) ;
#1941 = CARTESIAN_POINT ( 'NONE',  ( -2.474999999999999645, -1.493862906741427299, 0.9790173355495108698 ) ) ;
#1942 = STYLED_ITEM ( 'NONE', ( #825 ), #1487 ) ;
#1943 = CIRCLE ( 'NONE', #199, 2.887500000000000622 ) ;
#1944 = SURFACE_STYLE_USAGE ( .BOTH. , #432 ) ;
#1945 =( GEOMETRIC_REPRESENTATION_CONTEXT ( 3 ) GLOBAL_UNCERTAINTY_ASSIGNED_CONTEXT ( ( #2331 ) ) GLOBAL_UNIT_ASSIGNED_CONTEXT ( ( #2064, #757, #2079 ) ) REPRESENTATION_CONTEXT ( 'NONE', 'WORKASPACE' ) );
#1946 = CARTESIAN_POINT ( 'NONE',  ( -2.374999999999999556, -0.9949874371066250722, 1.019999999999999796 ) ) ;
#1947 = PLANE ( 'NONE',  #771 ) ;
#1948 = CARTESIAN_POINT ( 'NONE',  ( -2.415215999209157971, -0.5649633832949828571, 1.062358708612357372 ) ) ;
#1949 = VECTOR ( 'NONE', #1847, 1000.000000000000000 ) ;
#1950 = ADVANCED_FACE ( 'NONE', ( #1715 ), #1911, .T. ) ;
#1951 = CARTESIAN_POINT ( 'NONE',  ( -2.474498286530118385, -6.517938042291940669E-17, 1.020778603172296295 ) ) ;
#1952 = ADVANCED_FACE ( 'NONE', ( #1351 ), #2106, .T. ) ;
#1953 = PRESENTATION_LAYER_ASSIGNMENT (  '', '', ( #129 ) ) ;
#1954 = ORIENTED_EDGE ( 'NONE', *, *, #12, .F. ) ;
#1955 = CARTESIAN_POINT ( 'NONE',  ( -1.071715500676171606, 2.346415121906125556, 1.020000000000000018 ) ) ;
#1956 = DIRECTION ( 'NONE',  ( -0.000000000000000000, -0.000000000000000000, -1.000000000000000000 ) ) ;
#1957 = CARTESIAN_POINT ( 'NONE',  ( -2.282766990291259734, 0.9563471482869507767, 1.119999999999999440 ) ) ;
#1958 = CARTESIAN_POINT ( 'NONE',  ( -2.453254182783474402, -0.4345253345549885959, 1.010778439068052759 ) ) ;
#1959 = CARTESIAN_POINT ( 'NONE',  ( 2.505866824038172069, -0.6007812472462410458, 1.020000000000000018 ) ) ;
#1960 = PRESENTATION_STYLE_ASSIGNMENT (( #55 ) ) ;
#1961 = PRESENTATION_STYLE_ASSIGNMENT (( #105 ) ) ;
#1962 =( NAMED_UNIT ( * ) SI_UNIT ( $, .STERADIAN. ) SOLID_ANGLE_UNIT ( ) );
#1963 = CARTESIAN_POINT ( 'NONE',  ( -2.474999999999999645, 1.518308687541979118, 0.06542844525022040170 ) ) ;
#1964 = FILL_AREA_STYLE ('',( #1035 ) ) ;
#1965 = CARTESIAN_POINT ( 'NONE',  ( 0.000000000000000000, 0.000000000000000000, 0.000000000000000000 ) ) ;
#1966 = VERTEX_POINT ( 'NONE', #2081 ) ;
#1967 = CARTESIAN_POINT ( 'NONE',  ( -1.715715942146636586, 1.944496126885013609, 1.020000000000000018 ) ) ;
#1968 = MANIFOLD_SOLID_BREP ( 'Boss-Extrude1', #1235 ) ;
#1969 = CARTESIAN_POINT ( 'NONE',  ( -2.422000243601451164, -0.7498104062140565906, 1.010980805075999189 ) ) ;
#1970 = CARTESIAN_POINT ( 'NONE',  ( 2.446288865775269272, -0.8048122376171819026, 1.019999999999999796 ) ) ;
#1971 = CARTESIAN_POINT ( 'NONE',  ( -2.447140994996827690, -0.6618326091252639820, 0.9946357495470318222 ) ) ;
#1972 = FILL_AREA_STYLE ('',( #416 ) ) ;
#1973 =( NAMED_UNIT ( * ) SI_UNIT ( $, .STERADIAN. ) SOLID_ANGLE_UNIT ( ) );
#1974 = FILL_AREA_STYLE_COLOUR ( '', #1443 ) ;
#1975 = B_SPLINE_CURVE_WITH_KNOTS ( 'NONE', 3,
 ( #2407, #501, #704, #1843, #1462, #513 ),
 .UNSPECIFIED., .F., .F.,
 ( 4, 2, 4 ),
 ( 0.000000000000000000, 0.5000000000000000000, 1.000000000000000000 ),
 .UNSPECIFIED. ) ;
#1976 = VERTEX_POINT ( 'NONE', #92 ) ;
#1977 = CARTESIAN_POINT ( 'NONE',  ( 2.887500000000000622, 0.000000000000000000, 0.04142135623730955341 ) ) ;
#1978 = PRESENTATION_STYLE_ASSIGNMENT (( #271 ) ) ;
#1979 = SURFACE_SIDE_STYLE ('',( #1054 ) ) ;
#1980 = CARTESIAN_POINT ( 'NONE',  ( -2.374057536156685799, 1.559286910703362672, 0.9199999999999999289 ) ) ;
#1981 = CARTESIAN_POINT ( 'NONE',  ( -2.474502216926198983, -0.08215921923462748966, 1.024882159693104589 ) ) ;
#1982 = CARTESIAN_POINT ( 'NONE',  ( -2.471749579207024983, 0.1502368052008081489, 1.103689098371230637 ) ) ;
#1983 = DIRECTION ( 'NONE',  ( 0.000000000000000000, 0.000000000000000000, 1.000000000000000000 ) ) ;
#1984 =( BOUNDED_SURFACE ( )  B_SPLINE_SURFACE ( 3, 3, ( 
 ( #42, #1893, #2325, #1388 ),
 ( #810, #2454, #2057, #981 ),
 ( #618, #1203, #2337, #186 ),
 ( #1576, #1136, #1329, #545 ) ),
 .UNSPECIFIED., .F., .F., .F. ) 
 B_SPLINE_SURFACE_WITH_KNOTS ( ( 4, 4 ),
 ( 4, 4 ),
 ( 0.000000000000000000, 1.000000000000000000 ),
 ( 0.000000000000000000, 1.000000000000000000 ),
 .UNSPECIFIED. ) 
 GEOMETRIC_REPRESENTATION_ITEM ( )  RATIONAL_B_SPLINE_SURFACE ( (
 ( 1.000000000000000000, 0.5146752833616150546, 0.5146752833616150546, 1.000000000000000000),
 ( 0.8047378541243658256, 0.4141786831032760463, 0.4141786831032760463, 0.8047378541243658256),
 ( 0.8047378541243658256, 0.4141786831032760463, 0.4141786831032760463, 0.8047378541243658256),
 ( 1.000000000000000000, 0.5146752833616150546, 0.5146752833616150546, 1.000000000000000000) ) ) 
 REPRESENTATION_ITEM ( '' )  SURFACE ( )  );
#1985 = DIRECTION ( 'NONE',  ( -1.000000000000000000, 0.000000000000000000, 0.000000000000000000 ) ) ;
#1986 = EDGE_CURVE ( 'NONE', #452, #1273, #1890, .T. ) ;
#1987 = CIRCLE ( 'NONE', #204, 2.887500000000000622 ) ;
#1988 = AXIS2_PLACEMENT_3D ( 'NONE', #529, #735, #2018 ) ;
#1989 = MECHANICAL_DESIGN_GEOMETRIC_PRESENTATION_REPRESENTATION (  '', ( #1598 ), #1125 ) ;
#1990 = STYLED_ITEM ( 'NONE', ( #1960 ), #2416 ) ;
#1991 = ORIENTED_EDGE ( 'NONE', *, *, #2396, .T. ) ;
#1992 = CARTESIAN_POINT ( 'NONE',  ( 2.335756687221594241, 1.089036253888330918, 1.020000000000000240 ) ) ;
#1993 = CARTESIAN_POINT ( 'NONE',  ( -2.474690346556352782, -0.05918854708637407563, 1.054525632010977043 ) ) ;
#1994 = CARTESIAN_POINT ( 'NONE',  ( -2.474999999999999645, -0.9931107083591635964, 0.9461787763503310966 ) ) ;
#1995 = CARTESIAN_POINT ( 'NONE',  ( -2.441741066033564778, -0.6760894900838912980, 1.000183865032956199 ) ) ;
#1996 = MECHANICAL_DESIGN_GEOMETRIC_PRESENTATION_REPRESENTATION (  '', ( #687 ), #1131 ) ;
#1997 = CARTESIAN_POINT ( 'NONE',  ( 0.7896878849450863491, -2.467714510081667534, 1.020000000000000240 ) ) ;
#1998 = EDGE_CURVE ( 'NONE', #877, #1784, #1522, .T. ) ;
#1999 = LINE ( 'NONE', #1426, #884 ) ;
#2000 = DIRECTION ( 'NONE',  ( 0.000000000000000000, -0.000000000000000000, 1.000000000000000000 ) ) ;
#2001 = CARTESIAN_POINT ( 'NONE',  ( -2.445710678119018766, 0.9893570008642393887, 0.9907106781182917210 ) ) ;
#2002 =( BOUNDED_CURVE ( )  B_SPLINE_CURVE ( 3, ( #975, #1333, #378, #2096 ),
 .UNSPECIFIED., .F., .T. ) 
 B_SPLINE_CURVE_WITH_KNOTS ( ( 4, 4 ),
 ( 0.000000000000000000, 1.000000000000000000 ),
 .UNSPECIFIED. ) 
 CURVE ( )  GEOMETRIC_REPRESENTATION_ITEM ( )  RATIONAL_B_SPLINE_CURVE ( ( 1.000000000000000000, 0.5146752833616148326, 0.5146752833616148326, 1.000000000000000000 ) ) 
 REPRESENTATION_ITEM ( '' )  );
#2003 = B_SPLINE_CURVE_WITH_KNOTS ( 'NONE', 3,
 ( #302, #708, #116, #1070, #1464, #1293, #2399, #2043, #540, #343, #1857, #893, #1492, #353, #934, #1121, #1876, #1817, #171, #2384, #679, #1438, #312, #2191, #1642, #694, #1453, #1926, #195, #957, #1692, #182, #1913, #2068 ),
 .UNSPECIFIED., .F., .F.,
 ( 4, 1, 1, 2, 2, 2, 1, 1, 2, 2, 2, 1, 1, 2, 2, 2, 1, 1, 2, 2, 4 ),
 ( 0.000000000000000000, 0.06250000000000005551, 0.09375000000000009714, 0.1093750000000001665, 0.1250000000000002220, 0.2500000000000004441, 0.3125000000000006106, 0.3437500000000006661, 0.3593750000000006106, 0.3750000000000005551, 0.5000000000000004441, 0.5625000000000003331, 0.5937500000000003331, 0.6093750000000003331, 0.6250000000000003331, 0.7500000000000002220, 0.8125000000000001110, 0.8437500000000002220, 0.8593750000000003331, 0.8750000000000004441, 1.000000000000000000 ),
 .UNSPECIFIED. ) ;
#2004 = ORIENTED_EDGE ( 'NONE', *, *, #1250, .F. ) ;
#2005 = CARTESIAN_POINT ( 'NONE',  ( -2.473206624620009730, 0.1259545656623291543, 1.057153210293671819 ) ) ;
#2006 = CARTESIAN_POINT ( 'NONE',  ( -2.282766990291259734, -0.9563471482869505547, 1.119999999999999885 ) ) ;
#2007 =( NAMED_UNIT ( * ) SI_UNIT ( $, .STERADIAN. ) SOLID_ANGLE_UNIT ( ) );
#2008 = FILL_AREA_STYLE ('',( #1251 ) ) ;
#2009 = CARTESIAN_POINT ( 'NONE',  ( -2.410845731427085248, -1.011679692477539971, 1.011726993334177704 ) ) ;
#2010 = DIRECTION ( 'NONE',  ( -1.000000000000000000, 0.000000000000000000, 0.000000000000000000 ) ) ;
#2011 = CARTESIAN_POINT ( 'NONE',  ( 2.846078643762690596, -8.673617379884035472E-16, 1.020000000000000018 ) ) ;
#2012 = CARTESIAN_POINT ( 'NONE',  ( -2.433054551493325501, 1.014911585588288867, 1.001116298509807878 ) ) ;
#2013 = EDGE_LOOP ( 'NONE', ( #420, #1341, #2356, #27 ) ) ;
#2014 = CARTESIAN_POINT ( 'NONE',  ( -1.525000000000000133, 0.2549999999999997824, 0.000000000000000000 ) ) ;
#2015 = CARTESIAN_POINT ( 'NONE',  ( -2.455232855346669130, -0.3224981554114517701, 1.119999999999999440 ) ) ;
#2016 = CARTESIAN_POINT ( 'NONE',  ( -2.374057536156685355, -1.517867394108234569, 4.441289104384801575E-06 ) ) ;
#2017 = CARTESIAN_POINT ( 'NONE',  ( -2.374057536156685355, 1.559286910703362672, 0.9785760421157672084 ) ) ;
#2018 = DIRECTION ( 'NONE',  ( -1.000000000000000000, 0.000000000000000000, 0.000000000000000000 ) ) ;
#2019 = VECTOR ( 'NONE', #1537, 1000.000000000000000 ) ;
#2020 = CARTESIAN_POINT ( 'NONE',  ( -2.474506889838666623, 0.06426545826514391824, 1.002608860652685285 ) ) ;
#2021 = CARTESIAN_POINT ( 'NONE',  ( -2.463740307790735162, 0.2704870633580819250, 1.024162162697662248 ) ) ;
#2022 = PRODUCT ( 'Pins', 'Pins', '', ( #1831 ) ) ;
#2023 = CARTESIAN_POINT ( 'NONE',  ( -2.474999999999999645, 0.000000000000000000, 0.9200000000000007061 ) ) ;
#2024 = CIRCLE ( 'NONE', #1324, 0.1000000000000000056 ) ;
#2025 = ORIENTED_EDGE ( 'NONE', *, *, #1806, .F. ) ;
#2026 = PRESENTATION_STYLE_ASSIGNMENT (( #1826 ) ) ;
#2027 = CARTESIAN_POINT ( 'NONE',  ( -2.352405922449002595, -0.7876473127407087604, 1.085664518710687032 ) ) ;
#2028 = DIRECTION ( 'NONE',  ( 0.5235125926430370669, -0.8520179372197309586, 0.000000000000000000 ) ) ;
#2029 = CIRCLE ( 'NONE', #1282, 0.09999999999999982514 ) ;
#2030 = AXIS2_PLACEMENT_3D ( 'NONE', #1101, #123, #506 ) ;
#2031 = FILL_AREA_STYLE_COLOUR ( '', #2180 ) ;
#2032 =( NAMED_UNIT ( * ) PLANE_ANGLE_UNIT ( ) SI_UNIT ( $, .RADIAN. ) );
#2033 = ADVANCED_FACE ( 'NONE', ( #251 ), #212, .T. ) ;
#2034 = CARTESIAN_POINT ( 'NONE',  ( -2.460201793721972674, 1.511642611256771795, 0.9200000000000000400 ) ) ;
#2035 =( LENGTH_UNIT ( ) NAMED_UNIT ( * ) SI_UNIT ( .MILLI., .METRE. ) );
#2036 = SURFACE_STYLE_FILL_AREA ( #887 ) ;
#2037 = CARTESIAN_POINT ( 'NONE',  ( -2.418782831190263494, 0.8777313245449192003, 1.008427387730503666 ) ) ;
#2038 = CARTESIAN_POINT ( 'NONE',  ( -2.460201793721973118, 1.511642611256771573, 0.1000000000000000472 ) ) ;
#2039 = ORIENTED_EDGE ( 'NONE', *, *, #2120, .F. ) ;
#2040 = CARTESIAN_POINT ( 'NONE',  ( -2.400518294919251172, -0.6147289470999859340, 1.085995069037723137 ) ) ;
#2041 = CARTESIAN_POINT ( 'NONE',  ( -2.433072250575702089, -1.559843127752204461, 0.1000000000000001582 ) ) ;
#2042 = CARTESIAN_POINT ( 'NONE',  ( -2.418511977858085693, -0.9968303837740004614, 1.008729444580793944 ) ) ;
#2043 = CARTESIAN_POINT ( 'NONE',  ( 2.553756924747240031, 1.160106925121454857, 1.020000000000000240 ) ) ;
#2044 = CARTESIAN_POINT ( 'NONE',  ( -2.375000000000000000, 0.000000000000000000, 1.020000000000000018 ) ) ;
#2045 = CARTESIAN_POINT ( 'NONE',  ( -2.474999999999999645, 0.8291561975888547265, 0.9200000000000004841 ) ) ;
#2046 = MANIFOLD_SOLID_BREP ( 'N', #728 ) ;
#2047 =( LENGTH_UNIT ( ) NAMED_UNIT ( * ) SI_UNIT ( .MILLI., .METRE. ) );
#2048 = UNCERTAINTY_MEASURE_WITH_UNIT (LENGTH_MEASURE( 1.000000000000000082E-05 ), #1929, 'distance_accuracy_value', 'NONE');
#2049 = CARTESIAN_POINT ( 'NONE',  ( -2.464049970329041273, -0.8084372240296086032, 0.9672100401293345362 ) ) ;
#2050 = EDGE_CURVE ( 'NONE', #1513, #217, #920, .T. ) ;
#2051 = VERTEX_POINT ( 'NONE', #1832 ) ;
#2052 = CARTESIAN_POINT ( 'NONE',  ( -2.375000000000000888, -1.459291351992466401, 0.9200000000000000400 ) ) ;
#2053 = ORIENTED_EDGE ( 'NONE', *, *, #2388, .T. ) ;
#2054 = DIRECTION ( 'NONE',  ( 1.000000000000000000, 2.125886612716674341E-16, 0.000000000000000000 ) ) ;
#2055 = CARTESIAN_POINT ( 'NONE',  ( -2.474482564945795993, -4.710934421482765791E-17, 1.004364377089061566 ) ) ;
#2056 = AXIS2_PLACEMENT_3D ( 'NONE', #1215, #780, #1144 ) ;
#2057 = CARTESIAN_POINT ( 'NONE',  ( 2.887500000000000178, -3.599192026298507763, 0.04142135623730971994 ) ) ;
#2058 = CARTESIAN_POINT ( 'NONE',  ( -2.476892412318819403, -0.1383769842709701159, 0.9499925404815231511 ) ) ;
#2059 = SURFACE_STYLE_USAGE ( .BOTH. , #362 ) ;
#2060 = DIRECTION ( 'NONE',  ( 0.000000000000000000, 0.000000000000000000, 1.000000000000000000 ) ) ;
#2061 = CIRCLE ( 'NONE', #2141, 2.475000000000000089 ) ;
#2062 = ORIENTED_EDGE ( 'NONE', *, *, #143, .T. ) ;
#2063 = SURFACE_STYLE_USAGE ( .BOTH. , #1319 ) ;
#2064 =( LENGTH_UNIT ( ) NAMED_UNIT ( * ) SI_UNIT ( .MILLI., .METRE. ) );
#2065 = CARTESIAN_POINT ( 'NONE',  ( 2.846078643762690152, -3.547561406354684532, 1.020000000000000018 ) ) ;
#2066 =( GEOMETRIC_REPRESENTATION_CONTEXT ( 3 ) GLOBAL_UNCERTAINTY_ASSIGNED_CONTEXT ( ( #2090 ) ) GLOBAL_UNIT_ASSIGNED_CONTEXT ( ( #1033, #446, #106 ) ) REPRESENTATION_CONTEXT ( 'NONE', 'WORKASPACE' ) );
#2067 = VECTOR ( 'NONE', #1923, 1000.000000000000000 ) ;
#2068 = CARTESIAN_POINT ( 'NONE',  ( -2.375000000000000444, 1.459291351992467956, 1.020000000000000240 ) ) ;
#2069 = EDGE_CURVE ( 'NONE', #1760, #742, #275, .T. ) ;
#2070 = PRESENTATION_STYLE_ASSIGNMENT (( #1326 ) ) ;
#2071 = CARTESIAN_POINT ( 'NONE',  ( -2.374999999999998224, 0.9880507920658092580, 1.019999999999999796 ) ) ;
#2072 = UNCERTAINTY_MEASURE_WITH_UNIT (LENGTH_MEASURE( 1.000000000000000082E-05 ), #238, 'distance_accuracy_value', 'NONE');
#2073 = CARTESIAN_POINT ( 'NONE',  ( -2.457092625838081190, -0.9907771441552021274, 0.9793287303991120574 ) ) ;
#2074 = PRESENTATION_STYLE_ASSIGNMENT (( #2059 ) ) ;
#2075 = CARTESIAN_POINT ( 'NONE',  ( 2.475000000000000089, 0.000000000000000000, 1.119999999999999440 ) ) ;
#2076 = EDGE_CURVE ( 'NONE', #1700, #2184, #1303, .T. ) ;
#2077 = CARTESIAN_POINT ( 'NONE',  ( -2.375000000000000000, -1.459291351992467956, 0.9200000000000007061 ) ) ;
#2078 = VERTEX_POINT ( 'NONE', #2235 ) ;
#2079 =( NAMED_UNIT ( * ) SI_UNIT ( $, .STERADIAN. ) SOLID_ANGLE_UNIT ( ) );
#2080 = PLANE ( 'NONE',  #1425 ) ;
#2081 = CARTESIAN_POINT ( 'NONE',  ( -1.015000000000000124, 0.2549999999999998379, -20.54999999999999716 ) ) ;
#2082 = CARTESIAN_POINT ( 'NONE',  ( -2.365500874276424526, 0.8830665755083075830, 1.032355763694713824 ) ) ;
#2083 = FILL_AREA_STYLE_COLOUR ( '', #2272 ) ;
#2084 = EDGE_LOOP ( 'NONE', ( #2342, #1037, #605, #509 ) ) ;
#2085 = CARTESIAN_POINT ( 'NONE',  ( -2.339892591060694471, 0.9258936787917367850, 1.019999999999998019 ) ) ;
#2086 =( NAMED_UNIT ( * ) SI_UNIT ( $, .STERADIAN. ) SOLID_ANGLE_UNIT ( ) );
#2087 = ORIENTED_EDGE ( 'NONE', *, *, #1158, .T. ) ;
#2088 = DIRECTION ( 'NONE',  ( -2.125886612716674341E-16, -1.000000000000000000, 0.000000000000000000 ) ) ;
#2089 =( NAMED_UNIT ( * ) SI_UNIT ( $, .STERADIAN. ) SOLID_ANGLE_UNIT ( ) );
#2090 = UNCERTAINTY_MEASURE_WITH_UNIT (LENGTH_MEASURE( 1.000000000000000082E-05 ), #1033, 'distance_accuracy_value', 'NONE');
#2091 = FILL_AREA_STYLE ('',( #415 ) ) ;
#2092 = MECHANICAL_DESIGN_GEOMETRIC_PRESENTATION_REPRESENTATION (  '', ( #1625 ), #834 ) ;
#2093 = CARTESIAN_POINT ( 'NONE',  ( -2.396645520133422913, 0.6807421444838601676, 1.055702202516929811 ) ) ;
#2094 = MECHANICAL_DESIGN_GEOMETRIC_PRESENTATION_REPRESENTATION (  '', ( #352 ), #1905 ) ;
#2095 = CARTESIAN_POINT ( 'NONE',  ( 2.317027844025427274, -1.557550971450854860, 1.020000000000000462 ) ) ;
#2096 = CARTESIAN_POINT ( 'NONE',  ( 2.787500000000000977, 0.000000000000000000, 2.710505431213761085E-17 ) ) ;
#2097 = ORIENTED_EDGE ( 'NONE', *, *, #451, .F. ) ;
#2098 = CARTESIAN_POINT ( 'NONE',  ( -1.525000000000000133, -0.2550000000000002265, 0.000000000000000000 ) ) ;
#2099 = CARTESIAN_POINT ( 'NONE',  ( -2.335718444338378053, 0.8840881184363484913, 1.057475816663510315 ) ) ;
#2100 = CARTESIAN_POINT ( 'NONE',  ( -2.433072250575702089, -1.518193218510426545, 1.020551775759737323 ) ) ;
#2101 = STYLED_ITEM ( 'NONE', ( #936 ), #1937 ) ;
#2102 =( GEOMETRIC_REPRESENTATION_CONTEXT ( 3 ) GLOBAL_UNCERTAINTY_ASSIGNED_CONTEXT ( ( #2225 ) ) GLOBAL_UNIT_ASSIGNED_CONTEXT ( ( #667, #481, #1058 ) ) REPRESENTATION_CONTEXT ( 'NONE', 'WORKASPACE' ) );
#2103 = PRESENTATION_STYLE_ASSIGNMENT (( #779 ) ) ;
#2104 = EDGE_CURVE ( 'NONE', #1670, #1528, #2232, .T. ) ;
#2105 = AXIS2_PLACEMENT_3D ( 'NONE', #1255, #1071, #2010 ) ;
#2106 = PLANE ( 'NONE',  #564 ) ;
#2107 = VECTOR ( 'NONE', #631, 1000.000000000000000 ) ;
#2108 = COLOUR_RGB ( '',0.2862745098039215508, 0.2862745098039215508, 0.2862745098039215508 ) ;
#2109 = SURFACE_SIDE_STYLE ('',( #1378 ) ) ;
#2110 = PRODUCT_DEFINITION_FORMATION_WITH_SPECIFIED_SOURCE ( 'ANY', '', #699, .NOT_KNOWN. ) ;
#2111 = DIRECTION ( 'NONE',  ( 0.000000000000000000, 1.000000000000000000, 0.000000000000000000 ) ) ;
#2112 = FILL_AREA_STYLE ('',( #1364 ) ) ;
#2113 = ORIENTED_EDGE ( 'NONE', *, *, #2244, .F. ) ;
#2114 = FACE_OUTER_BOUND ( 'NONE', #176, .T. ) ;
#2115 = SURFACE_STYLE_FILL_AREA ( #1732 ) ;
#2116 = CARTESIAN_POINT ( 'NONE',  ( -2.433072250575702089, -1.559843127750443426, 0.9789018665209655579 ) ) ;
#2117 = EDGE_CURVE ( 'NONE', #57, #1784, #2003, .T. ) ;
#2118 = FACE_OUTER_BOUND ( 'NONE', #1331, .T. ) ;
#2119 = CARTESIAN_POINT ( 'NONE',  ( 2.555559912688663005, -1.118336745388133435, 1.019999999999999796 ) ) ;
#2120 = EDGE_CURVE ( 'NONE', #1840, #189, #1816, .T. ) ;
#2121 = ORIENTED_EDGE ( 'NONE', *, *, #1395, .T. ) ;
#2122 = CARTESIAN_POINT ( 'NONE',  ( -2.374999999999999556, 0.9949874371066252943, 1.019999999999999796 ) ) ;
#2123 = CARTESIAN_POINT ( 'NONE',  ( -2.471055286140241503, -0.1614286438520692035, 1.119999999999999440 ) ) ;
#2124 = FACE_OUTER_BOUND ( 'NONE', #2307, .T. ) ;
#2125 = SURFACE_STYLE_FILL_AREA ( #809 ) ;
#2126 = CARTESIAN_POINT ( 'NONE',  ( 2.846078643762691041, 3.547561406354681424, 1.020000000000000018 ) ) ;
#2127 = EDGE_LOOP ( 'NONE', ( #967, #167, #2238, #570 ) ) ;
#2128 = SURFACE_STYLE_USAGE ( .BOTH. , #1928 ) ;
#2129 = PRODUCT_DEFINITION_CONTEXT ( 'detailed design', #1541, 'design' ) ;
#2130 = ADVANCED_FACE ( 'NONE', ( #598 ), #1506, .T. ) ;
#2131 =( NAMED_UNIT ( * ) SI_UNIT ( $, .STERADIAN. ) SOLID_ANGLE_UNIT ( ) );
#2132 = FACE_OUTER_BOUND ( 'NONE', #863, .T. ) ;
#2133 = EDGE_CURVE ( 'NONE', #2051, #435, #1347, .T. ) ;
#2134 = VECTOR ( 'NONE', #1198, 1000.000000000000000 ) ;
#2135 = ORIENTED_EDGE ( 'NONE', *, *, #379, .T. ) ;
#2136 = CARTESIAN_POINT ( 'NONE',  ( -0.3828508350801484439, 2.546451307316640822, 1.020000000000000018 ) ) ;
#2137 = CARTESIAN_POINT ( 'NONE',  ( -2.461161151065295538, -0.2805003703026482942, 1.053572675905265044 ) ) ;
#2138 = AXIS2_PLACEMENT_3D ( 'NONE', #1515, #390, #1906 ) ;
#2139 = CARTESIAN_POINT ( 'NONE',  ( -2.282766990291259290, 0.9563471482869507767, 1.111005694937747590 ) ) ;
#2140 = LINE ( 'NONE', #424, #886 ) ;
#2141 = AXIS2_PLACEMENT_3D ( 'NONE', #1701, #1539, #2299 ) ;
#2142 = SURFACE_STYLE_FILL_AREA ( #1577 ) ;
#2143 = DIRECTION ( 'NONE',  ( -1.000000000000000000, 0.000000000000000000, -0.000000000000000000 ) ) ;
#2144 = EDGE_CURVE ( 'NONE', #1183, #44, #1909, .T. ) ;
#2145 = CARTESIAN_POINT ( 'NONE',  ( -2.433072250575701645, 1.559843127752205127, 0.1000000000000002554 ) ) ;
#2146 = STYLED_ITEM ( 'NONE', ( #460 ), #109 ) ;
#2147 = FACE_OUTER_BOUND ( 'NONE', #1547, .T. ) ;
#2148 = ORIENTED_EDGE ( 'NONE', *, *, #556, .F. ) ;
#2149 = CARTESIAN_POINT ( 'NONE',  ( -2.012717007947638859, 1.606598853736689758, 1.019999999999999796 ) ) ;
#2150 = CARTESIAN_POINT ( 'NONE',  ( -1.525000000000000133, -0.2550000000000002265, -4.000000000000000000 ) ) ;
#2151 = VECTOR ( 'NONE', #427, 1000.000000000000000 ) ;
#2152 = SURFACE_STYLE_FILL_AREA ( #2292 ) ;
#2153 = CARTESIAN_POINT ( 'NONE',  ( -2.344210624238568297, -0.9731467190294467162, 1.026728265166031662 ) ) ;
#2154 = CARTESIAN_POINT ( 'NONE',  ( -2.282766990291259290, 0.9563471482869507767, 1.119999999999999885 ) ) ;
#2155 = CARTESIAN_POINT ( 'NONE',  ( -2.375000000000000000, -1.459291351992467956, 0.9200000000000001510 ) ) ;
#2156 = CARTESIAN_POINT ( 'NONE',  ( -2.390818912929476348, -0.9938385311874845529, 1.017454707443570028 ) ) ;
#2157 = SURFACE_SIDE_STYLE ('',( #1588 ) ) ;
#2158 = FILL_AREA_STYLE_COLOUR ( '', #448 ) ;
#2159 = ORIENTED_EDGE ( 'NONE', *, *, #1422, .F. ) ;
#2160 = UNCERTAINTY_MEASURE_WITH_UNIT (LENGTH_MEASURE( 1.000000000000000082E-05 ), #2375, 'distance_accuracy_value', 'NONE');
#2161 = FILL_AREA_STYLE ('',( #1375 ) ) ;
#2162 = CARTESIAN_POINT ( 'NONE',  ( -2.375000000000000000, 1.459291351992467956, 1.020000000000000018 ) ) ;
#2163 = CARTESIAN_POINT ( 'NONE',  ( -2.442677547463927290, -0.4284175181452232750, 1.045376485332688343 ) ) ;
#2164 = CARTESIAN_POINT ( 'NONE',  ( 1.527978418796736682, -2.075341228780327896, 1.020000000000000018 ) ) ;
#2165 = DIRECTION ( 'NONE',  ( 0.000000000000000000, 0.000000000000000000, 1.000000000000000000 ) ) ;
#2166 = CARTESIAN_POINT ( 'NONE',  ( -2.388234644778865157, -0.9940229158168765178, 1.018062025074133681 ) ) ;
#2167 = CARTESIAN_POINT ( 'NONE',  ( -2.474999999999999645, 0.000000000000000000, 0.9200000000000007061 ) ) ;
#2168 = FILL_AREA_STYLE ('',( #304 ) ) ;
#2169 = SURFACE_SIDE_STYLE ('',( #2354 ) ) ;
#2170 =( BOUNDED_SURFACE ( )  B_SPLINE_SURFACE ( 3, 3, ( 
 ( #1449, #1096, #2016, #2201 ),
 ( #2041, #1081, #902, #1501 ),
 ( #1855, #2240, #2216, #1662 ),
 ( #1828, #2434, #1650, #112 ) ),
 .UNSPECIFIED., .F., .F., .F. ) 
 B_SPLINE_SURFACE_WITH_KNOTS ( ( 4, 4 ),
 ( 4, 4 ),
 ( 0.000000000000000000, 1.000000000000000000 ),
 ( 0.000000000000000000, 1.000000000000000000 ),
 .UNSPECIFIED. ) 
 GEOMETRIC_REPRESENTATION_ITEM ( )  RATIONAL_B_SPLINE_SURFACE ( (
 ( 1.000000000000000000, 0.8047378541243612737, 0.8047378541243612737, 1.000000000000000000),
 ( 0.8025111867385938957, 0.6458111303268105896, 0.6458111303268105896, 0.8025111867385938957),
 ( 0.8025111867385938957, 0.6458111303268105896, 0.6458111303268105896, 0.8025111867385938957),
 ( 1.000000000000000000, 0.8047378541243612737, 0.8047378541243612737, 1.000000000000000000) ) ) 
 REPRESENTATION_ITEM ( '' )  SURFACE ( )  );
#2171 = ORIENTED_EDGE ( 'NONE', *, *, #293, .T. ) ;
#2172 = CARTESIAN_POINT ( 'NONE',  ( 1.241651363712280132, 2.256159863409402888, 1.020000000000000018 ) ) ;
#2173 = CARTESIAN_POINT ( 'NONE',  ( -2.474686701316337611, 4.950170893628155619E-17, 1.054581821928131991 ) ) ;
#2174 = COLOUR_RGB ( '',0.2862745098039215508, 0.2862745098039215508, 0.2862745098039215508 ) ;
#2175 = CARTESIAN_POINT ( 'NONE',  ( -2.337255407337477831, -0.9705858451139544041, 1.030076169357231120 ) ) ;
#2176 =( GEOMETRIC_REPRESENTATION_CONTEXT ( 3 ) GLOBAL_UNCERTAINTY_ASSIGNED_CONTEXT ( ( #1684 ) ) GLOBAL_UNIT_ASSIGNED_CONTEXT ( ( #754, #1344, #2086 ) ) REPRESENTATION_CONTEXT ( 'NONE', 'WORKASPACE' ) );
#2177 = CARTESIAN_POINT ( 'NONE',  ( 1.055908740846879468, -2.366191092879356361, 1.020000000000000684 ) ) ;
#2178 = CARTESIAN_POINT ( 'NONE',  ( -2.375000000000000000, 1.459291351992468178, 0.9200000000000000400 ) ) ;
#2179 = CARTESIAN_POINT ( 'NONE',  ( -0.5560321045410748786, -4.419665745917646049, 1.019999999999999796 ) ) ;
#2180 = COLOUR_RGB ( '',0.2862745098039215508, 0.2862745098039215508, 0.2862745098039215508 ) ;
#2181 = CARTESIAN_POINT ( 'NONE',  ( -2.411140190590792987, 0.8956106867393818227, 1.011391296391762618 ) ) ;
#2182 = DIRECTION ( 'NONE',  ( 0.000000000000000000, 1.000000000000000000, 0.000000000000000000 ) ) ;
#2183 = AXIS2_PLACEMENT_3D ( 'NONE', #311, #554, #372 ) ;
#2184 = VERTEX_POINT ( 'NONE', #2098 ) ;
#2185 = CARTESIAN_POINT ( 'NONE',  ( -2.329465029290328282, 0.8741423871605926710, 1.069752467813698482 ) ) ;
#2186 = CARTESIAN_POINT ( 'NONE',  ( -2.315243215480961680, -0.8788275415572063265, 1.119999999999999885 ) ) ;
#2187 = CARTESIAN_POINT ( 'NONE',  ( -2.473368643389285637, 0.9942898996915102705, 0.9409800772874018504 ) ) ;
#2188 = FACE_OUTER_BOUND ( 'NONE', #976, .T. ) ;
#2189 =( GEOMETRIC_REPRESENTATION_CONTEXT ( 3 ) GLOBAL_UNCERTAINTY_ASSIGNED_CONTEXT ( ( #2160 ) ) GLOBAL_UNIT_ASSIGNED_CONTEXT ( ( #2375, #1445, #711 ) ) REPRESENTATION_CONTEXT ( 'NONE', 'WORKASPACE' ) );
#2190 = CARTESIAN_POINT ( 'NONE',  ( -0.3069500649462357789, -2.556918772715292665, 1.020000000000000240 ) ) ;
#2191 = CARTESIAN_POINT ( 'NONE',  ( -0.4217085760064723243, 2.773028017408337931, 1.020000000000000240 ) ) ;
#2192 = LINE ( 'NONE', #2167, #643 ) ;
#2193 = PLANE ( 'NONE',  #1150 ) ;
#2194 = DIRECTION ( 'NONE',  ( 0.000000000000000000, 0.000000000000000000, 1.000000000000000000 ) ) ;
#2195 = CARTESIAN_POINT ( 'NONE',  ( -2.435641066619651518, 0.6975292336566087936, 1.004313837789546637 ) ) ;
#2196 = FILL_AREA_STYLE ('',( #1446 ) ) ;
#2197 = CARTESIAN_POINT ( 'NONE',  ( -2.474494356134037787, -0.08215921923462751741, 1.016675046651487557 ) ) ;
#2198 = ORIENTED_EDGE ( 'NONE', *, *, #1179, .F. ) ;
#2199 = CARTESIAN_POINT ( 'NONE',  ( -2.452772316976004063, 0.3540018388326778842, 1.070981743494621607 ) ) ;
#2200 =( NAMED_UNIT ( * ) SI_UNIT ( $, .STERADIAN. ) SOLID_ANGLE_UNIT ( ) );
#2201 = CARTESIAN_POINT ( 'NONE',  ( -2.374057536156685799, -1.459291351992466623, 4.441289105146933869E-06 ) ) ;
#2202 = B_SPLINE_CURVE_WITH_KNOTS ( 'NONE', 3,
 ( #1775, #1233, #1994, #73 ),
 .UNSPECIFIED., .F., .F.,
 ( 4, 4 ),
 ( 4.440153290158503277E-05, 1.000000000000000000 ),
 .UNSPECIFIED. ) ;
#2203 = CARTESIAN_POINT ( 'NONE',  ( -2.374057536156685355, 1.517867394108235235, 1.019995558710894867 ) ) ;
#2204 = CARTESIAN_POINT ( 'NONE',  ( -2.445716043634569292, -1.004801725337410634, 0.9907053126027409728 ) ) ;
#2205 = DIRECTION ( 'NONE',  ( 0.000000000000000000, 0.000000000000000000, 1.000000000000000000 ) ) ;
#2206 = FACE_OUTER_BOUND ( 'NONE', #2332, .T. ) ;
#2207 = EDGE_CURVE ( 'NONE', #1745, #1647, #2308, .T. ) ;
#2208 = CARTESIAN_POINT ( 'NONE',  ( -2.471944567730437470, 0.2775312165655507979, 0.9837777657171532519 ) ) ;
#2209 = UNCERTAINTY_MEASURE_WITH_UNIT (LENGTH_MEASURE( 1.000000000000000082E-05 ), #1023, 'distance_accuracy_value', 'NONE');
#2210 = SURFACE_STYLE_USAGE ( .BOTH. , #1011 ) ;
#2211 = EDGE_CURVE ( 'NONE', #1165, #44, #1740, .T. ) ;
#2212 = CARTESIAN_POINT ( 'NONE',  ( -1.867993524814081985, -1.772477331015568369, 1.019999999999999796 ) ) ;
#2213 = CARTESIAN_POINT ( 'NONE',  ( -2.375000000000000000, 1.459291351992467956, 0.9200000000000007061 ) ) ;
#2214 = EDGE_LOOP ( 'NONE', ( #538, #2171, #1825, #1898 ) ) ;
#2215 = SURFACE_STYLE_USAGE ( .BOTH. , #690 ) ;
#2216 = CARTESIAN_POINT ( 'NONE',  ( -2.474999999999999645, -1.493862906742247310, 0.04098266445048921736 ) ) ;
#2217 = CARTESIAN_POINT ( 'NONE',  ( -2.474999999999999645, 1.459291351992467956, 0.9199999999999999289 ) ) ;
#2218 =( GEOMETRIC_REPRESENTATION_CONTEXT ( 3 ) GLOBAL_UNCERTAINTY_ASSIGNED_CONTEXT ( ( #2428 ) ) GLOBAL_UNIT_ASSIGNED_CONTEXT ( ( #227, #994, #1059 ) ) REPRESENTATION_CONTEXT ( 'NONE', 'WORKASPACE' ) );
#2219 = CARTESIAN_POINT ( 'NONE',  ( -2.445721409150119818, -1.020246449810581879, 0.9906999470871902247 ) ) ;
#2220 = DIRECTION ( 'NONE',  ( 0.000000000000000000, -1.000000000000000000, 0.000000000000000000 ) ) ;
#2221 = COLOUR_RGB ( '',0.2862745098039215508, 0.2862745098039215508, 0.2862745098039215508 ) ;
#2222 = CARTESIAN_POINT ( 'NONE',  ( -2.445653371925656572, -0.8244001838105113888, 0.9907679843116548035 ) ) ;
#2223 = SURFACE_SIDE_STYLE ('',( #2036 ) ) ;
#2224 = CARTESIAN_POINT ( 'NONE',  ( -2.440123401233257106, 0.8329069857911111097, 0.9962887307099279610 ) ) ;
#2225 = UNCERTAINTY_MEASURE_WITH_UNIT (LENGTH_MEASURE( 1.000000000000000082E-05 ), #667, 'distance_accuracy_value', 'NONE');
#2226 =( GEOMETRIC_REPRESENTATION_CONTEXT ( 3 ) GLOBAL_UNCERTAINTY_ASSIGNED_CONTEXT ( ( #636 ) ) GLOBAL_UNIT_ASSIGNED_CONTEXT ( ( #350, #141, #180 ) ) REPRESENTATION_CONTEXT ( 'NONE', 'WORKASPACE' ) );
#2227 = CARTESIAN_POINT ( 'NONE',  ( -2.475000000000000089, 0.000000000000000000, 9.269999999999999574 ) ) ;
#2228 = VECTOR ( 'NONE', #2000, 1000.000000000000000 ) ;
#2229 = ORIENTED_EDGE ( 'NONE', *, *, #2324, .F. ) ;
#2230 = CARTESIAN_POINT ( 'NONE',  ( -2.451507586721978438, -0.3603009259333438963, 1.060107079734791347 ) ) ;
#2231 = PRESENTATION_STYLE_ASSIGNMENT (( #340 ) ) ;
#2232 = CIRCLE ( 'NONE', #1988, 2.475000000000000089 ) ;
#2233 =( GEOMETRIC_REPRESENTATION_CONTEXT ( 3 ) GLOBAL_UNCERTAINTY_ASSIGNED_CONTEXT ( ( #1705 ) ) GLOBAL_UNIT_ASSIGNED_CONTEXT ( ( #277, #1207, #1962 ) ) REPRESENTATION_CONTEXT ( 'NONE', 'WORKASPACE' ) );
#2234 = SURFACE_SIDE_STYLE ('',( #504 ) ) ;
#2235 = CARTESIAN_POINT ( 'NONE',  ( -2.375000000000000444, -1.459291351992467289, 2.258754526011467674E-17 ) ) ;
#2236 = CARTESIAN_POINT ( 'NONE',  ( -2.476617346514669915, -2.220693597060359701E-17, 0.9502291175109539578 ) ) ;
#2237 = CARTESIAN_POINT ( 'NONE',  ( -2.474999999999999645, 2.531470935405002273E-32, 6.795000000000000817 ) ) ;
#2238 = ORIENTED_EDGE ( 'NONE', *, *, #1411, .T. ) ;
#2239 = FILL_AREA_STYLE ('',( #339 ) ) ;
#2240 = CARTESIAN_POINT ( 'NONE',  ( -2.474999999999999645, -1.518308687541978230, 0.06542844525022026292 ) ) ;
#2241 = SHAPE_REPRESENTATION ( 'QSD124', ( #2183, #1875, #807 ), #644 ) ;
#2242 = PRESENTATION_STYLE_ASSIGNMENT (( #1068 ) ) ;
#2243 = DIRECTION ( 'NONE',  ( 0.000000000000000000, 0.000000000000000000, 1.000000000000000000 ) ) ;
#2244 = EDGE_CURVE ( 'NONE', #1273, #1908, #1731, .T. ) ;
#2245 = PRESENTATION_STYLE_ASSIGNMENT (( #1086 ) ) ;
#2246 =( NAMED_UNIT ( * ) SI_UNIT ( $, .STERADIAN. ) SOLID_ANGLE_UNIT ( ) );
#2247 = SURFACE_STYLE_USAGE ( .BOTH. , #1270 ) ;
#2248 = B_SPLINE_SURFACE_WITH_KNOTS ( 'NONE', 3, 3, ( 
 ( #1951, #670, #1075, #2390, #2404, #485, #1807, #2001, #2427, #1632, #108 ),
 ( #1244, #334, #1286, #698, #874, #146, #2224, #1795, #1259, #292, #122 ),
 ( #909, #1457, #2021, #1271, #684, #2195, #726, #532, #134, #2012, #1656 ),
 ( #496, #319, #1822, #862, #1061, #307, #2037, #897, #1099, #1090, #1429 ),
 ( #1850, #1484, #1296, #282, #1051, #95, #2181, #2294, #185, #1352, #1695 ),
 ( #765, #1901, #2093, #782, #1509, #2266, #1727, #544, #174, #1544, #1339 ),
 ( #4, #2249, #197, #1682, #2082, #578, #750, #1146, #1161, #2442, #561 ),
 ( #924, #1328, #215, #962, #25, #1918, #2071, #386, #398, #972, #1526 ) ),
 .UNSPECIFIED., .F., .F., .F.,
 ( 4, 2, 2, 4 ),
 ( 4, 2, 2, 3, 4 ),
 ( 0.000000000000000000, 0.2500000000000000000, 0.5000000000000000000, 1.000000000000000000 ),
 ( 0.000000000000000000, 0.2500000000000000000, 0.5000000000000000000, 1.000000000000000000, 1.047834575245792932 ),
 .UNSPECIFIED. ) ;
#2249 = CARTESIAN_POINT ( 'NONE',  ( -2.360276178235702016, 0.8139592220479056062, 1.059079432661253151 ) ) ;
#2250 = UNCERTAINTY_MEASURE_WITH_UNIT (LENGTH_MEASURE( 1.000000000000000082E-05 ), #1474, 'distance_accuracy_value', 'NONE');
#2251 = CARTESIAN_POINT ( 'NONE',  ( -2.474999999999999645, -0.1541717548427963269, 0.9367747983511900411 ) ) ;
#2252 = ORIENTED_EDGE ( 'NONE', *, *, #1439, .F. ) ;
#2253 = CARTESIAN_POINT ( 'NONE',  ( -2.311894666844056090, 0.9626126176948206492, 1.049286328218747899 ) ) ;
#2254 = CARTESIAN_POINT ( 'NONE',  ( -2.374999999999999556, 0.9949874371066252943, 1.019999999999999796 ) ) ;
#2255 = ORIENTED_EDGE ( 'NONE', *, *, #2383, .F. ) ;
#2256 = SURFACE_STYLE_FILL_AREA ( #1503 ) ;
#2257 = ADVANCED_FACE ( 'NONE', ( #2114 ), #462, .T. ) ;
#2258 = LINE ( 'NONE', #892, #1592 ) ;
#2259 = FILL_AREA_STYLE ('',( #539 ) ) ;
#2260 =( LENGTH_UNIT ( ) NAMED_UNIT ( * ) SI_UNIT ( .MILLI., .METRE. ) );
#2261 = FILL_AREA_STYLE_COLOUR ( '', #1829 ) ;
#2262 = DIRECTION ( 'NONE',  ( 0.000000000000000000, -1.000000000000000000, -0.000000000000000000 ) ) ;
#2263 = AXIS2_PLACEMENT_3D ( 'NONE', #1742, #586, #1549 ) ;
#2264 = FILL_AREA_STYLE_COLOUR ( '', #717 ) ;
#2265 = CARTESIAN_POINT ( 'NONE',  ( -2.457377712645998802, 0.4115544124857029029, 1.005158484290078924 ) ) ;
#2266 = CARTESIAN_POINT ( 'NONE',  ( -2.389059117875293570, 0.8798221383258110206, 1.020623723730457844 ) ) ;
#2267 = CIRCLE ( 'NONE', #2306, 0.09999999999999982514 ) ;
#2268 = CARTESIAN_POINT ( 'NONE',  ( -2.474999999999999645, -0.6633249580710838256, 0.9200000000000003730 ) ) ;
#2269 = ORIENTED_EDGE ( 'NONE', *, *, #2244, .T. ) ;
#2270 = FACE_OUTER_BOUND ( 'NONE', #2273, .T. ) ;
#2271 = PRODUCT_RELATED_PRODUCT_CATEGORY ( 'part', '', ( #2022 ) ) ;
#2272 = COLOUR_RGB ( '',0.2862745098039215508, 0.2862745098039215508, 0.2862745098039215508 ) ;
#2273 = EDGE_LOOP ( 'NONE', ( #192, #1246, #391, #701 ) ) ;
#2274 = MECHANICAL_DESIGN_GEOMETRIC_PRESENTATION_REPRESENTATION (  '', ( #160 ), #723 ) ;
#2275 = DIRECTION ( 'NONE',  ( 0.000000000000000000, 1.000000000000000000, 0.000000000000000000 ) ) ;
#2276 = APPLICATION_PROTOCOL_DEFINITION ( 'draft international standard', 'automotive_design', 1998, #2301 ) ;
#2277 = PRESENTATION_LAYER_ASSIGNMENT (  '', '', ( #82 ) ) ;
#2278 = MECHANICAL_DESIGN_GEOMETRIC_PRESENTATION_REPRESENTATION (  '', ( #208 ), #1236 ) ;
#2279 = UNCERTAINTY_MEASURE_WITH_UNIT (LENGTH_MEASURE( 1.000000000000000082E-05 ), #384, 'distance_accuracy_value', 'NONE');
#2280 = PRODUCT_DEFINITION_FORMATION_WITH_SPECIFIED_SOURCE ( 'ANY', '', #1475, .NOT_KNOWN. ) ;
#2281 = UNCERTAINTY_MEASURE_WITH_UNIT (LENGTH_MEASURE( 1.000000000000000082E-05 ), #2035, 'distance_accuracy_value', 'NONE');
#2282 = EDGE_CURVE ( 'NONE', #547, #1853, #1709, .T. ) ;
#2283 = CARTESIAN_POINT ( 'NONE',  ( 2.474999999999999645, -4.949999999999998401, 6.795000000000002593 ) ) ;
#2284 = FACE_OUTER_BOUND ( 'NONE', #1531, .T. ) ;
#2285 = CARTESIAN_POINT ( 'NONE',  ( -1.915538461821673089, -2.025455753764688893, 1.019999999999999796 ) ) ;
#2286 = ORIENTED_EDGE ( 'NONE', *, *, #1338, .F. ) ;
#2287 = ORIENTED_EDGE ( 'NONE', *, *, #1869, .T. ) ;
#2288 = DIRECTION ( 'NONE',  ( -0.000000000000000000, -0.000000000000000000, -1.000000000000000000 ) ) ;
#2289 = CARTESIAN_POINT ( 'NONE',  ( -2.380847154556858580, 0.9945430558588963521, 1.019405840876318026 ) ) ;
#2290 = CARTESIAN_POINT ( 'NONE',  ( 1.014999999999999902, -0.2549999999999998934, -21.55000000000000071 ) ) ;
#2291 = SURFACE_STYLE_FILL_AREA ( #574 ) ;
#2292 = FILL_AREA_STYLE ('',( #2264 ) ) ;
#2293 =( NAMED_UNIT ( * ) PLANE_ANGLE_UNIT ( ) SI_UNIT ( $, .RADIAN. ) );
#2294 = CARTESIAN_POINT ( 'NONE',  ( -2.410910303616962569, 0.9862268256588604398, 1.011653378078214871 ) ) ;
#2295 = CARTESIAN_POINT ( 'NONE',  ( 1.105800932778169265, -2.566367900058008189, 1.019999999999999796 ) ) ;
#2296 = CARTESIAN_POINT ( 'NONE',  ( -1.015000000000000124, 0.2549999999999998934, -4.000000000000000000 ) ) ;
#2297 = LINE ( 'NONE', #785, #2019 ) ;
#2298 = EDGE_LOOP ( 'NONE', ( #1010, #1132, #1153, #1024, #1618 ) ) ;
#2299 = DIRECTION ( 'NONE',  ( -1.000000000000000000, 0.000000000000000000, 0.000000000000000000 ) ) ;
#2300 = FILL_AREA_STYLE ('',( #10 ) ) ;
#2301 = APPLICATION_CONTEXT ( 'automotive_design' ) ;
#2302 = FILL_AREA_STYLE ('',( #794 ) ) ;
#2303 = PRESENTATION_LAYER_ASSIGNMENT (  '', '', ( #1776 ) ) ;
#2304 = CARTESIAN_POINT ( 'NONE',  ( -0.1882550639401693593, -2.781416498975516127, 1.020000000000000462 ) ) ;
#2305 = CARTESIAN_POINT ( 'NONE',  ( 2.475000000000000533, 3.537411333061276864, 1.061421356237308045 ) ) ;
#2306 = AXIS2_PLACEMENT_3D ( 'NONE', #1881, #1668, #1697 ) ;
#2307 = EDGE_LOOP ( 'NONE', ( #565, #1954, #203, #932 ) ) ;
#2308 = LINE ( 'NONE', #407, #2067 ) ;
#2309 = CARTESIAN_POINT ( 'NONE',  ( -2.376954590127089428, 0.9948473146107574827, 1.020000000000000018 ) ) ;
#2310 = STYLED_ITEM ( 'NONE', ( #281 ), #1862 ) ;
#2311 = CARTESIAN_POINT ( 'NONE',  ( -2.475000000000000533, 1.030425744730223636E-16, 1.119999999999999440 ) ) ;
#2312 = STYLED_ITEM ( 'NONE', ( #1961 ), #2033 ) ;
#2313 = DIRECTION ( 'NONE',  ( 0.000000000000000000, 0.000000000000000000, 1.000000000000000000 ) ) ;
#2314 = SURFACE_SIDE_STYLE ('',( #1756 ) ) ;
#2315 =( NAMED_UNIT ( * ) SI_UNIT ( $, .STERADIAN. ) SOLID_ANGLE_UNIT ( ) );
#2316 = CARTESIAN_POINT ( 'NONE',  ( -2.474502216926198983, -0.08215921923462748966, 1.024882159693104589 ) ) ;
#2317 = VECTOR ( 'NONE', #7, 1000.000000000000000 ) ;
#2318 = FILL_AREA_STYLE ('',( #2083 ) ) ;
#2319 = PRESENTATION_LAYER_ASSIGNMENT (  '', '', ( #687 ) ) ;
#2320 =( NAMED_UNIT ( * ) SI_UNIT ( $, .STERADIAN. ) SOLID_ANGLE_UNIT ( ) );
#2321 = ORIENTED_EDGE ( 'NONE', *, *, #1439, .T. ) ;
#2322 = SURFACE_STYLE_USAGE ( .BOTH. , #421 ) ;
#2323 = FILL_AREA_STYLE_COLOUR ( '', #1636 ) ;
#2324 = EDGE_CURVE ( 'NONE', #1700, #1430, #1583, .T. ) ;
#2325 = CARTESIAN_POINT ( 'NONE',  ( 2.887499999999999734, -3.599192026298507763, 0.1000000000000000333 ) ) ;
#2326 = CARTESIAN_POINT ( 'NONE',  ( -2.474999999999999645, -3.031000827889697776E-16, 6.795000000000001705 ) ) ;
#2327 = ORIENTED_EDGE ( 'NONE', *, *, #96, .F. ) ;
#2328 =( LENGTH_UNIT ( ) NAMED_UNIT ( * ) SI_UNIT ( .MILLI., .METRE. ) );
#2329 = CARTESIAN_POINT ( 'NONE',  ( -1.303815247397895671, -2.483331262408919660, 1.020000000000000018 ) ) ;
#2330 = CARTESIAN_POINT ( 'NONE',  ( 1.015000000000000124, 0.2549999999999996714, -4.000000000000000000 ) ) ;
#2331 = UNCERTAINTY_MEASURE_WITH_UNIT (LENGTH_MEASURE( 1.000000000000000082E-05 ), #2064, 'distance_accuracy_value', 'NONE');
#2332 = EDGE_LOOP ( 'NONE', ( #294, #1809, #522, #2367 ) ) ;
#2333 = CARTESIAN_POINT ( 'NONE',  ( -2.460201793721972674, 1.511642611256772017, 0.04142135623730955341 ) ) ;
#2334 =( LENGTH_UNIT ( ) NAMED_UNIT ( * ) SI_UNIT ( .MILLI., .METRE. ) );
#2335 = CARTESIAN_POINT ( 'NONE',  ( -2.344210624238569629, 0.9731467190294461611, 1.026728265166031662 ) ) ;
#2336 = CARTESIAN_POINT ( 'NONE',  ( -2.430948319155772364, -0.5503111450535987936, 1.030772134760713721 ) ) ;
#2337 = CARTESIAN_POINT ( 'NONE',  ( 2.846078643762690596, -3.547561406354683200, 2.794626921907541672E-16 ) ) ;
#2338 = SURFACE_STYLE_USAGE ( .BOTH. , #1048 ) ;
#2339 = FILL_AREA_STYLE_COLOUR ( '', #1164 ) ;
#2340 = CARTESIAN_POINT ( 'NONE',  ( -2.357748107971528118, -0.8045824465054302044, 1.062253104336227549 ) ) ;
#2341 = CARTESIAN_POINT ( 'NONE',  ( -2.375000000000000444, -1.459291351992467289, 1.020000000000000240 ) ) ;
#2342 = ORIENTED_EDGE ( 'NONE', *, *, #1179, .T. ) ;
#2343 = CARTESIAN_POINT ( 'NONE',  ( 2.887500000000001066, 3.599192026298507319, 0.1000000000000000333 ) ) ;
#2344 = FACE_OUTER_BOUND ( 'NONE', #1142, .T. ) ;
#2345 = CARTESIAN_POINT ( 'NONE',  ( -2.317414125489104304, 0.9641627461005469746, 1.043595549515579757 ) ) ;
#2346 = COLOUR_RGB ( '',0.2862745098039215508, 0.2862745098039215508, 0.2862745098039215508 ) ;
#2347 = FACE_OUTER_BOUND ( 'NONE', #1417, .T. ) ;
#2348 = CARTESIAN_POINT ( 'NONE',  ( -2.363791619932063881, -0.8629346745835929644, 1.038399553275336507 ) ) ;
#2349 = CARTESIAN_POINT ( 'NONE',  ( -2.317302750572448833, 0.8762219046495582919, 1.102737000112590682 ) ) ;
#2350 = COLOUR_RGB ( '',0.8039215686274510109, 0.8039215686274510109, 0.8039215686274510109 ) ;
#2351 = MECHANICAL_DESIGN_GEOMETRIC_PRESENTATION_REPRESENTATION (  '', ( #2310 ), #1868 ) ;
#2352 = CARTESIAN_POINT ( 'NONE',  ( 2.787500000000000977, 3.474544683396393108, 1.020000000000000018 ) ) ;
#2353 = CARTESIAN_POINT ( 'NONE',  ( -2.462508950723087509, -0.3288889025949607303, 1.007888630312148370 ) ) ;
#2354 = SURFACE_STYLE_FILL_AREA ( #1964 ) ;
#2355 = CARTESIAN_POINT ( 'NONE',  ( -2.375000000000000000, 1.459291351992467956, 0.9199999999999999289 ) ) ;
#2356 = ORIENTED_EDGE ( 'NONE', *, *, #104, .T. ) ;
#2357 = CARTESIAN_POINT ( 'NONE',  ( -2.424910055223817196, 1.489958009662187166, 5.779701605339381598E-17 ) ) ;
#2358 = SURFACE_STYLE_FILL_AREA ( #855 ) ;
#2359 = CARTESIAN_POINT ( 'NONE',  ( -2.445710267130992488, 0.9893570425309060612, 0.9907110890919857971 ) ) ;
#2360 = CARTESIAN_POINT ( 'NONE',  ( -2.375000000000000444, 1.459291351992467956, 2.032879073410320814E-17 ) ) ;
#2361 = CARTESIAN_POINT ( 'NONE',  ( -2.474494356134037787, -0.08215921923462751741, 1.016675046651487557 ) ) ;
#2362 = CARTESIAN_POINT ( 'NONE',  ( -2.396568367647353259, 0.6250652129515570365, 1.103794890465456646 ) ) ;
#2363 = CARTESIAN_POINT ( 'NONE',  ( -2.474999999999999645, 1.493862906742247754, 0.04098266445048900919 ) ) ;
#2364 = SURFACE_STYLE_USAGE ( .BOTH. , #2169 ) ;
#2365 = ADVANCED_FACE ( 'NONE', ( #1634 ), #342, .T. ) ;
#2366 = DIRECTION ( 'NONE',  ( -1.000000000000000000, 4.251773225433354598E-16, 0.000000000000000000 ) ) ;
#2367 = ORIENTED_EDGE ( 'NONE', *, *, #293, .F. ) ;
#2368 = CARTESIAN_POINT ( 'NONE',  ( 1.178393388262920949, 2.289890707441493589, 1.020000000000000240 ) ) ;
#2369 = CARTESIAN_POINT ( 'NONE',  ( -2.282766990291259290, 0.9563471482869507767, 1.111005694937747590 ) ) ;
#2370 =( LENGTH_UNIT ( ) NAMED_UNIT ( * ) SI_UNIT ( .MILLI., .METRE. ) );
#2371 =( NAMED_UNIT ( * ) SI_UNIT ( $, .STERADIAN. ) SOLID_ANGLE_UNIT ( ) );
#2372 = CARTESIAN_POINT ( 'NONE',  ( 1.369601757038071854, -2.180657406570251311, 1.020000000000000018 ) ) ;
#2373 =( LENGTH_UNIT ( ) NAMED_UNIT ( * ) SI_UNIT ( .MILLI., .METRE. ) );
#2374 = CARTESIAN_POINT ( 'NONE',  ( 2.787500000000000977, 0.000000000000000000, 1.020000000000000018 ) ) ;
#2375 =( LENGTH_UNIT ( ) NAMED_UNIT ( * ) SI_UNIT ( .MILLI., .METRE. ) );
#2376 = ORIENTED_EDGE ( 'NONE', *, *, #222, .F. ) ;
#2377 =( LENGTH_UNIT ( ) NAMED_UNIT ( * ) SI_UNIT ( .MILLI., .METRE. ) );
#2378 = CARTESIAN_POINT ( 'NONE',  ( -2.391597863159395043, -0.6424216916254438248, 1.119999999999999885 ) ) ;
#2379 = FILL_AREA_STYLE ('',( #664 ) ) ;
#2380 = CARTESIAN_POINT ( 'NONE',  ( -2.474999999999999645, 1.459291351992467956, 0.9199999999999999289 ) ) ;
#2381 = CARTESIAN_POINT ( 'NONE',  ( -2.471067272467107223, -0.1641913059694231625, 1.013646911492853020 ) ) ;
#2382 = CARTESIAN_POINT ( 'NONE',  ( 1.895137041802090749, -1.750055322408163416, 1.020000000000000018 ) ) ;
#2383 = EDGE_CURVE ( 'NONE', #1853, #1273, #1143, .T. ) ;
#2384 = CARTESIAN_POINT ( 'NONE',  ( 0.1467337872444602620, 2.785455965333146988, 1.019999999999999796 ) ) ;
#2385 = DIRECTION ( 'NONE',  ( 1.000000000000000000, 0.000000000000000000, -0.000000000000000000 ) ) ;
#2386 = PRESENTATION_LAYER_ASSIGNMENT (  '', '', ( #764 ) ) ;
#2387 = DIRECTION ( 'NONE',  ( 0.000000000000000000, 1.000000000000000000, 0.000000000000000000 ) ) ;
#2388 = EDGE_CURVE ( 'NONE', #1380, #877, #236, .T. ) ;
#2389 = AXIS2_PLACEMENT_3D ( 'NONE', #775, #2288, #584 ) ;
#2390 = CARTESIAN_POINT ( 'NONE',  ( -2.462508950723086620, 0.3288889025949606748, 1.007888630312149036 ) ) ;
#2391 = CARTESIAN_POINT ( 'NONE',  ( -1.733531938244142534, -1.906994043847909159, 1.020000000000000018 ) ) ;
#2392 = VERTEX_POINT ( 'NONE', #157 ) ;
#2393 =( NAMED_UNIT ( * ) PLANE_ANGLE_UNIT ( ) SI_UNIT ( $, .RADIAN. ) );
#2394 = CARTESIAN_POINT ( 'NONE',  ( -2.475000000000000089, 1.518308687541978452, 0.9545715547497791720 ) ) ;
#2395 = ORIENTED_EDGE ( 'NONE', *, *, #2069, .T. ) ;
#2396 = EDGE_CURVE ( 'NONE', #57, #1380, #1197, .T. ) ;
#2397 = CARTESIAN_POINT ( 'NONE',  ( -2.377687748632598908, -0.9910077854276835296, 1.020000000000000240 ) ) ;
#2398 = CARTESIAN_POINT ( 'NONE',  ( -2.475000000000000533, 0.07310427049759418705, 1.103072962146340430 ) ) ;
#2399 = CARTESIAN_POINT ( 'NONE',  ( 2.662309913866664157, 0.8268846068157118534, 1.019999999999999796 ) ) ;
#2400 = ADVANCED_FACE ( 'NONE', ( #1245 ), #1984, .T. ) ;
#2401 = CARTESIAN_POINT ( 'NONE',  ( -2.374999999999999556, -0.9949874371066250722, 1.019999999999999796 ) ) ;
#2402 = CARTESIAN_POINT ( 'NONE',  ( -2.469647904631960600, 0.3596130639865712242, 0.9816017804741201669 ) ) ;
#2403 = EDGE_CURVE ( 'NONE', #85, #1976, #2140, .T. ) ;
#2404 = CARTESIAN_POINT ( 'NONE',  ( -2.457377712645999246, 0.4115544124857029029, 1.005158484290078924 ) ) ;
#2405 = CARTESIAN_POINT ( 'NONE',  ( -2.474621726005496569, -1.112150820055900397E-16, 0.9867439106797468718 ) ) ;
#2406 = ORIENTED_EDGE ( 'NONE', *, *, #1400, .T. ) ;
#2407 = CARTESIAN_POINT ( 'NONE',  ( -2.311894666844056090, -0.9626126176948203161, 1.049286328218748121 ) ) ;
#2408 = CARTESIAN_POINT ( 'NONE',  ( -2.433072250575702089, 1.559843127752204461, 0.9199999999999998179 ) ) ;
#2409 = ORIENTED_EDGE ( 'NONE', *, *, #1512, .F. ) ;
#2410 =( NAMED_UNIT ( * ) PLANE_ANGLE_UNIT ( ) SI_UNIT ( $, .RADIAN. ) );
#2411 = CARTESIAN_POINT ( 'NONE',  ( -0.9363942876203147359, -2.418115171109734174, 1.020000000000000018 ) ) ;
#2412 =( LENGTH_UNIT ( ) NAMED_UNIT ( * ) SI_UNIT ( .MILLI., .METRE. ) );
#2413 = LINE ( 'NONE', #2044, #1676 ) ;
#2414 = CARTESIAN_POINT ( 'NONE',  ( -2.474999999999999645, 0.4008427723786787689, 0.9349164178136498693 ) ) ;
#2415 = CARTESIAN_POINT ( 'NONE',  ( -1.907792543590940859, -1.729525515239794142, 1.020000000000000240 ) ) ;
#2416 = ADVANCED_FACE ( 'NONE', ( #1007 ), #225, .T. ) ;
#2417 = DIRECTION ( 'NONE',  ( -0.000000000000000000, -0.000000000000000000, -1.000000000000000000 ) ) ;
#2418 = ORIENTED_EDGE ( 'NONE', *, *, #222, .T. ) ;
#2419 = CARTESIAN_POINT ( 'NONE',  ( -2.472685510802996589, 0.1320338645621026985, 1.042974343526371195 ) ) ;
#2420 = FACE_OUTER_BOUND ( 'NONE', #223, .T. ) ;
#2421 = CARTESIAN_POINT ( 'NONE',  ( 2.887500000000000622, 0.000000000000000000, 0.9200000000000000400 ) ) ;
#2422 = APPLICATION_PROTOCOL_DEFINITION ( 'draft international standard', 'automotive_design', 1998, #345 ) ;
#2423 = DIRECTION ( 'NONE',  ( -1.000000000000000000, 0.000000000000000000, 0.000000000000000000 ) ) ;
#2424 = CARTESIAN_POINT ( 'NONE',  ( -2.344210624238568297, -0.9731467190294467162, 1.026728265166031662 ) ) ;
#2425 = CARTESIAN_POINT ( 'NONE',  ( -2.473260108550794811, 0.06406331762325974399, 1.090230780210217798 ) ) ;
#2426 = CARTESIAN_POINT ( 'NONE',  ( -2.474999999999999645, 0.3170102961056602275, 0.9356767413757514085 ) ) ;
#2427 = CARTESIAN_POINT ( 'NONE',  ( -2.445716160553855545, 1.005138279419565350, 0.9907051956834546091 ) ) ;
#2428 = UNCERTAINTY_MEASURE_WITH_UNIT (LENGTH_MEASURE( 1.000000000000000082E-05 ), #227, 'distance_accuracy_value', 'NONE');
#2429 = CARTESIAN_POINT ( 'NONE',  ( -2.471944567730437470, -0.2775312165655509089, 0.9837777657171528078 ) ) ;
#2430 =( GEOMETRIC_REPRESENTATION_CONTEXT ( 3 ) GLOBAL_UNCERTAINTY_ASSIGNED_CONTEXT ( ( #1137 ) ) GLOBAL_UNIT_ASSIGNED_CONTEXT ( ( #2412, #1678, #2439 ) ) REPRESENTATION_CONTEXT ( 'NONE', 'WORKASPACE' ) );
#2431 = EDGE_CURVE ( 'NONE', #1579, #1864, #165, .T. ) ;
#2432 = ORIENTED_EDGE ( 'NONE', *, *, #894, .F. ) ;
#2433 = CARTESIAN_POINT ( 'NONE',  ( -2.452772316976004952, -0.3540018388326774956, 1.070981743494620941 ) ) ;
#2434 = CARTESIAN_POINT ( 'NONE',  ( -2.474999999999999645, -1.459291351992467733, 0.1000000000000000611 ) ) ;
#2435 = AXIS2_PLACEMENT_3D ( 'NONE', #1899, #2313, #1743 ) ;
#2436 = MECHANICAL_DESIGN_GEOMETRIC_PRESENTATION_REPRESENTATION (  '', ( #279 ), #1283 ) ;
#2437 = CARTESIAN_POINT ( 'NONE',  ( -0.5759794446142977309, -4.578218777161329633, 0.9785786437626906586 ) ) ;
#2438 = VECTOR ( 'NONE', #177, 1000.000000000000000 ) ;
#2439 =( NAMED_UNIT ( * ) SI_UNIT ( $, .STERADIAN. ) SOLID_ANGLE_UNIT ( ) );
#2440 = FACE_OUTER_BOUND ( 'NONE', #2298, .T. ) ;
#2441 = CARTESIAN_POINT ( 'NONE',  ( -2.445653371925656572, 0.8244001838105118329, 0.9907679843116548035 ) ) ;
#2442 = CARTESIAN_POINT ( 'NONE',  ( -2.377685448715215699, 0.9902366924119242464, 1.020000000000000240 ) ) ;
#2443 = CARTESIAN_POINT ( 'NONE',  ( -2.263557328785638756, -1.260997171765963598, 1.020000000000000240 ) ) ;
#2444 = CARTESIAN_POINT ( 'NONE',  ( -2.457368390478843256, -0.6333335819936273259, 0.9841846808729265428 ) ) ;
#2445 = FILL_AREA_STYLE ('',( #928 ) ) ;
#2446 = SURFACE_STYLE_FILL_AREA ( #1688 ) ;
#2447 = EDGE_LOOP ( 'NONE', ( #1127, #672, #1638, #1285 ) ) ;
#2448 = PRESENTATION_STYLE_ASSIGNMENT (( #1674 ) ) ;
#2449 = SURFACE_STYLE_FILL_AREA ( #2259 ) ;
#2450 = SURFACE_STYLE_USAGE ( .BOTH. , #747 ) ;
#2451 = CARTESIAN_POINT ( 'NONE',  ( -2.375000000000000444, 1.459291351992467956, 2.032879073410320814E-17 ) ) ;
#2452 = CARTESIAN_POINT ( 'NONE',  ( -2.474516797556877812, 0.1280019726495441879, 0.9862622375316253409 ) ) ;
#2453 = CARTESIAN_POINT ( 'NONE',  ( 0.000000000000000000, 0.000000000000000000, 1.119999999999999440 ) ) ;
#2454 = CARTESIAN_POINT ( 'NONE',  ( -0.5759794446142962876, -4.578218777161327857, 0.04142135623730972688 ) ) ;
#2455 = UNCERTAINTY_MEASURE_WITH_UNIT (LENGTH_MEASURE( 1.000000000000000082E-05 ), #1767, 'distance_accuracy_value', 'NONE');
#2456 = CARTESIAN_POINT ( 'NONE',  ( 0.000000000000000000, 0.000000000000000000, 1.119999999999999440 ) ) ;
#2457 = ORIENTED_EDGE ( 'NONE', *, *, #1444, .F. ) ;
#2458 = NEXT_ASSEMBLY_USAGE_OCCURRENCE ( 'NAUO1', ' ', ' ', #383, #431, $ ) ;
#2459 = NEXT_ASSEMBLY_USAGE_OCCURRENCE ( 'NAUO2', ' ', ' ', #383, #237, $ ) ;
ENDSEC;
END-ISO-10303-21;
